# Phase 90 uttarakhand_finite_height_buildings
v 10.000000 0.000000 4590.054199
v 0.000000 10.000000 4589.884766
v 0.000000 1550.000000 3979.419678
v 30.000000 1580.000000 3937.283936
v 60.000000 1580.000000 3903.328125
v 70.000000 1570.000000 3898.597412
v 130.000000 1570.000000 3810.044434
v 140.000000 1580.000000 3796.025879
v 160.000000 1580.000000 3777.920654
v 170.000000 1590.000000 3771.575684
v 240.000000 1590.000000 3733.577637
v 250.000000 1600.000000 3722.817627
v 280.000000 1600.000000 3691.770752
v 290.000000 1610.000000 3674.065674
v 310.000000 1610.000000 3647.711426
v 320.000000 1620.000000 3629.843994
v 330.000000 1620.000000 3617.554199
v 340.000000 1630.000000 3601.556641
v 400.000000 1630.000000 3553.831787
v 410.000000 1640.000000 3540.864746
v 420.000000 1640.000000 3531.497314
v 430.000000 1650.000000 3515.578857
v 530.000000 1650.000000 3431.222900
v 540.000000 1640.000000 3429.175537
v 550.000000 1640.000000 3423.333252
v 570.000000 1620.000000 3419.565430
v 570.000000 1610.000000 3424.087158
v 600.000000 1580.000000 3420.976562
v 610.000000 1580.000000 3415.031250
v 620.000000 1570.000000 3412.952148
v 630.000000 1570.000000 3405.874268
v 650.000000 1550.000000 3401.901123
v 660.000000 1550.000000 3395.258545
v 670.000000 1540.000000 3396.497803
v 680.000000 1540.000000 3392.295898
v 690.000000 1530.000000 3393.108643
v 710.000000 1530.000000 3386.615234
v 720.000000 1520.000000 3386.787842
v 730.000000 1520.000000 3382.573730
v 740.000000 1510.000000 3382.506348
v 760.000000 1510.000000 3375.191650
v 770.000000 1500.000000 3374.782959
v 810.000000 1500.000000 3355.978760
v 820.000000 1510.000000 3348.681885
v 820.000000 1520.000000 3346.235596
v 800.000000 1540.000000 3348.122070
v 790.000000 1540.000000 3351.443359
v 750.000000 1580.000000 3349.947510
v 750.000000 1600.000000 3348.708008
v 740.000000 1610.000000 3350.828857
v 740.000000 1620.000000 3350.177246
v 700.000000 1660.000000 3356.121094
v 690.000000 1660.000000 3358.066406
v 680.000000 1670.000000 3358.847656
v 670.000000 1670.000000 3361.119385
v 660.000000 1680.000000 3362.479736
v 670.000000 1690.000000 3359.956543
v 680.000000 1690.000000 3358.335938
v 690.000000 1700.000000 3356.493164
v 700.000000 1700.000000 3354.583008
v 710.000000 1710.000000 3352.679688
v 730.000000 1710.000000 3350.759766
v 740.000000 1720.000000 3351.409912
v 750.000000 1720.000000 3350.736328
v 760.000000 1730.000000 3351.343262
v 820.000000 1730.000000 3332.095459
v 830.000000 1720.000000 3332.362793
v 840.000000 1720.000000 3331.659180
v 840.000000 1710.000000 3331.069580
v 850.000000 1700.000000 3329.519775
v 850.000000 1690.000000 3332.601074
v 870.000000 1670.000000 3331.803223
v 870.000000 1660.000000 3332.164307
v 890.000000 1640.000000 3328.667480
v 890.000000 1630.000000 3328.867432
v 900.000000 1620.000000 3327.573975
v 900.000000 1600.000000 3328.136963
v 910.000000 1590.000000 3326.907715
v 910.000000 1570.000000 3326.456543
v 920.000000 1560.000000 3324.781738
v 920.000000 1550.000000 3324.189453
v 910.000000 1540.000000 3325.209473
v 910.000000 1530.000000 3325.511963
v 880.000000 1500.000000 3333.307129
v 880.000000 1490.000000 3335.942627
v 930.000000 1440.000000 3338.474365
v 930.000000 1430.000000 3340.448242
v 950.000000 1410.000000 3339.961182
v 950.000000 1330.000000 3395.797363
v 940.000000 1320.000000 3401.629639
v 940.000000 1300.000000 3414.063232
v 930.000000 1290.000000 3418.546631
v 930.000000 1280.000000 3423.927979
v 940.000000 1270.000000 3432.214600
v 940.000000 1260.000000 3437.972412
v 950.000000 1250.000000 3447.555664
v 950.000000 1240.000000 3453.735596
v 960.000000 1230.000000 3459.373291
v 960.000000 1220.000000 3464.498779
v 980.000000 1200.000000 3468.347656
v 980.000000 1190.000000 3472.318848
v 990.000000 1180.000000 3471.248535
v 990.000000 1170.000000 3469.974609
v 1000.000000 1160.000000 3462.459961
v 1000.000000 1120.000000 3461.147461
v 990.000000 1110.000000 3466.859863
v 990.000000 1100.000000 3471.678467
v 960.000000 1070.000000 3489.249023
v 960.000000 1060.000000 3494.051514
v 950.000000 1060.000000 3495.666992
v 940.000000 1050.000000 3501.595215
v 900.000000 1050.000000 3514.698242
v 890.000000 1060.000000 3513.166992
v 880.000000 1060.000000 3515.997559
v 850.000000 1030.000000 3556.087158
v 850.000000 1020.000000 3568.345947
v 840.000000 1010.000000 3588.392578
v 840.000000 1000.000000 3602.281494
v 830.000000 990.000000 3621.145996
v 830.000000 940.000000 3681.945312
v 820.000000 930.000000 3698.551758
v 820.000000 920.000000 3706.054932
v 810.000000 910.000000 3716.977783
v 810.000000 840.000000 3754.456787
v 820.000000 830.000000 3757.519043
v 820.000000 810.000000 3764.322754
v 830.000000 800.000000 3766.354004
v 820.000000 790.000000 3773.227051
v 820.000000 770.000000 3782.675537
v 810.000000 760.000000 3788.829346
v 810.000000 680.000000 3836.174072
v 820.000000 670.000000 3841.943848
v 820.000000 640.000000 3861.606934
v 830.000000 630.000000 3867.311279
v 830.000000 620.000000 3874.561768
v 820.000000 610.000000 3884.441406
v 820.000000 600.000000 3892.672852
v 810.000000 590.000000 3902.073730
v 810.000000 570.000000 3913.111084
v 800.000000 560.000000 3920.992676
v 800.000000 540.000000 3934.698486
v 790.000000 530.000000 3943.243652
v 790.000000 510.000000 3961.597900
v 720.000000 440.000000 3994.429443
v 720.000000 430.000000 4003.553467
v 700.000000 410.000000 4028.172607
v 690.000000 410.000000 4032.306885
v 680.000000 400.000000 4051.426758
v 670.000000 400.000000 4059.212891
v 660.000000 390.000000 4075.772217
v 650.000000 390.000000 4080.083740
v 610.000000 350.000000 4115.876465
v 610.000000 310.000000 4156.165039
v 600.000000 300.000000 4167.719727
v 600.000000 290.000000 4178.091797
v 580.000000 270.000000 4196.388184
v 570.000000 270.000000 4197.060547
v 560.000000 260.000000 4204.215820
v 550.000000 260.000000 4201.899414
v 540.000000 250.000000 4204.683105
v 540.000000 210.000000 4221.937012
v 550.000000 200.000000 4229.616699
v 550.000000 190.000000 4234.200684
v 610.000000 130.000000 4292.290039
v 620.000000 130.000000 4290.407227
v 680.000000 70.000000 4318.571289
v 700.000000 70.000000 4320.046387
v 710.000000 60.000000 4329.603516
v 740.000000 60.000000 4336.614258
v 750.000000 50.000000 4350.302734
v 800.000000 50.000000 4371.735840
v 810.000000 40.000000 4385.106934
v 820.000000 40.000000 4387.653320
v 840.000000 60.000000 4372.863281
v 850.000000 60.000000 4374.281250
v 890.000000 100.000000 4340.740234
v 900.000000 100.000000 4341.543457
v 910.000000 110.000000 4333.478516
v 920.000000 110.000000 4333.606934
v 930.000000 120.000000 4325.326660
v 940.000000 120.000000 4323.827148
v 950.000000 130.000000 4312.654297
v 960.000000 130.000000 4310.080078
v 990.000000 160.000000 4269.394043
v 1000.000000 160.000000 4270.248535
v 1010.000000 170.000000 4264.220703
v 1030.000000 170.000000 4269.443848
v 1040.000000 180.000000 4267.997559
v 1160.000000 180.000000 4276.048340
v 1170.000000 190.000000 4258.311523
v 1220.000000 190.000000 4201.844238
v 1230.000000 180.000000 4198.925781
v 1240.000000 180.000000 4189.520020
v 1260.000000 160.000000 4190.495117
v 1270.000000 160.000000 4184.029297
v 1290.000000 140.000000 4184.184082
v 1300.000000 140.000000 4178.946289
v 1330.000000 110.000000 4177.525879
v 1340.000000 110.000000 4173.461914
v 1350.000000 100.000000 4174.455566
v 1360.000000 100.000000 4171.008789
v 1370.000000 90.000000 4174.604980
v 1380.000000 90.000000 4173.066895
v 1390.000000 80.000000 4178.326660
v 1410.000000 80.000000 4180.408203
v 1420.000000 70.000000 4190.382812
v 1440.000000 70.000000 4192.881348
v 1450.000000 80.000000 4184.369141
v 1460.000000 80.000000 4184.828125
v 1470.000000 90.000000 4177.192383
v 1470.000000 100.000000 4169.214844
v 1520.000000 150.000000 4146.095703
v 1520.000000 160.000000 4139.332520
v 1540.000000 180.000000 4138.645996
v 1550.000000 180.000000 4144.944824
v 1560.000000 190.000000 4146.388184
v 1580.000000 190.000000 4157.198730
v 1590.000000 200.000000 4156.814941
v 1630.000000 200.000000 4161.563477
v 1640.000000 190.000000 4161.554688
v 1650.000000 190.000000 4160.073242
v 1670.000000 170.000000 4157.661133
v 1670.000000 160.000000 4157.736816
v 1680.000000 150.000000 4154.841797
v 1680.000000 140.000000 4154.009277
v 1700.000000 120.000000 4137.176270
v 1700.000000 110.000000 4131.589355
v 1710.000000 100.000000 4119.733398
v 1710.000000 90.000000 4112.035645
v 1770.000000 30.000000 4037.544678
v 1780.000000 30.000000 4032.264893
v 1790.000000 20.000000 4023.492188
v 1780.000000 20.000000 4027.299805
v 1760.000000 0.000000 4029.217773
v 890.000000 0.000000 4419.612305
v 880.000000 10.000000 4408.641113
v 870.000000 10.000000 4408.330566
v 860.000000 20.000000 4401.823730
v 790.000000 20.000000 4388.672852
v 780.000000 10.000000 4389.353027
v 600.000000 10.000000 4373.524902
v 590.000000 0.000000 4380.617676
v 10.000000 0.000000 4600.366437
v 0.000000 10.000000 4600.197003
v 0.000000 1550.000000 3989.731915
v 30.000000 1580.000000 3947.596173
v 60.000000 1580.000000 3913.640363
v 70.000000 1570.000000 3908.909650
v 130.000000 1570.000000 3820.356671
v 140.000000 1580.000000 3806.338117
v 160.000000 1580.000000 3788.232892
v 170.000000 1590.000000 3781.887921
v 240.000000 1590.000000 3743.889874
v 250.000000 1600.000000 3733.129865
v 280.000000 1600.000000 3702.082990
v 290.000000 1610.000000 3684.377912
v 310.000000 1610.000000 3658.023664
v 320.000000 1620.000000 3640.156232
v 330.000000 1620.000000 3627.866437
v 340.000000 1630.000000 3611.868878
v 400.000000 1630.000000 3564.144025
v 410.000000 1640.000000 3551.176984
v 420.000000 1640.000000 3541.809552
v 430.000000 1650.000000 3525.891095
v 530.000000 1650.000000 3441.535138
v 540.000000 1640.000000 3439.487775
v 550.000000 1640.000000 3433.645490
v 570.000000 1620.000000 3429.877667
v 570.000000 1610.000000 3434.399396
v 600.000000 1580.000000 3431.288800
v 610.000000 1580.000000 3425.343488
v 620.000000 1570.000000 3423.264386
v 630.000000 1570.000000 3416.186505
v 650.000000 1550.000000 3412.213361
v 660.000000 1550.000000 3405.570783
v 670.000000 1540.000000 3406.810040
v 680.000000 1540.000000 3402.608136
v 690.000000 1530.000000 3403.420880
v 710.000000 1530.000000 3396.927472
v 720.000000 1520.000000 3397.100080
v 730.000000 1520.000000 3392.885968
v 740.000000 1510.000000 3392.818585
v 760.000000 1510.000000 3385.503888
v 770.000000 1500.000000 3385.095197
v 810.000000 1500.000000 3366.290998
v 820.000000 1510.000000 3358.994123
v 820.000000 1520.000000 3356.547833
v 800.000000 1540.000000 3358.434308
v 790.000000 1540.000000 3361.755597
v 750.000000 1580.000000 3360.259748
v 750.000000 1600.000000 3359.020246
v 740.000000 1610.000000 3361.141095
v 740.000000 1620.000000 3360.489484
v 700.000000 1660.000000 3366.433331
v 690.000000 1660.000000 3368.378644
v 680.000000 1670.000000 3369.159894
v 670.000000 1670.000000 3371.431623
v 660.000000 1680.000000 3372.791974
v 670.000000 1690.000000 3370.268781
v 680.000000 1690.000000 3368.648175
v 690.000000 1700.000000 3366.805402
v 700.000000 1700.000000 3364.895246
v 710.000000 1710.000000 3362.991925
v 730.000000 1710.000000 3361.072003
v 740.000000 1720.000000 3361.722150
v 750.000000 1720.000000 3361.048566
v 760.000000 1730.000000 3361.655499
v 820.000000 1730.000000 3342.407697
v 830.000000 1720.000000 3342.675031
v 840.000000 1720.000000 3341.971417
v 840.000000 1710.000000 3341.381818
v 850.000000 1700.000000 3339.832013
v 850.000000 1690.000000 3342.913312
v 870.000000 1670.000000 3342.115460
v 870.000000 1660.000000 3342.476544
v 890.000000 1640.000000 3338.979718
v 890.000000 1630.000000 3339.179669
v 900.000000 1620.000000 3337.886212
v 900.000000 1600.000000 3338.449201
v 910.000000 1590.000000 3337.219953
v 910.000000 1570.000000 3336.768781
v 920.000000 1560.000000 3335.093976
v 920.000000 1550.000000 3334.501691
v 910.000000 1540.000000 3335.521710
v 910.000000 1530.000000 3335.824201
v 880.000000 1500.000000 3343.619367
v 880.000000 1490.000000 3346.254865
v 930.000000 1440.000000 3348.786603
v 930.000000 1430.000000 3350.760480
v 950.000000 1410.000000 3350.273419
v 950.000000 1330.000000 3406.109601
v 940.000000 1320.000000 3411.941876
v 940.000000 1300.000000 3424.375470
v 930.000000 1290.000000 3428.858869
v 930.000000 1280.000000 3434.240216
v 940.000000 1270.000000 3442.526837
v 940.000000 1260.000000 3448.284650
v 950.000000 1250.000000 3457.867902
v 950.000000 1240.000000 3464.047833
v 960.000000 1230.000000 3469.685529
v 960.000000 1220.000000 3474.811017
v 980.000000 1200.000000 3478.659894
v 980.000000 1190.000000 3482.631085
v 990.000000 1180.000000 3481.560773
v 990.000000 1170.000000 3480.286847
v 1000.000000 1160.000000 3472.772199
v 1000.000000 1120.000000 3471.459699
v 990.000000 1110.000000 3477.172101
v 990.000000 1100.000000 3481.990705
v 960.000000 1070.000000 3499.561261
v 960.000000 1060.000000 3504.363751
v 950.000000 1060.000000 3505.979230
v 940.000000 1050.000000 3511.907453
v 900.000000 1050.000000 3525.010480
v 890.000000 1060.000000 3523.479230
v 880.000000 1060.000000 3526.309796
v 850.000000 1030.000000 3566.399396
v 850.000000 1020.000000 3578.658185
v 840.000000 1010.000000 3598.704816
v 840.000000 1000.000000 3612.593732
v 830.000000 990.000000 3631.458234
v 830.000000 940.000000 3692.257550
v 820.000000 930.000000 3708.863996
v 820.000000 920.000000 3716.367169
v 810.000000 910.000000 3727.290021
v 810.000000 840.000000 3764.769025
v 820.000000 830.000000 3767.831281
v 820.000000 810.000000 3774.634992
v 830.000000 800.000000 3776.666242
v 820.000000 790.000000 3783.539289
v 820.000000 770.000000 3792.987775
v 810.000000 760.000000 3799.141583
v 810.000000 680.000000 3846.486310
v 820.000000 670.000000 3852.256085
v 820.000000 640.000000 3871.919171
v 830.000000 630.000000 3877.623517
v 830.000000 620.000000 3884.874005
v 820.000000 610.000000 3894.753644
v 820.000000 600.000000 3902.985089
v 810.000000 590.000000 3912.385968
v 810.000000 570.000000 3923.423322
v 800.000000 560.000000 3931.304914
v 800.000000 540.000000 3945.010724
v 790.000000 530.000000 3953.555890
v 790.000000 510.000000 3971.910138
v 720.000000 440.000000 4004.741681
v 720.000000 430.000000 4013.865705
v 700.000000 410.000000 4038.484845
v 690.000000 410.000000 4042.619123
v 680.000000 400.000000 4061.738996
v 670.000000 400.000000 4069.525128
v 660.000000 390.000000 4086.084455
v 650.000000 390.000000 4090.395978
v 610.000000 350.000000 4126.188703
v 610.000000 310.000000 4166.477277
v 600.000000 300.000000 4178.031964
v 600.000000 290.000000 4188.404035
v 580.000000 270.000000 4206.700421
v 570.000000 270.000000 4207.372785
v 560.000000 260.000000 4214.528058
v 550.000000 260.000000 4212.211652
v 540.000000 250.000000 4214.995343
v 540.000000 210.000000 4232.249249
v 550.000000 200.000000 4239.928937
v 550.000000 190.000000 4244.512921
v 610.000000 130.000000 4302.602277
v 620.000000 130.000000 4300.719464
v 680.000000 70.000000 4328.883527
v 700.000000 70.000000 4330.358624
v 710.000000 60.000000 4339.915753
v 740.000000 60.000000 4346.926496
v 750.000000 50.000000 4360.614972
v 800.000000 50.000000 4382.048078
v 810.000000 40.000000 4395.419171
v 820.000000 40.000000 4397.965558
v 840.000000 60.000000 4383.175519
v 850.000000 60.000000 4384.593488
v 890.000000 100.000000 4351.052472
v 900.000000 100.000000 4351.855695
v 910.000000 110.000000 4343.790753
v 920.000000 110.000000 4343.919171
v 930.000000 120.000000 4335.638898
v 940.000000 120.000000 4334.139386
v 950.000000 130.000000 4322.966535
v 960.000000 130.000000 4320.392316
v 990.000000 160.000000 4279.706281
v 1000.000000 160.000000 4280.560773
v 1010.000000 170.000000 4274.532941
v 1030.000000 170.000000 4279.756085
v 1040.000000 180.000000 4278.309796
v 1160.000000 180.000000 4286.360578
v 1170.000000 190.000000 4268.623761
v 1220.000000 190.000000 4212.156476
v 1230.000000 180.000000 4209.238019
v 1240.000000 180.000000 4199.832257
v 1260.000000 160.000000 4200.807355
v 1270.000000 160.000000 4194.341535
v 1290.000000 140.000000 4194.496320
v 1300.000000 140.000000 4189.258527
v 1330.000000 110.000000 4187.838117
v 1340.000000 110.000000 4183.774152
v 1350.000000 100.000000 4184.767804
v 1360.000000 100.000000 4181.321027
v 1370.000000 90.000000 4184.917218
v 1380.000000 90.000000 4183.379132
v 1390.000000 80.000000 4188.638898
v 1410.000000 80.000000 4190.720441
v 1420.000000 70.000000 4200.695050
v 1440.000000 70.000000 4203.193585
v 1450.000000 80.000000 4194.681378
v 1460.000000 80.000000 4195.140363
v 1470.000000 90.000000 4187.504621
v 1470.000000 100.000000 4179.527081
v 1520.000000 150.000000 4156.407941
v 1520.000000 160.000000 4149.644757
v 1540.000000 180.000000 4148.958234
v 1550.000000 180.000000 4155.257062
v 1560.000000 190.000000 4156.700421
v 1580.000000 190.000000 4167.510968
v 1590.000000 200.000000 4167.127179
v 1630.000000 200.000000 4171.875714
v 1640.000000 190.000000 4171.866925
v 1650.000000 190.000000 4170.385480
v 1670.000000 170.000000 4167.973371
v 1670.000000 160.000000 4168.049054
v 1680.000000 150.000000 4165.154035
v 1680.000000 140.000000 4164.321515
v 1700.000000 120.000000 4147.488507
v 1700.000000 110.000000 4141.901593
v 1710.000000 100.000000 4130.045636
v 1710.000000 90.000000 4122.347882
v 1770.000000 30.000000 4047.856915
v 1780.000000 30.000000 4042.577130
v 1790.000000 20.000000 4033.804425
v 1780.000000 20.000000 4037.612042
v 1760.000000 0.000000 4039.530011
v 890.000000 0.000000 4429.924542
v 880.000000 10.000000 4418.953351
v 870.000000 10.000000 4418.642804
v 860.000000 20.000000 4412.135968
v 790.000000 20.000000 4398.985089
v 780.000000 10.000000 4399.665265
v 600.000000 10.000000 4383.837140
v 590.000000 0.000000 4390.929914
v 1120.000000 460.000000 4014.336426
v 1110.000000 470.000000 4014.750977
v 1100.000000 470.000000 4022.856689
v 1080.000000 490.000000 4012.021484
v 1080.000000 530.000000 3969.924316
v 1090.000000 540.000000 3957.618652
v 1090.000000 550.000000 3949.574219
v 1140.000000 550.000000 3905.333496
v 1150.000000 540.000000 3900.631592
v 1160.000000 540.000000 3888.577393
v 1180.000000 520.000000 3882.290771
v 1180.000000 510.000000 3889.233887
v 1190.000000 500.000000 3890.323975
v 1190.000000 490.000000 3898.038574
v 1170.000000 470.000000 3932.647217
v 1160.000000 470.000000 3947.747803
v 1150.000000 460.000000 3974.133545
v 1120.000000 460.000000 4019.527439
v 1110.000000 470.000000 4019.941990
v 1100.000000 470.000000 4028.047703
v 1080.000000 490.000000 4017.212498
v 1080.000000 530.000000 3975.115330
v 1090.000000 540.000000 3962.809666
v 1090.000000 550.000000 3954.765232
v 1140.000000 550.000000 3910.524509
v 1150.000000 540.000000 3905.822605
v 1160.000000 540.000000 3893.768406
v 1180.000000 520.000000 3887.481785
v 1180.000000 510.000000 3894.424900
v 1190.000000 500.000000 3895.514988
v 1190.000000 490.000000 3903.229588
v 1170.000000 470.000000 3937.838230
v 1160.000000 470.000000 3952.938816
v 1150.000000 460.000000 3979.324558
v 5000.000000 810.000000 3241.123047
v 4990.000000 820.000000 3236.930664
v 4990.000000 830.000000 3233.813477
v 4940.000000 880.000000 3206.312744
v 4940.000000 900.000000 3205.834473
v 4970.000000 930.000000 3218.147705
v 4990.000000 930.000000 3222.851074
v 5000.000000 940.000000 3231.668945
v 5030.000000 940.000000 3240.329834
v 5040.000000 930.000000 3238.439209
v 5080.000000 930.000000 3243.751465
v 5090.000000 920.000000 3239.435303
v 5090.000000 910.000000 3236.979736
v 5100.000000 900.000000 3236.030273
v 5100.000000 870.000000 3236.314209
v 5090.000000 860.000000 3235.853516
v 5090.000000 830.000000 3244.594971
v 5080.000000 820.000000 3247.598877
v 5070.000000 820.000000 3247.147949
v 5060.000000 810.000000 3249.284912
v 5000.000000 810.000000 3252.999447
v 4990.000000 820.000000 3248.807064
v 4990.000000 830.000000 3245.689877
v 4940.000000 880.000000 3218.189144
v 4940.000000 900.000000 3217.710873
v 4970.000000 930.000000 3230.024105
v 4990.000000 930.000000 3234.727474
v 5000.000000 940.000000 3243.545345
v 5030.000000 940.000000 3252.206234
v 5040.000000 930.000000 3250.315609
v 5080.000000 930.000000 3255.627865
v 5090.000000 920.000000 3251.311703
v 5090.000000 910.000000 3248.856136
v 5100.000000 900.000000 3247.906673
v 5100.000000 870.000000 3248.190609
v 5090.000000 860.000000 3247.729916
v 5090.000000 830.000000 3256.471371
v 5080.000000 820.000000 3259.475277
v 5070.000000 820.000000 3259.024349
v 5060.000000 810.000000 3261.161312
v 1750.000000 1230.000000 3283.588379
v 1740.000000 1240.000000 3280.953857
v 1730.000000 1240.000000 3281.243164
v 1720.000000 1250.000000 3278.891357
v 1710.000000 1250.000000 3279.324463
v 1690.000000 1270.000000 3277.911621
v 1680.000000 1270.000000 3279.552979
v 1670.000000 1280.000000 3278.564941
v 1640.000000 1280.000000 3282.686279
v 1630.000000 1270.000000 3286.343750
v 1610.000000 1270.000000 3289.006836
v 1600.000000 1260.000000 3292.760986
v 1580.000000 1260.000000 3295.163086
v 1570.000000 1270.000000 3293.749023
v 1560.000000 1270.000000 3295.411621
v 1550.000000 1280.000000 3294.536377
v 1550.000000 1290.000000 3291.805908
v 1530.000000 1310.000000 3286.928223
v 1530.000000 1340.000000 3275.201904
v 1540.000000 1350.000000 3273.699219
v 1540.000000 1360.000000 3272.156006
v 1560.000000 1380.000000 3270.425537
v 1570.000000 1380.000000 3269.946777
v 1590.000000 1400.000000 3270.311279
v 1600.000000 1400.000000 3269.313477
v 1620.000000 1420.000000 3268.989746
v 1620.000000 1430.000000 3270.415527
v 1630.000000 1440.000000 3270.913574
v 1630.000000 1480.000000 3273.429932
v 1620.000000 1490.000000 3274.464111
v 1620.000000 1520.000000 3274.101318
v 1560.000000 1580.000000 3276.564697
v 1550.000000 1580.000000 3277.566650
v 1520.000000 1610.000000 3280.260254
v 1510.000000 1610.000000 3280.909180
v 1500.000000 1620.000000 3281.809570
v 1500.000000 1630.000000 3282.376709
v 1470.000000 1660.000000 3289.165527
v 1470.000000 1670.000000 3290.917725
v 1460.000000 1680.000000 3294.410156
v 1460.000000 1690.000000 3296.740479
v 1450.000000 1700.000000 3299.591553
v 1450.000000 1710.000000 3301.943604
v 1440.000000 1720.000000 3305.063477
v 1440.000000 1730.000000 3307.688477
v 1430.000000 1740.000000 3311.056641
v 1430.000000 1750.000000 3313.837891
v 1420.000000 1760.000000 3316.749756
v 1420.000000 1770.000000 3319.697021
v 1410.000000 1780.000000 3322.618164
v 1410.000000 1790.000000 3325.641357
v 1400.000000 1800.000000 3327.251953
v 1400.000000 1810.000000 3330.499756
v 1390.000000 1820.000000 3331.804443
v 1390.000000 1830.000000 3334.958496
v 1380.000000 1840.000000 3336.218994
v 1380.000000 1870.000000 3344.476074
v 1370.000000 1880.000000 3344.509033
v 1370.000000 1910.000000 3349.577393
v 1380.000000 1920.000000 3352.159912
v 1380.000000 1980.000000 3363.789307
v 1420.000000 2020.000000 3377.125977
v 1430.000000 2020.000000 3379.276367
v 1440.000000 2030.000000 3384.234863
v 1460.000000 2030.000000 3388.690918
v 1470.000000 2040.000000 3394.116943
v 1530.000000 2040.000000 3408.015137
v 1540.000000 2050.000000 3412.125732
v 1570.000000 2050.000000 3414.968018
v 1580.000000 2060.000000 3418.677734
v 1650.000000 2060.000000 3420.470459
v 1660.000000 2050.000000 3417.206543
v 1680.000000 2050.000000 3416.662598
v 1690.000000 2040.000000 3413.069336
v 1710.000000 2040.000000 3412.412842
v 1720.000000 2030.000000 3408.356445
v 1730.000000 2030.000000 3408.569580
v 1740.000000 2020.000000 3405.854980
v 1750.000000 2020.000000 3407.909668
v 1760.000000 2010.000000 3405.601562
v 1820.000000 2010.000000 3403.976074
v 1830.000000 2020.000000 3405.813721
v 1850.000000 2020.000000 3405.408203
v 1860.000000 2030.000000 3408.701904
v 1880.000000 2030.000000 3413.125488
v 1890.000000 2040.000000 3419.357178
v 1920.000000 2040.000000 3426.298584
v 1930.000000 2050.000000 3432.128418
v 2030.000000 2050.000000 3459.559082
v 2040.000000 2060.000000 3466.468262
v 2060.000000 2060.000000 3475.975098
v 2070.000000 2070.000000 3483.693604
v 2140.000000 2070.000000 3507.144287
v 2150.000000 2060.000000 3504.936768
v 2160.000000 2060.000000 3505.803955
v 2170.000000 2050.000000 3501.979492
v 2180.000000 2050.000000 3502.132080
v 2200.000000 2030.000000 3498.343750
v 2200.000000 2020.000000 3495.098877
v 2220.000000 2000.000000 3488.579102
v 2220.000000 1990.000000 3484.920410
v 2230.000000 1980.000000 3481.419434
v 2230.000000 1960.000000 3475.214844
v 2240.000000 1950.000000 3471.330078
v 2240.000000 1900.000000 3445.101318
v 2230.000000 1890.000000 3439.170898
v 2230.000000 1870.000000 3429.907471
v 2220.000000 1860.000000 3424.016113
v 2220.000000 1850.000000 3418.152344
v 2210.000000 1840.000000 3409.975830
v 2210.000000 1830.000000 3403.746582
v 2190.000000 1810.000000 3390.638184
v 2190.000000 1800.000000 3386.763916
v 2180.000000 1790.000000 3381.590820
v 2180.000000 1750.000000 3366.531982
v 2170.000000 1740.000000 3358.941650
v 2170.000000 1730.000000 3354.322754
v 2090.000000 1650.000000 3298.572266
v 2080.000000 1650.000000 3298.878418
v 2070.000000 1640.000000 3293.003906
v 2060.000000 1640.000000 3291.226807
v 2050.000000 1630.000000 3284.263916
v 2040.000000 1630.000000 3281.933838
v 1980.000000 1570.000000 3251.764648
v 1980.000000 1560.000000 3250.017578
v 1940.000000 1520.000000 3251.148682
v 1940.000000 1510.000000 3250.898193
v 1930.000000 1500.000000 3251.333252
v 1930.000000 1460.000000 3249.469971
v 1950.000000 1440.000000 3248.408936
v 1960.000000 1440.000000 3248.074463
v 1970.000000 1430.000000 3248.080566
v 1990.000000 1430.000000 3246.764160
v 2000.000000 1420.000000 3246.754883
v 2060.000000 1420.000000 3243.801514
v 2070.000000 1410.000000 3243.280518
v 2080.000000 1410.000000 3242.599854
v 2080.000000 1400.000000 3242.668213
v 2060.000000 1400.000000 3244.253174
v 2050.000000 1390.000000 3245.953857
v 2020.000000 1390.000000 3247.138672
v 2010.000000 1380.000000 3248.007324
v 1990.000000 1380.000000 3248.919189
v 1980.000000 1370.000000 3249.745117
v 1970.000000 1370.000000 3250.288574
v 1960.000000 1360.000000 3250.960938
v 1950.000000 1360.000000 3251.664551
v 1930.000000 1340.000000 3252.132324
v 1920.000000 1340.000000 3252.781494
v 1910.000000 1330.000000 3252.925781
v 1910.000000 1320.000000 3252.514160
v 1840.000000 1250.000000 3264.851807
v 1830.000000 1250.000000 3266.595703
v 1810.000000 1230.000000 3276.204102
v 1750.000000 1230.000000 3325.018173
v 1740.000000 1240.000000 3322.383652
v 1730.000000 1240.000000 3322.672958
v 1720.000000 1250.000000 3320.321152
v 1710.000000 1250.000000 3320.754257
v 1690.000000 1270.000000 3319.341415
v 1680.000000 1270.000000 3320.982773
v 1670.000000 1280.000000 3319.994736
v 1640.000000 1280.000000 3324.116074
v 1630.000000 1270.000000 3327.773544
v 1610.000000 1270.000000 3330.436630
v 1600.000000 1260.000000 3334.190781
v 1580.000000 1260.000000 3336.592880
v 1570.000000 1270.000000 3335.178818
v 1560.000000 1270.000000 3336.841415
v 1550.000000 1280.000000 3335.966171
v 1550.000000 1290.000000 3333.235703
v 1530.000000 1310.000000 3328.358017
v 1530.000000 1340.000000 3316.631699
v 1540.000000 1350.000000 3315.129013
v 1540.000000 1360.000000 3313.585800
v 1560.000000 1380.000000 3311.855331
v 1570.000000 1380.000000 3311.376572
v 1590.000000 1400.000000 3311.741074
v 1600.000000 1400.000000 3310.743271
v 1620.000000 1420.000000 3310.419540
v 1620.000000 1430.000000 3311.845322
v 1630.000000 1440.000000 3312.343369
v 1630.000000 1480.000000 3314.859726
v 1620.000000 1490.000000 3315.893906
v 1620.000000 1520.000000 3315.531113
v 1560.000000 1580.000000 3317.994492
v 1550.000000 1580.000000 3318.996445
v 1520.000000 1610.000000 3321.690048
v 1510.000000 1610.000000 3322.338974
v 1500.000000 1620.000000 3323.239365
v 1500.000000 1630.000000 3323.806503
v 1470.000000 1660.000000 3330.595322
v 1470.000000 1670.000000 3332.347519
v 1460.000000 1680.000000 3335.839951
v 1460.000000 1690.000000 3338.170273
v 1450.000000 1700.000000 3341.021347
v 1450.000000 1710.000000 3343.373398
v 1440.000000 1720.000000 3346.493271
v 1440.000000 1730.000000 3349.118271
v 1430.000000 1740.000000 3352.486435
v 1430.000000 1750.000000 3355.267685
v 1420.000000 1760.000000 3358.179550
v 1420.000000 1770.000000 3361.126816
v 1410.000000 1780.000000 3364.047958
v 1410.000000 1790.000000 3367.071152
v 1400.000000 1800.000000 3368.681747
v 1400.000000 1810.000000 3371.929550
v 1390.000000 1820.000000 3373.234238
v 1390.000000 1830.000000 3376.388290
v 1380.000000 1840.000000 3377.648788
v 1380.000000 1870.000000 3385.905869
v 1370.000000 1880.000000 3385.938828
v 1370.000000 1910.000000 3391.007187
v 1380.000000 1920.000000 3393.589706
v 1380.000000 1980.000000 3405.219101
v 1420.000000 2020.000000 3418.555771
v 1430.000000 2020.000000 3420.706161
v 1440.000000 2030.000000 3425.664658
v 1460.000000 2030.000000 3430.120712
v 1470.000000 2040.000000 3435.546738
v 1530.000000 2040.000000 3449.444931
v 1540.000000 2050.000000 3453.555527
v 1570.000000 2050.000000 3456.397812
v 1580.000000 2060.000000 3460.107529
v 1650.000000 2060.000000 3461.900253
v 1660.000000 2050.000000 3458.636337
v 1680.000000 2050.000000 3458.092392
v 1690.000000 2040.000000 3454.499130
v 1710.000000 2040.000000 3453.842636
v 1720.000000 2030.000000 3449.786240
v 1730.000000 2030.000000 3449.999374
v 1740.000000 2020.000000 3447.284775
v 1750.000000 2020.000000 3449.339462
v 1760.000000 2010.000000 3447.031357
v 1820.000000 2010.000000 3445.405869
v 1830.000000 2020.000000 3447.243515
v 1850.000000 2020.000000 3446.837997
v 1860.000000 2030.000000 3450.131699
v 1880.000000 2030.000000 3454.555283
v 1890.000000 2040.000000 3460.786972
v 1920.000000 2040.000000 3467.728378
v 1930.000000 2050.000000 3473.558212
v 2030.000000 2050.000000 3500.988876
v 2040.000000 2060.000000 3507.898056
v 2060.000000 2060.000000 3517.404892
v 2070.000000 2070.000000 3525.123398
v 2140.000000 2070.000000 3548.574081
v 2150.000000 2060.000000 3546.366562
v 2160.000000 2060.000000 3547.233749
v 2170.000000 2050.000000 3543.409286
v 2180.000000 2050.000000 3543.561874
v 2200.000000 2030.000000 3539.773544
v 2200.000000 2020.000000 3536.528671
v 2220.000000 2000.000000 3530.008896
v 2220.000000 1990.000000 3526.350204
v 2230.000000 1980.000000 3522.849228
v 2230.000000 1960.000000 3516.644638
v 2240.000000 1950.000000 3512.759872
v 2240.000000 1900.000000 3486.531113
v 2230.000000 1890.000000 3480.600693
v 2230.000000 1870.000000 3471.337265
v 2220.000000 1860.000000 3465.445908
v 2220.000000 1850.000000 3459.582138
v 2210.000000 1840.000000 3451.405624
v 2210.000000 1830.000000 3445.176376
v 2190.000000 1810.000000 3432.067978
v 2190.000000 1800.000000 3428.193710
v 2180.000000 1790.000000 3423.020615
v 2180.000000 1750.000000 3407.961777
v 2170.000000 1740.000000 3400.371445
v 2170.000000 1730.000000 3395.752548
v 2090.000000 1650.000000 3340.002060
v 2080.000000 1650.000000 3340.308212
v 2070.000000 1640.000000 3334.433701
v 2060.000000 1640.000000 3332.656601
v 2050.000000 1630.000000 3325.693710
v 2040.000000 1630.000000 3323.363632
v 1980.000000 1570.000000 3293.194443
v 1980.000000 1560.000000 3291.447372
v 1940.000000 1520.000000 3292.578476
v 1940.000000 1510.000000 3292.327988
v 1930.000000 1500.000000 3292.763046
v 1930.000000 1460.000000 3290.899765
v 1950.000000 1440.000000 3289.838730
v 1960.000000 1440.000000 3289.504257
v 1970.000000 1430.000000 3289.510361
v 1990.000000 1430.000000 3288.193954
v 2000.000000 1420.000000 3288.184677
v 2060.000000 1420.000000 3285.231308
v 2070.000000 1410.000000 3284.710312
v 2080.000000 1410.000000 3284.029648
v 2080.000000 1400.000000 3284.098007
v 2060.000000 1400.000000 3285.682968
v 2050.000000 1390.000000 3287.383652
v 2020.000000 1390.000000 3288.568466
v 2010.000000 1380.000000 3289.437119
v 1990.000000 1380.000000 3290.348984
v 1980.000000 1370.000000 3291.174911
v 1970.000000 1370.000000 3291.718369
v 1960.000000 1360.000000 3292.390732
v 1950.000000 1360.000000 3293.094345
v 1930.000000 1340.000000 3293.562119
v 1920.000000 1340.000000 3294.211288
v 1910.000000 1330.000000 3294.355576
v 1910.000000 1320.000000 3293.943954
v 1840.000000 1250.000000 3306.281601
v 1830.000000 1250.000000 3308.025497
v 1810.000000 1230.000000 3317.633896
v 2270.000000 1540.000000 3273.800781
v 2240.000000 1570.000000 3282.477783
v 2240.000000 1600.000000 3300.337646
v 2250.000000 1610.000000 3308.156738
v 2310.000000 1610.000000 3310.541748
v 2320.000000 1600.000000 3305.654053
v 2340.000000 1600.000000 3308.192871
v 2360.000000 1580.000000 3299.182617
v 2360.000000 1560.000000 3291.769531
v 2340.000000 1540.000000 3282.422607
v 2270.000000 1540.000000 3280.225285
v 2240.000000 1570.000000 3288.902287
v 2240.000000 1600.000000 3306.762150
v 2250.000000 1610.000000 3314.581242
v 2310.000000 1610.000000 3316.966251
v 2320.000000 1600.000000 3312.078556
v 2340.000000 1600.000000 3314.617374
v 2360.000000 1580.000000 3305.607121
v 2360.000000 1560.000000 3298.194035
v 2340.000000 1540.000000 3288.847111
v 3000.000000 1720.000000 3417.999268
v 2990.000000 1730.000000 3420.163330
v 2980.000000 1730.000000 3419.309326
v 2970.000000 1740.000000 3421.692139
v 2960.000000 1740.000000 3421.205811
v 2940.000000 1760.000000 3432.908936
v 2930.000000 1760.000000 3432.119141
v 2910.000000 1780.000000 3441.787598
v 2910.000000 1790.000000 3448.987061
v 2900.000000 1800.000000 3455.312988
v 2900.000000 1810.000000 3460.271240
v 2890.000000 1820.000000 3463.281006
v 2890.000000 1830.000000 3466.902832
v 2880.000000 1840.000000 3469.526611
v 2880.000000 1870.000000 3481.001709
v 2870.000000 1880.000000 3485.447021
v 2870.000000 1900.000000 3495.662354
v 2880.000000 1910.000000 3500.536133
v 2880.000000 1930.000000 3510.301514
v 2890.000000 1940.000000 3516.607666
v 2890.000000 1950.000000 3522.829834
v 2910.000000 1970.000000 3536.349609
v 2910.000000 1980.000000 3543.444824
v 2950.000000 2020.000000 3573.714600
v 2980.000000 2020.000000 3573.393555
v 2990.000000 2030.000000 3582.000244
v 3000.000000 2030.000000 3583.003174
v 3010.000000 2020.000000 3577.316895
v 3030.000000 2020.000000 3580.630127
v 3040.000000 2010.000000 3574.979004
v 3050.000000 2010.000000 3576.306152
v 3060.000000 2000.000000 3569.603516
v 3070.000000 2000.000000 3570.221191
v 3090.000000 1980.000000 3557.940430
v 3090.000000 1970.000000 3552.182129
v 3100.000000 1960.000000 3548.506104
v 3100.000000 1950.000000 3542.669434
v 3120.000000 1930.000000 3535.469727
v 3120.000000 1920.000000 3529.093262
v 3130.000000 1910.000000 3525.055664
v 3130.000000 1900.000000 3519.111328
v 3140.000000 1890.000000 3516.307373
v 3140.000000 1880.000000 3509.496826
v 3150.000000 1870.000000 3505.815918
v 3150.000000 1800.000000 3479.195557
v 3140.000000 1790.000000 3474.816406
v 3140.000000 1780.000000 3471.754395
v 3100.000000 1740.000000 3452.107178
v 3090.000000 1740.000000 3451.120361
v 3070.000000 1720.000000 3433.106201
v 3000.000000 1720.000000 3439.943674
v 2990.000000 1730.000000 3442.107737
v 2980.000000 1730.000000 3441.253733
v 2970.000000 1740.000000 3443.636545
v 2960.000000 1740.000000 3443.150217
v 2940.000000 1760.000000 3454.853342
v 2930.000000 1760.000000 3454.063547
v 2910.000000 1780.000000 3463.732004
v 2910.000000 1790.000000 3470.931467
v 2900.000000 1800.000000 3477.257395
v 2900.000000 1810.000000 3482.215647
v 2890.000000 1820.000000 3485.225412
v 2890.000000 1830.000000 3488.847239
v 2880.000000 1840.000000 3491.471018
v 2880.000000 1870.000000 3502.946115
v 2870.000000 1880.000000 3507.391428
v 2870.000000 1900.000000 3517.606760
v 2880.000000 1910.000000 3522.480539
v 2880.000000 1930.000000 3532.245920
v 2890.000000 1940.000000 3538.552073
v 2890.000000 1950.000000 3544.774240
v 2910.000000 1970.000000 3558.294016
v 2910.000000 1980.000000 3565.389231
v 2950.000000 2020.000000 3595.659006
v 2980.000000 2020.000000 3595.337961
v 2990.000000 2030.000000 3603.944651
v 3000.000000 2030.000000 3604.947580
v 3010.000000 2020.000000 3599.261301
v 3030.000000 2020.000000 3602.574533
v 3040.000000 2010.000000 3596.923410
v 3050.000000 2010.000000 3598.250559
v 3060.000000 2000.000000 3591.547922
v 3070.000000 2000.000000 3592.165598
v 3090.000000 1980.000000 3579.884836
v 3090.000000 1970.000000 3574.126535
v 3100.000000 1960.000000 3570.450510
v 3100.000000 1950.000000 3564.613840
v 3120.000000 1930.000000 3557.414133
v 3120.000000 1920.000000 3551.037668
v 3130.000000 1910.000000 3547.000071
v 3130.000000 1900.000000 3541.055735
v 3140.000000 1890.000000 3538.251780
v 3140.000000 1880.000000 3531.441233
v 3150.000000 1870.000000 3527.760324
v 3150.000000 1800.000000 3501.139963
v 3140.000000 1790.000000 3496.760813
v 3140.000000 1780.000000 3493.698801
v 3100.000000 1740.000000 3474.051584
v 3090.000000 1740.000000 3473.064768
v 3070.000000 1720.000000 3455.050608
v 140.000000 1810.000000 3723.776611
v 130.000000 1820.000000 3722.849365
v 120.000000 1820.000000 3727.947998
v 110.000000 1830.000000 3734.193359
v 110.000000 1840.000000 3735.193604
v 100.000000 1850.000000 3742.822754
v 100.000000 1880.000000 3745.289795
v 90.000000 1890.000000 3746.902344
v 90.000000 1940.000000 3712.021240
v 80.000000 1950.000000 3716.145020
v 80.000000 2070.000000 3684.932861
v 70.000000 2080.000000 3691.904297
v 70.000000 2230.000000 3639.208740
v 60.000000 2240.000000 3637.572510
v 60.000000 2420.000000 3493.434326
v 50.000000 2430.000000 3488.764404
v 50.000000 2750.000000 3397.478516
v 40.000000 2760.000000 3398.211670
v 40.000000 3270.000000 3614.237549
v 30.000000 3280.000000 3620.181396
v 30.000000 4310.000000 4146.851074
v 20.000000 4320.000000 4155.697266
v 20.000000 5110.000000 4371.206543
v 5110.000000 5110.000000 3381.525146
v 5110.000000 3070.000000 3737.336426
v 5100.000000 3060.000000 3729.382812
v 5100.000000 3040.000000 3719.249023
v 5090.000000 3030.000000 3710.507080
v 5090.000000 3000.000000 3699.464600
v 5080.000000 3000.000000 3695.929932
v 5050.000000 3030.000000 3706.197266
v 5040.000000 3030.000000 3706.069336
v 5020.000000 3050.000000 3712.158203
v 5010.000000 3050.000000 3709.389160
v 5000.000000 3060.000000 3703.743652
v 4990.000000 3060.000000 3696.521729
v 4970.000000 3080.000000 3686.114258
v 4960.000000 3080.000000 3681.789795
v 4950.000000 3090.000000 3683.419678
v 4940.000000 3090.000000 3681.265381
v 4930.000000 3100.000000 3684.812744
v 4910.000000 3100.000000 3680.587402
v 4900.000000 3110.000000 3684.409180
v 4870.000000 3110.000000 3681.148438
v 4860.000000 3120.000000 3689.214355
v 4830.000000 3120.000000 3690.317383
v 4820.000000 3130.000000 3697.190430
v 4810.000000 3130.000000 3694.110107
v 4800.000000 3140.000000 3697.817383
v 4780.000000 3140.000000 3692.447754
v 4770.000000 3150.000000 3697.677734
v 4740.000000 3150.000000 3691.307373
v 4730.000000 3160.000000 3698.688477
v 4600.000000 3160.000000 3629.488525
v 4590.000000 3150.000000 3609.631348
v 4540.000000 3150.000000 3580.146484
v 4530.000000 3140.000000 3565.124268
v 4490.000000 3140.000000 3545.306152
v 4480.000000 3130.000000 3534.037598
v 4420.000000 3130.000000 3511.299805
v 4410.000000 3120.000000 3501.482910
v 4310.000000 3120.000000 3457.411377
v 4300.000000 3110.000000 3449.954834
v 4220.000000 3110.000000 3326.615234
v 4210.000000 3100.000000 3310.348145
v 4150.000000 3100.000000 3226.447510
v 4140.000000 3090.000000 3214.399902
v 4100.000000 3090.000000 3191.118896
v 4090.000000 3080.000000 3181.190674
v 4050.000000 3080.000000 3165.577881
v 4040.000000 3070.000000 3159.304932
v 4000.000000 3070.000000 3147.697998
v 3990.000000 3060.000000 3140.978027
v 3950.000000 3060.000000 3128.407227
v 3940.000000 3050.000000 3120.341553
v 3900.000000 3050.000000 3103.131592
v 3890.000000 3040.000000 3094.479004
v 3850.000000 3040.000000 3073.400391
v 3840.000000 3030.000000 3064.473389
v 3810.000000 3030.000000 3053.831299
v 3800.000000 3020.000000 3049.414307
v 3770.000000 3020.000000 3040.140381
v 3760.000000 3010.000000 3039.469971
v 3720.000000 3010.000000 3035.812500
v 3710.000000 3000.000000 3042.280762
v 3680.000000 3000.000000 3049.535889
v 3670.000000 2990.000000 3058.614746
v 3640.000000 2990.000000 3069.906250
v 3630.000000 2980.000000 3080.564941
v 3600.000000 2980.000000 3097.125732
v 3590.000000 2970.000000 3105.875488
v 3560.000000 2970.000000 3118.563965
v 3550.000000 2960.000000 3125.318848
v 3520.000000 2960.000000 3142.516113
v 3510.000000 2950.000000 3152.061768
v 3480.000000 2950.000000 3169.504883
v 3470.000000 2940.000000 3177.900879
v 3440.000000 2940.000000 3212.998535
v 3430.000000 2930.000000 3236.278564
v 3400.000000 2930.000000 3297.107910
v 3390.000000 2920.000000 3316.819336
v 3370.000000 2920.000000 3339.942627
v 3360.000000 2910.000000 3348.353027
v 3330.000000 2910.000000 3376.125488
v 3320.000000 2900.000000 3383.019287
v 3300.000000 2900.000000 3406.954346
v 3290.000000 2890.000000 3415.095459
v 3270.000000 2890.000000 3438.763428
v 3260.000000 2880.000000 3444.917480
v 3240.000000 2880.000000 3463.601318
v 3230.000000 2870.000000 3467.692627
v 3200.000000 2870.000000 3493.439697
v 3190.000000 2860.000000 3497.818848
v 3170.000000 2860.000000 3512.912842
v 3160.000000 2850.000000 3512.872803
v 3140.000000 2850.000000 3518.986328
v 3130.000000 2840.000000 3517.151611
v 3110.000000 2840.000000 3525.018066
v 3100.000000 2830.000000 3522.718018
v 3070.000000 2830.000000 3532.864502
v 3060.000000 2820.000000 3531.395264
v 3030.000000 2820.000000 3534.419434
v 3020.000000 2810.000000 3528.610596
v 2990.000000 2810.000000 3525.200684
v 2980.000000 2800.000000 3518.693848
v 2950.000000 2800.000000 3511.659424
v 2940.000000 2790.000000 3503.804932
v 2920.000000 2790.000000 3494.193115
v 2910.000000 2780.000000 3483.334717
v 2880.000000 2780.000000 3464.706299
v 2870.000000 2770.000000 3453.673340
v 2850.000000 2770.000000 3438.583496
v 2840.000000 2760.000000 3429.206543
v 2820.000000 2760.000000 3416.811035
v 2810.000000 2750.000000 3410.014893
v 2790.000000 2750.000000 3401.825439
v 2780.000000 2740.000000 3396.229980
v 2760.000000 2740.000000 3390.135254
v 2750.000000 2730.000000 3384.278809
v 2730.000000 2730.000000 3378.779541
v 2720.000000 2720.000000 3374.754395
v 2700.000000 2720.000000 3372.584961
v 2690.000000 2710.000000 3370.543457
v 2670.000000 2710.000000 3370.894287
v 2660.000000 2700.000000 3370.034180
v 2640.000000 2700.000000 3375.111816
v 2630.000000 2690.000000 3378.178955
v 2600.000000 2690.000000 3390.220459
v 2590.000000 2680.000000 3396.577637
v 2570.000000 2680.000000 3406.926514
v 2560.000000 2670.000000 3415.297363
v 2530.000000 2670.000000 3438.313477
v 2520.000000 2660.000000 3452.527588
v 2500.000000 2660.000000 3477.447754
v 2490.000000 2650.000000 3494.808838
v 2460.000000 2650.000000 3531.630127
v 2450.000000 2640.000000 3545.900879
v 2430.000000 2640.000000 3574.558350
v 2420.000000 2630.000000 3592.624512
v 2400.000000 2630.000000 3617.504150
v 2390.000000 2620.000000 3628.708252
v 2360.000000 2620.000000 3650.820068
v 2350.000000 2610.000000 3657.382812
v 2330.000000 2610.000000 3673.753174
v 2320.000000 2600.000000 3682.755615
v 2300.000000 2600.000000 3702.337891
v 2290.000000 2590.000000 3710.665771
v 2270.000000 2590.000000 3725.407471
v 2260.000000 2580.000000 3728.008057
v 2230.000000 2580.000000 3733.627686
v 2220.000000 2570.000000 3726.726562
v 2200.000000 2570.000000 3722.380859
v 2190.000000 2560.000000 3711.727295
v 2170.000000 2560.000000 3705.113037
v 2160.000000 2550.000000 3693.799316
v 2150.000000 2550.000000 3690.452393
v 2140.000000 2540.000000 3679.866455
v 2120.000000 2540.000000 3676.545898
v 2110.000000 2530.000000 3670.005371
v 2100.000000 2530.000000 3669.574219
v 2090.000000 2520.000000 3661.112305
v 2070.000000 2520.000000 3657.369873
v 2060.000000 2510.000000 3650.473145
v 2050.000000 2510.000000 3650.111328
v 2040.000000 2500.000000 3643.788574
v 2030.000000 2500.000000 3642.024170
v 2020.000000 2490.000000 3636.037598
v 2010.000000 2490.000000 3634.916260
v 2000.000000 2480.000000 3629.719482
v 1990.000000 2480.000000 3628.468262
v 1980.000000 2470.000000 3621.233154
v 1970.000000 2470.000000 3618.972412
v 1960.000000 2460.000000 3611.580078
v 1950.000000 2460.000000 3609.025146
v 1940.000000 2450.000000 3601.035156
v 1930.000000 2450.000000 3598.256592
v 1910.000000 2430.000000 3580.968506
v 1900.000000 2430.000000 3579.132080
v 1880.000000 2410.000000 3566.006348
v 1870.000000 2410.000000 3564.751221
v 1850.000000 2390.000000 3555.885498
v 1840.000000 2390.000000 3555.147217
v 1820.000000 2370.000000 3547.510498
v 1810.000000 2370.000000 3546.873291
v 1800.000000 2360.000000 3542.075928
v 1790.000000 2360.000000 3540.837891
v 1780.000000 2350.000000 3536.031982
v 1770.000000 2350.000000 3534.593506
v 1760.000000 2340.000000 3529.265625
v 1750.000000 2340.000000 3527.642822
v 1740.000000 2330.000000 3522.330322
v 1730.000000 2330.000000 3521.116943
v 1720.000000 2320.000000 3516.353027
v 1710.000000 2320.000000 3517.054199
v 1700.000000 2310.000000 3513.827637
v 1680.000000 2310.000000 3515.127686
v 1670.000000 2300.000000 3513.310547
v 1650.000000 2300.000000 3515.285400
v 1640.000000 2290.000000 3513.064453
v 1610.000000 2290.000000 3511.193604
v 1600.000000 2280.000000 3504.533447
v 1580.000000 2280.000000 3499.305908
v 1570.000000 2270.000000 3492.127930
v 1540.000000 2270.000000 3482.481445
v 1530.000000 2260.000000 3476.270020
v 1510.000000 2260.000000 3474.014160
v 1500.000000 2250.000000 3466.795410
v 1480.000000 2250.000000 3459.525635
v 1470.000000 2240.000000 3451.364990
v 1440.000000 2240.000000 3450.248535
v 1430.000000 2230.000000 3447.999512
v 1410.000000 2230.000000 3454.789307
v 1400.000000 2220.000000 3451.640869
v 1380.000000 2220.000000 3451.334473
v 1370.000000 2210.000000 3446.875977
v 1350.000000 2210.000000 3448.342529
v 1340.000000 2200.000000 3444.415039
v 1320.000000 2200.000000 3444.276123
v 1310.000000 2190.000000 3438.129150
v 1280.000000 2190.000000 3435.460449
v 1270.000000 2180.000000 3429.146484
v 1230.000000 2180.000000 3427.838867
v 1220.000000 2170.000000 3422.724609
v 1190.000000 2170.000000 3416.574951
v 1180.000000 2160.000000 3409.367188
v 1140.000000 2160.000000 3399.259033
v 1130.000000 2150.000000 3392.582275
v 1090.000000 2150.000000 3385.165771
v 1080.000000 2140.000000 3380.040039
v 1040.000000 2140.000000 3372.838135
v 1030.000000 2130.000000 3368.396973
v 990.000000 2130.000000 3360.920654
v 980.000000 2120.000000 3359.147949
v 950.000000 2120.000000 3360.175537
v 940.000000 2110.000000 3359.491455
v 920.000000 2110.000000 3359.466309
v 910.000000 2100.000000 3358.088379
v 890.000000 2100.000000 3358.229492
v 880.000000 2090.000000 3358.572021
v 860.000000 2090.000000 3360.771973
v 850.000000 2080.000000 3361.021240
v 840.000000 2080.000000 3361.404297
v 830.000000 2070.000000 3360.605225
v 820.000000 2070.000000 3360.330322
v 810.000000 2060.000000 3360.646729
v 800.000000 2060.000000 3360.997803
v 790.000000 2050.000000 3360.954590
v 780.000000 2050.000000 3363.445557
v 770.000000 2040.000000 3365.260498
v 760.000000 2040.000000 3366.561523
v 750.000000 2030.000000 3365.429443
v 740.000000 2030.000000 3365.001709
v 730.000000 2020.000000 3362.204590
v 720.000000 2020.000000 3359.539551
v 710.000000 2010.000000 3354.485107
v 700.000000 2010.000000 3353.173096
v 680.000000 1990.000000 3350.049561
v 670.000000 1990.000000 3350.409424
v 660.000000 1980.000000 3350.697021
v 650.000000 1980.000000 3352.392822
v 640.000000 1970.000000 3355.444580
v 630.000000 1970.000000 3357.617676
v 620.000000 1960.000000 3359.976318
v 600.000000 1960.000000 3361.753174
v 590.000000 1950.000000 3361.552734
v 580.000000 1950.000000 3361.206787
v 570.000000 1940.000000 3360.527588
v 550.000000 1940.000000 3361.389648
v 540.000000 1930.000000 3360.633789
v 520.000000 1930.000000 3362.581055
v 510.000000 1920.000000 3365.076172
v 500.000000 1920.000000 3367.463135
v 490.000000 1910.000000 3372.615967
v 470.000000 1910.000000 3381.501221
v 460.000000 1900.000000 3387.126465
v 440.000000 1900.000000 3396.005371
v 430.000000 1890.000000 3404.024170
v 410.000000 1890.000000 3418.841553
v 400.000000 1880.000000 3431.438477
v 390.000000 1880.000000 3440.916992
v 380.000000 1870.000000 3454.437988
v 360.000000 1870.000000 3472.568359
v 350.000000 1860.000000 3485.047363
v 340.000000 1860.000000 3493.334473
v 330.000000 1850.000000 3509.948242
v 310.000000 1850.000000 3532.350830
v 300.000000 1840.000000 3551.322510
v 280.000000 1840.000000 3572.592529
v 270.000000 1830.000000 3587.955322
v 240.000000 1830.000000 3621.059570
v 230.000000 1820.000000 3636.124756
v 210.000000 1820.000000 3650.892090
v 200.000000 1810.000000 3665.282715
v 140.000000 1810.000000 3742.777725
v 130.000000 1820.000000 3741.850479
v 120.000000 1820.000000 3746.949112
v 110.000000 1830.000000 3753.194473
v 110.000000 1840.000000 3754.194717
v 100.000000 1850.000000 3761.823868
v 100.000000 1880.000000 3764.290909
v 90.000000 1890.000000 3765.903458
v 90.000000 1940.000000 3731.022354
v 80.000000 1950.000000 3735.146133
v 80.000000 2070.000000 3703.933975
v 70.000000 2080.000000 3710.905411
v 70.000000 2230.000000 3658.209854
v 60.000000 2240.000000 3656.573624
v 60.000000 2420.000000 3512.435440
v 50.000000 2430.000000 3507.765518
v 50.000000 2750.000000 3416.479630
v 40.000000 2760.000000 3417.212784
v 40.000000 3270.000000 3633.238663
v 30.000000 3280.000000 3639.182510
v 30.000000 4310.000000 4165.852188
v 20.000000 4320.000000 4174.698380
v 20.000000 5110.000000 4390.207657
v 5110.000000 5110.000000 3400.526260
v 5110.000000 3070.000000 3756.337540
v 5100.000000 3060.000000 3748.383926
v 5100.000000 3040.000000 3738.250137
v 5090.000000 3030.000000 3729.508194
v 5090.000000 3000.000000 3718.465714
v 5080.000000 3000.000000 3714.931046
v 5050.000000 3030.000000 3725.198380
v 5040.000000 3030.000000 3725.070450
v 5020.000000 3050.000000 3731.159317
v 5010.000000 3050.000000 3728.390274
v 5000.000000 3060.000000 3722.744766
v 4990.000000 3060.000000 3715.522842
v 4970.000000 3080.000000 3705.115372
v 4960.000000 3080.000000 3700.790909
v 4950.000000 3090.000000 3702.420792
v 4940.000000 3090.000000 3700.266495
v 4930.000000 3100.000000 3703.813858
v 4910.000000 3100.000000 3699.588516
v 4900.000000 3110.000000 3703.410294
v 4870.000000 3110.000000 3700.149551
v 4860.000000 3120.000000 3708.215469
v 4830.000000 3120.000000 3709.318497
v 4820.000000 3130.000000 3716.191544
v 4810.000000 3130.000000 3713.111221
v 4800.000000 3140.000000 3716.818497
v 4780.000000 3140.000000 3711.448868
v 4770.000000 3150.000000 3716.678848
v 4740.000000 3150.000000 3710.308487
v 4730.000000 3160.000000 3717.689590
v 4600.000000 3160.000000 3648.489639
v 4590.000000 3150.000000 3628.632462
v 4540.000000 3150.000000 3599.147598
v 4530.000000 3140.000000 3584.125381
v 4490.000000 3140.000000 3564.307266
v 4480.000000 3130.000000 3553.038712
v 4420.000000 3130.000000 3530.300919
v 4410.000000 3120.000000 3520.484024
v 4310.000000 3120.000000 3476.412491
v 4300.000000 3110.000000 3468.955948
v 4220.000000 3110.000000 3345.616348
v 4210.000000 3100.000000 3329.349258
v 4150.000000 3100.000000 3245.448624
v 4140.000000 3090.000000 3233.401016
v 4100.000000 3090.000000 3210.120010
v 4090.000000 3080.000000 3200.191788
v 4050.000000 3080.000000 3184.578995
v 4040.000000 3070.000000 3178.306046
v 4000.000000 3070.000000 3166.699112
v 3990.000000 3060.000000 3159.979141
v 3950.000000 3060.000000 3147.408340
v 3940.000000 3050.000000 3139.342667
v 3900.000000 3050.000000 3122.132706
v 3890.000000 3040.000000 3113.480118
v 3850.000000 3040.000000 3092.401505
v 3840.000000 3030.000000 3083.474503
v 3810.000000 3030.000000 3072.832413
v 3800.000000 3020.000000 3068.415421
v 3770.000000 3020.000000 3059.141495
v 3760.000000 3010.000000 3058.471085
v 3720.000000 3010.000000 3054.813614
v 3710.000000 3000.000000 3061.281876
v 3680.000000 3000.000000 3068.537003
v 3670.000000 2990.000000 3077.615860
v 3640.000000 2990.000000 3088.907364
v 3630.000000 2980.000000 3099.566055
v 3600.000000 2980.000000 3116.126846
v 3590.000000 2970.000000 3124.876602
v 3560.000000 2970.000000 3137.565079
v 3550.000000 2960.000000 3144.319962
v 3520.000000 2960.000000 3161.517227
v 3510.000000 2950.000000 3171.062881
v 3480.000000 2950.000000 3188.505997
v 3470.000000 2940.000000 3196.901993
v 3440.000000 2940.000000 3231.999649
v 3430.000000 2930.000000 3255.279678
v 3400.000000 2930.000000 3316.109024
v 3390.000000 2920.000000 3335.820450
v 3370.000000 2920.000000 3358.943741
v 3360.000000 2910.000000 3367.354141
v 3330.000000 2910.000000 3395.126602
v 3320.000000 2900.000000 3402.020401
v 3300.000000 2900.000000 3425.955460
v 3290.000000 2890.000000 3434.096573
v 3270.000000 2890.000000 3457.764542
v 3260.000000 2880.000000 3463.918594
v 3240.000000 2880.000000 3482.602432
v 3230.000000 2870.000000 3486.693741
v 3200.000000 2870.000000 3512.440811
v 3190.000000 2860.000000 3516.819962
v 3170.000000 2860.000000 3531.913956
v 3160.000000 2850.000000 3531.873917
v 3140.000000 2850.000000 3537.987442
v 3130.000000 2840.000000 3536.152725
v 3110.000000 2840.000000 3544.019180
v 3100.000000 2830.000000 3541.719131
v 3070.000000 2830.000000 3551.865616
v 3060.000000 2820.000000 3550.396378
v 3030.000000 2820.000000 3553.420547
v 3020.000000 2810.000000 3547.611710
v 2990.000000 2810.000000 3544.201797
v 2980.000000 2800.000000 3537.694962
v 2950.000000 2800.000000 3530.660538
v 2940.000000 2790.000000 3522.806046
v 2920.000000 2790.000000 3513.194229
v 2910.000000 2780.000000 3502.335831
v 2880.000000 2780.000000 3483.707413
v 2870.000000 2770.000000 3472.674454
v 2850.000000 2770.000000 3457.584610
v 2840.000000 2760.000000 3448.207657
v 2820.000000 2760.000000 3435.812149
v 2810.000000 2750.000000 3429.016006
v 2790.000000 2750.000000 3420.826553
v 2780.000000 2740.000000 3415.231094
v 2760.000000 2740.000000 3409.136368
v 2750.000000 2730.000000 3403.279922
v 2730.000000 2730.000000 3397.780655
v 2720.000000 2720.000000 3393.755508
v 2700.000000 2720.000000 3391.586075
v 2690.000000 2710.000000 3389.544571
v 2670.000000 2710.000000 3389.895401
v 2660.000000 2700.000000 3389.035294
v 2640.000000 2700.000000 3394.112930
v 2630.000000 2690.000000 3397.180069
v 2600.000000 2690.000000 3409.221573
v 2590.000000 2680.000000 3415.578751
v 2570.000000 2680.000000 3425.927628
v 2560.000000 2670.000000 3434.298477
v 2530.000000 2670.000000 3457.314590
v 2520.000000 2660.000000 3471.528702
v 2500.000000 2660.000000 3496.448868
v 2490.000000 2650.000000 3513.809952
v 2460.000000 2650.000000 3550.631241
v 2450.000000 2640.000000 3564.901993
v 2430.000000 2640.000000 3593.559464
v 2420.000000 2630.000000 3611.625626
v 2400.000000 2630.000000 3636.505264
v 2390.000000 2620.000000 3647.709366
v 2360.000000 2620.000000 3669.821182
v 2350.000000 2610.000000 3676.383926
v 2330.000000 2610.000000 3692.754288
v 2320.000000 2600.000000 3701.756729
v 2300.000000 2600.000000 3721.339005
v 2290.000000 2590.000000 3729.666885
v 2270.000000 2590.000000 3744.408585
v 2260.000000 2580.000000 3747.009171
v 2230.000000 2580.000000 3752.628799
v 2220.000000 2570.000000 3745.727676
v 2200.000000 2570.000000 3741.381973
v 2190.000000 2560.000000 3730.728409
v 2170.000000 2560.000000 3724.114151
v 2160.000000 2550.000000 3712.800430
v 2150.000000 2550.000000 3709.453506
v 2140.000000 2540.000000 3698.867569
v 2120.000000 2540.000000 3695.547012
v 2110.000000 2530.000000 3689.006485
v 2100.000000 2530.000000 3688.575333
v 2090.000000 2520.000000 3680.113419
v 2070.000000 2520.000000 3676.370987
v 2060.000000 2510.000000 3669.474258
v 2050.000000 2510.000000 3669.112442
v 2040.000000 2500.000000 3662.789688
v 2030.000000 2500.000000 3661.025284
v 2020.000000 2490.000000 3655.038712
v 2010.000000 2490.000000 3653.917374
v 2000.000000 2480.000000 3648.720596
v 1990.000000 2480.000000 3647.469376
v 1980.000000 2470.000000 3640.234268
v 1970.000000 2470.000000 3637.973526
v 1960.000000 2460.000000 3630.581192
v 1950.000000 2460.000000 3628.026260
v 1940.000000 2450.000000 3620.036270
v 1930.000000 2450.000000 3617.257706
v 1910.000000 2430.000000 3599.969620
v 1900.000000 2430.000000 3598.133194
v 1880.000000 2410.000000 3585.007462
v 1870.000000 2410.000000 3583.752335
v 1850.000000 2390.000000 3574.886612
v 1840.000000 2390.000000 3574.148331
v 1820.000000 2370.000000 3566.511612
v 1810.000000 2370.000000 3565.874405
v 1800.000000 2360.000000 3561.077042
v 1790.000000 2360.000000 3559.839005
v 1780.000000 2350.000000 3555.033096
v 1770.000000 2350.000000 3553.594620
v 1760.000000 2340.000000 3548.266739
v 1750.000000 2340.000000 3546.643936
v 1740.000000 2330.000000 3541.331436
v 1730.000000 2330.000000 3540.118057
v 1720.000000 2320.000000 3535.354141
v 1710.000000 2320.000000 3536.055313
v 1700.000000 2310.000000 3532.828751
v 1680.000000 2310.000000 3534.128799
v 1670.000000 2300.000000 3532.311661
v 1650.000000 2300.000000 3534.286514
v 1640.000000 2290.000000 3532.065567
v 1610.000000 2290.000000 3530.194717
v 1600.000000 2280.000000 3523.534561
v 1580.000000 2280.000000 3518.307022
v 1570.000000 2270.000000 3511.129044
v 1540.000000 2270.000000 3501.482559
v 1530.000000 2260.000000 3495.271133
v 1510.000000 2260.000000 3493.015274
v 1500.000000 2250.000000 3485.796524
v 1480.000000 2250.000000 3478.526749
v 1470.000000 2240.000000 3470.366104
v 1440.000000 2240.000000 3469.249649
v 1430.000000 2230.000000 3467.000626
v 1410.000000 2230.000000 3473.790421
v 1400.000000 2220.000000 3470.641983
v 1380.000000 2220.000000 3470.335587
v 1370.000000 2210.000000 3465.877090
v 1350.000000 2210.000000 3467.343643
v 1340.000000 2200.000000 3463.416153
v 1320.000000 2200.000000 3463.277237
v 1310.000000 2190.000000 3457.130264
v 1280.000000 2190.000000 3454.461563
v 1270.000000 2180.000000 3448.147598
v 1230.000000 2180.000000 3446.839981
v 1220.000000 2170.000000 3441.725723
v 1190.000000 2170.000000 3435.576065
v 1180.000000 2160.000000 3428.368301
v 1140.000000 2160.000000 3418.260147
v 1130.000000 2150.000000 3411.583389
v 1090.000000 2150.000000 3404.166885
v 1080.000000 2140.000000 3399.041153
v 1040.000000 2140.000000 3391.839249
v 1030.000000 2130.000000 3387.398087
v 990.000000 2130.000000 3379.921768
v 980.000000 2120.000000 3378.149063
v 950.000000 2120.000000 3379.176651
v 940.000000 2110.000000 3378.492569
v 920.000000 2110.000000 3378.467422
v 910.000000 2100.000000 3377.089493
v 890.000000 2100.000000 3377.230606
v 880.000000 2090.000000 3377.573135
v 860.000000 2090.000000 3379.773087
v 850.000000 2080.000000 3380.022354
v 840.000000 2080.000000 3380.405411
v 830.000000 2070.000000 3379.606339
v 820.000000 2070.000000 3379.331436
v 810.000000 2060.000000 3379.647842
v 800.000000 2060.000000 3379.998917
v 790.000000 2050.000000 3379.955704
v 780.000000 2050.000000 3382.446671
v 770.000000 2040.000000 3384.261612
v 760.000000 2040.000000 3385.562637
v 750.000000 2030.000000 3384.430557
v 740.000000 2030.000000 3384.002823
v 730.000000 2020.000000 3381.205704
v 720.000000 2020.000000 3378.540665
v 710.000000 2010.000000 3373.486221
v 700.000000 2010.000000 3372.174210
v 680.000000 1990.000000 3369.050674
v 670.000000 1990.000000 3369.410538
v 660.000000 1980.000000 3369.698135
v 650.000000 1980.000000 3371.393936
v 640.000000 1970.000000 3374.445694
v 630.000000 1970.000000 3376.618790
v 620.000000 1960.000000 3378.977432
v 600.000000 1960.000000 3380.754288
v 590.000000 1950.000000 3380.553848
v 580.000000 1950.000000 3380.207901
v 570.000000 1940.000000 3379.528702
v 550.000000 1940.000000 3380.390762
v 540.000000 1930.000000 3379.634903
v 520.000000 1930.000000 3381.582169
v 510.000000 1920.000000 3384.077286
v 500.000000 1920.000000 3386.464249
v 490.000000 1910.000000 3391.617081
v 470.000000 1910.000000 3400.502335
v 460.000000 1900.000000 3406.127579
v 440.000000 1900.000000 3415.006485
v 430.000000 1890.000000 3423.025284
v 410.000000 1890.000000 3437.842667
v 400.000000 1880.000000 3450.439590
v 390.000000 1880.000000 3459.918106
v 380.000000 1870.000000 3473.439102
v 360.000000 1870.000000 3491.569473
v 350.000000 1860.000000 3504.048477
v 340.000000 1860.000000 3512.335587
v 330.000000 1850.000000 3528.949356
v 310.000000 1850.000000 3551.351944
v 300.000000 1840.000000 3570.323624
v 280.000000 1840.000000 3591.593643
v 270.000000 1830.000000 3606.956436
v 240.000000 1830.000000 3640.060684
v 230.000000 1820.000000 3655.125870
v 210.000000 1820.000000 3669.893204
v 200.000000 1810.000000 3684.283829
v 4930.000000 2080.000000 3242.799316
v 4920.000000 2090.000000 3241.089600
v 4900.000000 2090.000000 3239.421875
v 4840.000000 2150.000000 3214.680908
v 4820.000000 2150.000000 3212.931396
v 4810.000000 2160.000000 3213.637207
v 4790.000000 2160.000000 3211.979004
v 4780.000000 2170.000000 3208.737061
v 4770.000000 2170.000000 3208.126953
v 4740.000000 2200.000000 3201.483887
v 4740.000000 2230.000000 3200.603760
v 4780.000000 2270.000000 3224.218018
v 4780.000000 2290.000000 3225.050049
v 4770.000000 2300.000000 3223.688721
v 4770.000000 2310.000000 3224.059814
v 4750.000000 2330.000000 3222.101562
v 4750.000000 2350.000000 3221.708252
v 4740.000000 2360.000000 3219.766846
v 4740.000000 2390.000000 3220.109863
v 4730.000000 2400.000000 3218.815674
v 4730.000000 2430.000000 3220.558594
v 4720.000000 2440.000000 3220.304688
v 4720.000000 2460.000000 3223.027344
v 4710.000000 2470.000000 3223.913818
v 4710.000000 2490.000000 3227.572998
v 4700.000000 2500.000000 3229.260742
v 4700.000000 2510.000000 3231.611816
v 4690.000000 2520.000000 3232.906738
v 4690.000000 2530.000000 3235.332520
v 4680.000000 2540.000000 3237.053711
v 4680.000000 2550.000000 3239.350586
v 4670.000000 2560.000000 3240.819824
v 4670.000000 2580.000000 3245.519287
v 4660.000000 2590.000000 3246.563477
v 4660.000000 2620.000000 3254.288574
v 4670.000000 2630.000000 3258.991211
v 4670.000000 2650.000000 3265.248779
v 4680.000000 2660.000000 3270.118164
v 4680.000000 2750.000000 3316.043457
v 4690.000000 2760.000000 3327.062744
v 4690.000000 2770.000000 3334.903076
v 4700.000000 2780.000000 3347.357666
v 4700.000000 2790.000000 3355.679688
v 4720.000000 2810.000000 3387.406250
v 4720.000000 2820.000000 3397.754395
v 4730.000000 2820.000000 3407.714600
v 4740.000000 2830.000000 3428.793701
v 4820.000000 2830.000000 3479.183105
v 4830.000000 2820.000000 3476.861572
v 4960.000000 2820.000000 3609.431641
v 4970.000000 2810.000000 3608.708740
v 4980.000000 2810.000000 3612.867432
v 4990.000000 2800.000000 3612.041992
v 5000.000000 2800.000000 3616.895264
v 5010.000000 2790.000000 3616.381836
v 5020.000000 2790.000000 3618.550537
v 5080.000000 2730.000000 3587.631104
v 5080.000000 2720.000000 3582.968506
v 5090.000000 2710.000000 3577.279297
v 5090.000000 2690.000000 3565.359375
v 5100.000000 2680.000000 3557.829102
v 5100.000000 2650.000000 3537.220947
v 5110.000000 2640.000000 3529.584473
v 5110.000000 2320.000000 3314.946533
v 5100.000000 2310.000000 3304.170654
v 5100.000000 2300.000000 3298.397217
v 5090.000000 2290.000000 3290.222900
v 5090.000000 2260.000000 3278.577393
v 5080.000000 2250.000000 3273.119873
v 5080.000000 2200.000000 3255.929688
v 5080.000000 2250.000000 3273.119873
v 5060.000000 2270.000000 3277.898682
v 5040.000000 2270.000000 3278.250244
v 5030.000000 2280.000000 3280.158936
v 4960.000000 2280.000000 3260.429688
v 4930.000000 2250.000000 3250.024902
v 4930.000000 2240.000000 3249.190186
v 4920.000000 2230.000000 3246.595703
v 4920.000000 2210.000000 3245.017822
v 4930.000000 2200.000000 3243.919922
v 5050.000000 2200.000000 3253.785156
v 5060.000000 2190.000000 3251.830322
v 5060.000000 2180.000000 3249.437500
v 5050.000000 2170.000000 3248.902100
v 5050.000000 2160.000000 3249.901611
v 5000.000000 2110.000000 3250.288818
v 4990.000000 2110.000000 3247.447266
v 4980.000000 2100.000000 3246.726807
v 4970.000000 2100.000000 3244.803955
v 4960.000000 2090.000000 3245.239746
v 4940.000000 2090.000000 3243.008545
v 4930.000000 2080.000000 3270.513382
v 4920.000000 2090.000000 3268.803665
v 4900.000000 2090.000000 3267.135941
v 4840.000000 2150.000000 3242.394974
v 4820.000000 2150.000000 3240.645462
v 4810.000000 2160.000000 3241.351273
v 4790.000000 2160.000000 3239.693069
v 4780.000000 2170.000000 3236.451126
v 4770.000000 2170.000000 3235.841019
v 4740.000000 2200.000000 3229.197952
v 4740.000000 2230.000000 3228.317825
v 4780.000000 2270.000000 3251.932083
v 4780.000000 2290.000000 3252.764114
v 4770.000000 2300.000000 3251.402786
v 4770.000000 2310.000000 3251.773880
v 4750.000000 2330.000000 3249.815628
v 4750.000000 2350.000000 3249.422318
v 4740.000000 2360.000000 3247.480911
v 4740.000000 2390.000000 3247.823929
v 4730.000000 2400.000000 3246.529739
v 4730.000000 2430.000000 3248.272659
v 4720.000000 2440.000000 3248.018753
v 4720.000000 2460.000000 3250.741409
v 4710.000000 2470.000000 3251.627884
v 4710.000000 2490.000000 3255.287064
v 4700.000000 2500.000000 3256.974808
v 4700.000000 2510.000000 3259.325882
v 4690.000000 2520.000000 3260.620804
v 4690.000000 2530.000000 3263.046585
v 4680.000000 2540.000000 3264.767776
v 4680.000000 2550.000000 3267.064651
v 4670.000000 2560.000000 3268.533890
v 4670.000000 2580.000000 3273.233353
v 4660.000000 2590.000000 3274.277542
v 4660.000000 2620.000000 3282.002640
v 4670.000000 2630.000000 3286.705276
v 4670.000000 2650.000000 3292.962845
v 4680.000000 2660.000000 3297.832230
v 4680.000000 2750.000000 3343.757523
v 4690.000000 2760.000000 3354.776810
v 4690.000000 2770.000000 3362.617142
v 4700.000000 2780.000000 3375.071732
v 4700.000000 2790.000000 3383.393753
v 4720.000000 2810.000000 3415.120316
v 4720.000000 2820.000000 3425.468460
v 4730.000000 2820.000000 3435.428665
v 4740.000000 2830.000000 3456.507767
v 4820.000000 2830.000000 3506.897171
v 4830.000000 2820.000000 3504.575638
v 4960.000000 2820.000000 3637.145706
v 4970.000000 2810.000000 3636.422806
v 4980.000000 2810.000000 3640.581497
v 4990.000000 2800.000000 3639.756058
v 5000.000000 2800.000000 3644.609329
v 5010.000000 2790.000000 3644.095901
v 5020.000000 2790.000000 3646.264603
v 5080.000000 2730.000000 3615.345169
v 5080.000000 2720.000000 3610.682571
v 5090.000000 2710.000000 3604.993362
v 5090.000000 2690.000000 3593.073441
v 5100.000000 2680.000000 3585.543167
v 5100.000000 2650.000000 3564.935013
v 5110.000000 2640.000000 3557.298538
v 5110.000000 2320.000000 3342.660599
v 5100.000000 2310.000000 3331.884720
v 5100.000000 2300.000000 3326.111282
v 5090.000000 2290.000000 3317.936966
v 5090.000000 2260.000000 3306.291458
v 5080.000000 2250.000000 3300.833939
v 5080.000000 2200.000000 3283.643753
v 5080.000000 2250.000000 3300.833939
v 5060.000000 2270.000000 3305.612747
v 5040.000000 2270.000000 3305.964310
v 5030.000000 2280.000000 3307.873001
v 4960.000000 2280.000000 3288.143753
v 4930.000000 2250.000000 3277.738968
v 4930.000000 2240.000000 3276.904251
v 4920.000000 2230.000000 3274.309769
v 4920.000000 2210.000000 3272.731888
v 4930.000000 2200.000000 3271.633987
v 5050.000000 2200.000000 3281.499222
v 5060.000000 2190.000000 3279.544388
v 5060.000000 2180.000000 3277.151566
v 5050.000000 2170.000000 3276.616165
v 5050.000000 2160.000000 3277.615677
v 5000.000000 2110.000000 3278.002884
v 4990.000000 2110.000000 3275.161331
v 4980.000000 2100.000000 3274.440872
v 4970.000000 2100.000000 3272.518021
v 4960.000000 2090.000000 3272.953812
v 4940.000000 2090.000000 3270.722610
v 4040.000000 2140.000000 3051.479736
v 4030.000000 2150.000000 3048.380859
v 4010.000000 2150.000000 3054.372559
v 3990.000000 2170.000000 3051.622559
v 3980.000000 2170.000000 3056.277344
v 3970.000000 2180.000000 3055.751953
v 3970.000000 2190.000000 3051.963379
v 3950.000000 2210.000000 3048.040039
v 3950.000000 2220.000000 3045.362061
v 3940.000000 2230.000000 3042.506592
v 3960.000000 2250.000000 3043.597656
v 4020.000000 2250.000000 3056.440430
v 4030.000000 2260.000000 3062.502930
v 4120.000000 2260.000000 3068.708252
v 4130.000000 2250.000000 3074.280029
v 4160.000000 2250.000000 3092.206787
v 4150.000000 2250.000000 3086.119385
v 4130.000000 2230.000000 3079.367920
v 4120.000000 2230.000000 3073.412842
v 4100.000000 2210.000000 3060.299805
v 4100.000000 2200.000000 3057.213135
v 4090.000000 2190.000000 3051.185059
v 4090.000000 2160.000000 3045.056396
v 4070.000000 2140.000000 3046.160156
v 4040.000000 2140.000000 3063.772858
v 4030.000000 2150.000000 3060.673981
v 4010.000000 2150.000000 3066.665680
v 3990.000000 2170.000000 3063.915680
v 3980.000000 2170.000000 3068.570465
v 3970.000000 2180.000000 3068.045074
v 3970.000000 2190.000000 3064.256500
v 3950.000000 2210.000000 3060.333160
v 3950.000000 2220.000000 3057.655182
v 3940.000000 2230.000000 3054.799713
v 3960.000000 2250.000000 3055.890778
v 4020.000000 2250.000000 3068.733551
v 4030.000000 2260.000000 3074.796051
v 4120.000000 2260.000000 3081.001373
v 4130.000000 2250.000000 3086.573151
v 4160.000000 2250.000000 3104.499908
v 4150.000000 2250.000000 3098.412506
v 4130.000000 2230.000000 3091.661041
v 4120.000000 2230.000000 3085.705963
v 4100.000000 2210.000000 3072.592926
v 4100.000000 2200.000000 3069.506256
v 4090.000000 2190.000000 3063.478180
v 4090.000000 2160.000000 3057.349518
v 4070.000000 2140.000000 3058.453278
f 243 244 245
f 243 245 246
f 243 246 247
f 243 247 248
f 243 248 249
f 243 249 250
f 243 250 251
f 243 251 252
f 243 252 253
f 243 253 254
f 243 254 255
f 243 255 256
f 243 256 257
f 243 257 258
f 243 258 259
f 243 259 260
f 243 260 261
f 243 261 262
f 243 262 263
f 243 263 264
f 243 264 265
f 243 265 266
f 243 266 267
f 243 267 268
f 243 268 269
f 243 269 270
f 243 270 271
f 243 271 272
f 243 272 273
f 243 273 274
f 243 274 275
f 243 275 276
f 243 276 277
f 243 277 278
f 243 278 279
f 243 279 280
f 243 280 281
f 243 281 282
f 243 282 283
f 243 283 284
f 243 284 285
f 243 285 286
f 243 286 287
f 243 287 288
f 243 288 289
f 243 289 290
f 243 290 291
f 243 291 292
f 243 292 293
f 243 293 294
f 243 294 295
f 243 295 296
f 243 296 297
f 243 297 298
f 243 298 299
f 243 299 300
f 243 300 301
f 243 301 302
f 243 302 303
f 243 303 304
f 243 304 305
f 243 305 306
f 243 306 307
f 243 307 308
f 243 308 309
f 243 309 310
f 243 310 311
f 243 311 312
f 243 312 313
f 243 313 314
f 243 314 315
f 243 315 316
f 243 316 317
f 243 317 318
f 243 318 319
f 243 319 320
f 243 320 321
f 243 321 322
f 243 322 323
f 243 323 324
f 243 324 325
f 243 325 326
f 243 326 327
f 243 327 328
f 243 328 329
f 243 329 330
f 243 330 331
f 243 331 332
f 243 332 333
f 243 333 334
f 243 334 335
f 243 335 336
f 243 336 337
f 243 337 338
f 243 338 339
f 243 339 340
f 243 340 341
f 243 341 342
f 243 342 343
f 243 343 344
f 243 344 345
f 243 345 346
f 243 346 347
f 243 347 348
f 243 348 349
f 243 349 350
f 243 350 351
f 243 351 352
f 243 352 353
f 243 353 354
f 243 354 355
f 243 355 356
f 243 356 357
f 243 357 358
f 243 358 359
f 243 359 360
f 243 360 361
f 243 361 362
f 243 362 363
f 243 363 364
f 243 364 365
f 243 365 366
f 243 366 367
f 243 367 368
f 243 368 369
f 243 369 370
f 243 370 371
f 243 371 372
f 243 372 373
f 243 373 374
f 243 374 375
f 243 375 376
f 243 376 377
f 243 377 378
f 243 378 379
f 243 379 380
f 243 380 381
f 243 381 382
f 243 382 383
f 243 383 384
f 243 384 385
f 243 385 386
f 243 386 387
f 243 387 388
f 243 388 389
f 243 389 390
f 243 390 391
f 243 391 392
f 243 392 393
f 243 393 394
f 243 394 395
f 243 395 396
f 243 396 397
f 243 397 398
f 243 398 399
f 243 399 400
f 243 400 401
f 243 401 402
f 243 402 403
f 243 403 404
f 243 404 405
f 243 405 406
f 243 406 407
f 243 407 408
f 243 408 409
f 243 409 410
f 243 410 411
f 243 411 412
f 243 412 413
f 243 413 414
f 243 414 415
f 243 415 416
f 243 416 417
f 243 417 418
f 243 418 419
f 243 419 420
f 243 420 421
f 243 421 422
f 243 422 423
f 243 423 424
f 243 424 425
f 243 425 426
f 243 426 427
f 243 427 428
f 243 428 429
f 243 429 430
f 243 430 431
f 243 431 432
f 243 432 433
f 243 433 434
f 243 434 435
f 243 435 436
f 243 436 437
f 243 437 438
f 243 438 439
f 243 439 440
f 243 440 441
f 243 441 442
f 243 442 443
f 243 443 444
f 243 444 445
f 243 445 446
f 243 446 447
f 243 447 448
f 243 448 449
f 243 449 450
f 243 450 451
f 243 451 452
f 243 452 453
f 243 453 454
f 243 454 455
f 243 455 456
f 243 456 457
f 243 457 458
f 243 458 459
f 243 459 460
f 243 460 461
f 243 461 462
f 243 462 463
f 243 463 464
f 243 464 465
f 243 465 466
f 243 466 467
f 243 467 468
f 243 468 469
f 243 469 470
f 243 470 471
f 243 471 472
f 243 472 473
f 243 473 474
f 243 474 475
f 243 475 476
f 243 476 477
f 243 477 478
f 243 478 479
f 243 479 480
f 243 480 481
f 243 481 482
f 243 482 483
f 243 483 484
f 1 2 243
f 2 244 243
f 2 3 244
f 3 245 244
f 3 4 245
f 4 246 245
f 4 5 246
f 5 247 246
f 5 6 247
f 6 248 247
f 6 7 248
f 7 249 248
f 7 8 249
f 8 250 249
f 8 9 250
f 9 251 250
f 9 10 251
f 10 252 251
f 10 11 252
f 11 253 252
f 11 12 253
f 12 254 253
f 12 13 254
f 13 255 254
f 13 14 255
f 14 256 255
f 14 15 256
f 15 257 256
f 15 16 257
f 16 258 257
f 16 17 258
f 17 259 258
f 17 18 259
f 18 260 259
f 18 19 260
f 19 261 260
f 19 20 261
f 20 262 261
f 20 21 262
f 21 263 262
f 21 22 263
f 22 264 263
f 22 23 264
f 23 265 264
f 23 24 265
f 24 266 265
f 24 25 266
f 25 267 266
f 25 26 267
f 26 268 267
f 26 27 268
f 27 269 268
f 27 28 269
f 28 270 269
f 28 29 270
f 29 271 270
f 29 30 271
f 30 272 271
f 30 31 272
f 31 273 272
f 31 32 273
f 32 274 273
f 32 33 274
f 33 275 274
f 33 34 275
f 34 276 275
f 34 35 276
f 35 277 276
f 35 36 277
f 36 278 277
f 36 37 278
f 37 279 278
f 37 38 279
f 38 280 279
f 38 39 280
f 39 281 280
f 39 40 281
f 40 282 281
f 40 41 282
f 41 283 282
f 41 42 283
f 42 284 283
f 42 43 284
f 43 285 284
f 43 44 285
f 44 286 285
f 44 45 286
f 45 287 286
f 45 46 287
f 46 288 287
f 46 47 288
f 47 289 288
f 47 48 289
f 48 290 289
f 48 49 290
f 49 291 290
f 49 50 291
f 50 292 291
f 50 51 292
f 51 293 292
f 51 52 293
f 52 294 293
f 52 53 294
f 53 295 294
f 53 54 295
f 54 296 295
f 54 55 296
f 55 297 296
f 55 56 297
f 56 298 297
f 56 57 298
f 57 299 298
f 57 58 299
f 58 300 299
f 58 59 300
f 59 301 300
f 59 60 301
f 60 302 301
f 60 61 302
f 61 303 302
f 61 62 303
f 62 304 303
f 62 63 304
f 63 305 304
f 63 64 305
f 64 306 305
f 64 65 306
f 65 307 306
f 65 66 307
f 66 308 307
f 66 67 308
f 67 309 308
f 67 68 309
f 68 310 309
f 68 69 310
f 69 311 310
f 69 70 311
f 70 312 311
f 70 71 312
f 71 313 312
f 71 72 313
f 72 314 313
f 72 73 314
f 73 315 314
f 73 74 315
f 74 316 315
f 74 75 316
f 75 317 316
f 75 76 317
f 76 318 317
f 76 77 318
f 77 319 318
f 77 78 319
f 78 320 319
f 78 79 320
f 79 321 320
f 79 80 321
f 80 322 321
f 80 81 322
f 81 323 322
f 81 82 323
f 82 324 323
f 82 83 324
f 83 325 324
f 83 84 325
f 84 326 325
f 84 85 326
f 85 327 326
f 85 86 327
f 86 328 327
f 86 87 328
f 87 329 328
f 87 88 329
f 88 330 329
f 88 89 330
f 89 331 330
f 89 90 331
f 90 332 331
f 90 91 332
f 91 333 332
f 91 92 333
f 92 334 333
f 92 93 334
f 93 335 334
f 93 94 335
f 94 336 335
f 94 95 336
f 95 337 336
f 95 96 337
f 96 338 337
f 96 97 338
f 97 339 338
f 97 98 339
f 98 340 339
f 98 99 340
f 99 341 340
f 99 100 341
f 100 342 341
f 100 101 342
f 101 343 342
f 101 102 343
f 102 344 343
f 102 103 344
f 103 345 344
f 103 104 345
f 104 346 345
f 104 105 346
f 105 347 346
f 105 106 347
f 106 348 347
f 106 107 348
f 107 349 348
f 107 108 349
f 108 350 349
f 108 109 350
f 109 351 350
f 109 110 351
f 110 352 351
f 110 111 352
f 111 353 352
f 111 112 353
f 112 354 353
f 112 113 354
f 113 355 354
f 113 114 355
f 114 356 355
f 114 115 356
f 115 357 356
f 115 116 357
f 116 358 357
f 116 117 358
f 117 359 358
f 117 118 359
f 118 360 359
f 118 119 360
f 119 361 360
f 119 120 361
f 120 362 361
f 120 121 362
f 121 363 362
f 121 122 363
f 122 364 363
f 122 123 364
f 123 365 364
f 123 124 365
f 124 366 365
f 124 125 366
f 125 367 366
f 125 126 367
f 126 368 367
f 126 127 368
f 127 369 368
f 127 128 369
f 128 370 369
f 128 129 370
f 129 371 370
f 129 130 371
f 130 372 371
f 130 131 372
f 131 373 372
f 131 132 373
f 132 374 373
f 132 133 374
f 133 375 374
f 133 134 375
f 134 376 375
f 134 135 376
f 135 377 376
f 135 136 377
f 136 378 377
f 136 137 378
f 137 379 378
f 137 138 379
f 138 380 379
f 138 139 380
f 139 381 380
f 139 140 381
f 140 382 381
f 140 141 382
f 141 383 382
f 141 142 383
f 142 384 383
f 142 143 384
f 143 385 384
f 143 144 385
f 144 386 385
f 144 145 386
f 145 387 386
f 145 146 387
f 146 388 387
f 146 147 388
f 147 389 388
f 147 148 389
f 148 390 389
f 148 149 390
f 149 391 390
f 149 150 391
f 150 392 391
f 150 151 392
f 151 393 392
f 151 152 393
f 152 394 393
f 152 153 394
f 153 395 394
f 153 154 395
f 154 396 395
f 154 155 396
f 155 397 396
f 155 156 397
f 156 398 397
f 156 157 398
f 157 399 398
f 157 158 399
f 158 400 399
f 158 159 400
f 159 401 400
f 159 160 401
f 160 402 401
f 160 161 402
f 161 403 402
f 161 162 403
f 162 404 403
f 162 163 404
f 163 405 404
f 163 164 405
f 164 406 405
f 164 165 406
f 165 407 406
f 165 166 407
f 166 408 407
f 166 167 408
f 167 409 408
f 167 168 409
f 168 410 409
f 168 169 410
f 169 411 410
f 169 170 411
f 170 412 411
f 170 171 412
f 171 413 412
f 171 172 413
f 172 414 413
f 172 173 414
f 173 415 414
f 173 174 415
f 174 416 415
f 174 175 416
f 175 417 416
f 175 176 417
f 176 418 417
f 176 177 418
f 177 419 418
f 177 178 419
f 178 420 419
f 178 179 420
f 179 421 420
f 179 180 421
f 180 422 421
f 180 181 422
f 181 423 422
f 181 182 423
f 182 424 423
f 182 183 424
f 183 425 424
f 183 184 425
f 184 426 425
f 184 185 426
f 185 427 426
f 185 186 427
f 186 428 427
f 186 187 428
f 187 429 428
f 187 188 429
f 188 430 429
f 188 189 430
f 189 431 430
f 189 190 431
f 190 432 431
f 190 191 432
f 191 433 432
f 191 192 433
f 192 434 433
f 192 193 434
f 193 435 434
f 193 194 435
f 194 436 435
f 194 195 436
f 195 437 436
f 195 196 437
f 196 438 437
f 196 197 438
f 197 439 438
f 197 198 439
f 198 440 439
f 198 199 440
f 199 441 440
f 199 200 441
f 200 442 441
f 200 201 442
f 201 443 442
f 201 202 443
f 202 444 443
f 202 203 444
f 203 445 444
f 203 204 445
f 204 446 445
f 204 205 446
f 205 447 446
f 205 206 447
f 206 448 447
f 206 207 448
f 207 449 448
f 207 208 449
f 208 450 449
f 208 209 450
f 209 451 450
f 209 210 451
f 210 452 451
f 210 211 452
f 211 453 452
f 211 212 453
f 212 454 453
f 212 213 454
f 213 455 454
f 213 214 455
f 214 456 455
f 214 215 456
f 215 457 456
f 215 216 457
f 216 458 457
f 216 217 458
f 217 459 458
f 217 218 459
f 218 460 459
f 218 219 460
f 219 461 460
f 219 220 461
f 220 462 461
f 220 221 462
f 221 463 462
f 221 222 463
f 222 464 463
f 222 223 464
f 223 465 464
f 223 224 465
f 224 466 465
f 224 225 466
f 225 467 466
f 225 226 467
f 226 468 467
f 226 227 468
f 227 469 468
f 227 228 469
f 228 470 469
f 228 229 470
f 229 471 470
f 229 230 471
f 230 472 471
f 230 231 472
f 231 473 472
f 231 232 473
f 232 474 473
f 232 233 474
f 233 475 474
f 233 234 475
f 234 476 475
f 234 235 476
f 235 477 476
f 235 236 477
f 236 478 477
f 236 237 478
f 237 479 478
f 237 238 479
f 238 480 479
f 238 239 480
f 239 481 480
f 239 240 481
f 240 482 481
f 240 241 482
f 241 483 482
f 241 242 483
f 242 484 483
f 242 1 484
f 1 243 484
f 502 503 504
f 502 504 505
f 502 505 506
f 502 506 507
f 502 507 508
f 502 508 509
f 502 509 510
f 502 510 511
f 502 511 512
f 502 512 513
f 502 513 514
f 502 514 515
f 502 515 516
f 502 516 517
f 502 517 518
f 485 486 502
f 486 503 502
f 486 487 503
f 487 504 503
f 487 488 504
f 488 505 504
f 488 489 505
f 489 506 505
f 489 490 506
f 490 507 506
f 490 491 507
f 491 508 507
f 491 492 508
f 492 509 508
f 492 493 509
f 493 510 509
f 493 494 510
f 494 511 510
f 494 495 511
f 495 512 511
f 495 496 512
f 496 513 512
f 496 497 513
f 497 514 513
f 497 498 514
f 498 515 514
f 498 499 515
f 499 516 515
f 499 500 516
f 500 517 516
f 500 501 517
f 501 518 517
f 501 485 518
f 485 502 518
f 539 540 541
f 539 541 542
f 539 542 543
f 539 543 544
f 539 544 545
f 539 545 546
f 539 546 547
f 539 547 548
f 539 548 549
f 539 549 550
f 539 550 551
f 539 551 552
f 539 552 553
f 539 553 554
f 539 554 555
f 539 555 556
f 539 556 557
f 539 557 558
f 519 520 539
f 520 540 539
f 520 521 540
f 521 541 540
f 521 522 541
f 522 542 541
f 522 523 542
f 523 543 542
f 523 524 543
f 524 544 543
f 524 525 544
f 525 545 544
f 525 526 545
f 526 546 545
f 526 527 546
f 527 547 546
f 527 528 547
f 528 548 547
f 528 529 548
f 529 549 548
f 529 530 549
f 530 550 549
f 530 531 550
f 531 551 550
f 531 532 551
f 532 552 551
f 532 533 552
f 533 553 552
f 533 534 553
f 534 554 553
f 534 535 554
f 535 555 554
f 535 536 555
f 536 556 555
f 536 537 556
f 537 557 556
f 537 538 557
f 538 558 557
f 538 519 558
f 519 539 558
f 713 714 715
f 713 715 716
f 713 716 717
f 713 717 718
f 713 718 719
f 713 719 720
f 713 720 721
f 713 721 722
f 713 722 723
f 713 723 724
f 713 724 725
f 713 725 726
f 713 726 727
f 713 727 728
f 713 728 729
f 713 729 730
f 713 730 731
f 713 731 732
f 713 732 733
f 713 733 734
f 713 734 735
f 713 735 736
f 713 736 737
f 713 737 738
f 713 738 739
f 713 739 740
f 713 740 741
f 713 741 742
f 713 742 743
f 713 743 744
f 713 744 745
f 713 745 746
f 713 746 747
f 713 747 748
f 713 748 749
f 713 749 750
f 713 750 751
f 713 751 752
f 713 752 753
f 713 753 754
f 713 754 755
f 713 755 756
f 713 756 757
f 713 757 758
f 713 758 759
f 713 759 760
f 713 760 761
f 713 761 762
f 713 762 763
f 713 763 764
f 713 764 765
f 713 765 766
f 713 766 767
f 713 767 768
f 713 768 769
f 713 769 770
f 713 770 771
f 713 771 772
f 713 772 773
f 713 773 774
f 713 774 775
f 713 775 776
f 713 776 777
f 713 777 778
f 713 778 779
f 713 779 780
f 713 780 781
f 713 781 782
f 713 782 783
f 713 783 784
f 713 784 785
f 713 785 786
f 713 786 787
f 713 787 788
f 713 788 789
f 713 789 790
f 713 790 791
f 713 791 792
f 713 792 793
f 713 793 794
f 713 794 795
f 713 795 796
f 713 796 797
f 713 797 798
f 713 798 799
f 713 799 800
f 713 800 801
f 713 801 802
f 713 802 803
f 713 803 804
f 713 804 805
f 713 805 806
f 713 806 807
f 713 807 808
f 713 808 809
f 713 809 810
f 713 810 811
f 713 811 812
f 713 812 813
f 713 813 814
f 713 814 815
f 713 815 816
f 713 816 817
f 713 817 818
f 713 818 819
f 713 819 820
f 713 820 821
f 713 821 822
f 713 822 823
f 713 823 824
f 713 824 825
f 713 825 826
f 713 826 827
f 713 827 828
f 713 828 829
f 713 829 830
f 713 830 831
f 713 831 832
f 713 832 833
f 713 833 834
f 713 834 835
f 713 835 836
f 713 836 837
f 713 837 838
f 713 838 839
f 713 839 840
f 713 840 841
f 713 841 842
f 713 842 843
f 713 843 844
f 713 844 845
f 713 845 846
f 713 846 847
f 713 847 848
f 713 848 849
f 713 849 850
f 713 850 851
f 713 851 852
f 713 852 853
f 713 853 854
f 713 854 855
f 713 855 856
f 713 856 857
f 713 857 858
f 713 858 859
f 713 859 860
f 713 860 861
f 713 861 862
f 713 862 863
f 713 863 864
f 713 864 865
f 713 865 866
f 559 560 713
f 560 714 713
f 560 561 714
f 561 715 714
f 561 562 715
f 562 716 715
f 562 563 716
f 563 717 716
f 563 564 717
f 564 718 717
f 564 565 718
f 565 719 718
f 565 566 719
f 566 720 719
f 566 567 720
f 567 721 720
f 567 568 721
f 568 722 721
f 568 569 722
f 569 723 722
f 569 570 723
f 570 724 723
f 570 571 724
f 571 725 724
f 571 572 725
f 572 726 725
f 572 573 726
f 573 727 726
f 573 574 727
f 574 728 727
f 574 575 728
f 575 729 728
f 575 576 729
f 576 730 729
f 576 577 730
f 577 731 730
f 577 578 731
f 578 732 731
f 578 579 732
f 579 733 732
f 579 580 733
f 580 734 733
f 580 581 734
f 581 735 734
f 581 582 735
f 582 736 735
f 582 583 736
f 583 737 736
f 583 584 737
f 584 738 737
f 584 585 738
f 585 739 738
f 585 586 739
f 586 740 739
f 586 587 740
f 587 741 740
f 587 588 741
f 588 742 741
f 588 589 742
f 589 743 742
f 589 590 743
f 590 744 743
f 590 591 744
f 591 745 744
f 591 592 745
f 592 746 745
f 592 593 746
f 593 747 746
f 593 594 747
f 594 748 747
f 594 595 748
f 595 749 748
f 595 596 749
f 596 750 749
f 596 597 750
f 597 751 750
f 597 598 751
f 598 752 751
f 598 599 752
f 599 753 752
f 599 600 753
f 600 754 753
f 600 601 754
f 601 755 754
f 601 602 755
f 602 756 755
f 602 603 756
f 603 757 756
f 603 604 757
f 604 758 757
f 604 605 758
f 605 759 758
f 605 606 759
f 606 760 759
f 606 607 760
f 607 761 760
f 607 608 761
f 608 762 761
f 608 609 762
f 609 763 762
f 609 610 763
f 610 764 763
f 610 611 764
f 611 765 764
f 611 612 765
f 612 766 765
f 612 613 766
f 613 767 766
f 613 614 767
f 614 768 767
f 614 615 768
f 615 769 768
f 615 616 769
f 616 770 769
f 616 617 770
f 617 771 770
f 617 618 771
f 618 772 771
f 618 619 772
f 619 773 772
f 619 620 773
f 620 774 773
f 620 621 774
f 621 775 774
f 621 622 775
f 622 776 775
f 622 623 776
f 623 777 776
f 623 624 777
f 624 778 777
f 624 625 778
f 625 779 778
f 625 626 779
f 626 780 779
f 626 627 780
f 627 781 780
f 627 628 781
f 628 782 781
f 628 629 782
f 629 783 782
f 629 630 783
f 630 784 783
f 630 631 784
f 631 785 784
f 631 632 785
f 632 786 785
f 632 633 786
f 633 787 786
f 633 634 787
f 634 788 787
f 634 635 788
f 635 789 788
f 635 636 789
f 636 790 789
f 636 637 790
f 637 791 790
f 637 638 791
f 638 792 791
f 638 639 792
f 639 793 792
f 639 640 793
f 640 794 793
f 640 641 794
f 641 795 794
f 641 642 795
f 642 796 795
f 642 643 796
f 643 797 796
f 643 644 797
f 644 798 797
f 644 645 798
f 645 799 798
f 645 646 799
f 646 800 799
f 646 647 800
f 647 801 800
f 647 648 801
f 648 802 801
f 648 649 802
f 649 803 802
f 649 650 803
f 650 804 803
f 650 651 804
f 651 805 804
f 651 652 805
f 652 806 805
f 652 653 806
f 653 807 806
f 653 654 807
f 654 808 807
f 654 655 808
f 655 809 808
f 655 656 809
f 656 810 809
f 656 657 810
f 657 811 810
f 657 658 811
f 658 812 811
f 658 659 812
f 659 813 812
f 659 660 813
f 660 814 813
f 660 661 814
f 661 815 814
f 661 662 815
f 662 816 815
f 662 663 816
f 663 817 816
f 663 664 817
f 664 818 817
f 664 665 818
f 665 819 818
f 665 666 819
f 666 820 819
f 666 667 820
f 667 821 820
f 667 668 821
f 668 822 821
f 668 669 822
f 669 823 822
f 669 670 823
f 670 824 823
f 670 671 824
f 671 825 824
f 671 672 825
f 672 826 825
f 672 673 826
f 673 827 826
f 673 674 827
f 674 828 827
f 674 675 828
f 675 829 828
f 675 676 829
f 676 830 829
f 676 677 830
f 677 831 830
f 677 678 831
f 678 832 831
f 678 679 832
f 679 833 832
f 679 680 833
f 680 834 833
f 680 681 834
f 681 835 834
f 681 682 835
f 682 836 835
f 682 683 836
f 683 837 836
f 683 684 837
f 684 838 837
f 684 685 838
f 685 839 838
f 685 686 839
f 686 840 839
f 686 687 840
f 687 841 840
f 687 688 841
f 688 842 841
f 688 689 842
f 689 843 842
f 689 690 843
f 690 844 843
f 690 691 844
f 691 845 844
f 691 692 845
f 692 846 845
f 692 693 846
f 693 847 846
f 693 694 847
f 694 848 847
f 694 695 848
f 695 849 848
f 695 696 849
f 696 850 849
f 696 697 850
f 697 851 850
f 697 698 851
f 698 852 851
f 698 699 852
f 699 853 852
f 699 700 853
f 700 854 853
f 700 701 854
f 701 855 854
f 701 702 855
f 702 856 855
f 702 703 856
f 703 857 856
f 703 704 857
f 704 858 857
f 704 705 858
f 705 859 858
f 705 706 859
f 706 860 859
f 706 707 860
f 707 861 860
f 707 708 861
f 708 862 861
f 708 709 862
f 709 863 862
f 709 710 863
f 710 864 863
f 710 711 864
f 711 865 864
f 711 712 865
f 712 866 865
f 712 559 866
f 559 713 866
f 877 878 879
f 877 879 880
f 877 880 881
f 877 881 882
f 877 882 883
f 877 883 884
f 877 884 885
f 877 885 886
f 867 868 877
f 868 878 877
f 868 869 878
f 869 879 878
f 869 870 879
f 870 880 879
f 870 871 880
f 871 881 880
f 871 872 881
f 872 882 881
f 872 873 882
f 873 883 882
f 873 874 883
f 874 884 883
f 874 875 884
f 875 885 884
f 875 876 885
f 876 886 885
f 876 867 886
f 867 877 886
f 937 938 939
f 937 939 940
f 937 940 941
f 937 941 942
f 937 942 943
f 937 943 944
f 937 944 945
f 937 945 946
f 937 946 947
f 937 947 948
f 937 948 949
f 937 949 950
f 937 950 951
f 937 951 952
f 937 952 953
f 937 953 954
f 937 954 955
f 937 955 956
f 937 956 957
f 937 957 958
f 937 958 959
f 937 959 960
f 937 960 961
f 937 961 962
f 937 962 963
f 937 963 964
f 937 964 965
f 937 965 966
f 937 966 967
f 937 967 968
f 937 968 969
f 937 969 970
f 937 970 971
f 937 971 972
f 937 972 973
f 937 973 974
f 937 974 975
f 937 975 976
f 937 976 977
f 937 977 978
f 937 978 979
f 937 979 980
f 937 980 981
f 937 981 982
f 937 982 983
f 937 983 984
f 937 984 985
f 937 985 986
f 887 888 937
f 888 938 937
f 888 889 938
f 889 939 938
f 889 890 939
f 890 940 939
f 890 891 940
f 891 941 940
f 891 892 941
f 892 942 941
f 892 893 942
f 893 943 942
f 893 894 943
f 894 944 943
f 894 895 944
f 895 945 944
f 895 896 945
f 896 946 945
f 896 897 946
f 897 947 946
f 897 898 947
f 898 948 947
f 898 899 948
f 899 949 948
f 899 900 949
f 900 950 949
f 900 901 950
f 901 951 950
f 901 902 951
f 902 952 951
f 902 903 952
f 903 953 952
f 903 904 953
f 904 954 953
f 904 905 954
f 905 955 954
f 905 906 955
f 906 956 955
f 906 907 956
f 907 957 956
f 907 908 957
f 908 958 957
f 908 909 958
f 909 959 958
f 909 910 959
f 910 960 959
f 910 911 960
f 911 961 960
f 911 912 961
f 912 962 961
f 912 913 962
f 913 963 962
f 913 914 963
f 914 964 963
f 914 915 964
f 915 965 964
f 915 916 965
f 916 966 965
f 916 917 966
f 917 967 966
f 917 918 967
f 918 968 967
f 918 919 968
f 919 969 968
f 919 920 969
f 920 970 969
f 920 921 970
f 921 971 970
f 921 922 971
f 922 972 971
f 922 923 972
f 923 973 972
f 923 924 973
f 924 974 973
f 924 925 974
f 925 975 974
f 925 926 975
f 926 976 975
f 926 927 976
f 927 977 976
f 927 928 977
f 928 978 977
f 928 929 978
f 929 979 978
f 929 930 979
f 930 980 979
f 930 931 980
f 931 981 980
f 931 932 981
f 932 982 981
f 932 933 982
f 933 983 982
f 933 934 983
f 934 984 983
f 934 935 984
f 935 985 984
f 935 936 985
f 936 986 985
f 936 887 986
f 887 937 986
f 1300 1301 1302
f 1300 1302 1303
f 1300 1303 1304
f 1300 1304 1305
f 1300 1305 1306
f 1300 1306 1307
f 1300 1307 1308
f 1300 1308 1309
f 1300 1309 1310
f 1300 1310 1311
f 1300 1311 1312
f 1300 1312 1313
f 1300 1313 1314
f 1300 1314 1315
f 1300 1315 1316
f 1300 1316 1317
f 1300 1317 1318
f 1300 1318 1319
f 1300 1319 1320
f 1300 1320 1321
f 1300 1321 1322
f 1300 1322 1323
f 1300 1323 1324
f 1300 1324 1325
f 1300 1325 1326
f 1300 1326 1327
f 1300 1327 1328
f 1300 1328 1329
f 1300 1329 1330
f 1300 1330 1331
f 1300 1331 1332
f 1300 1332 1333
f 1300 1333 1334
f 1300 1334 1335
f 1300 1335 1336
f 1300 1336 1337
f 1300 1337 1338
f 1300 1338 1339
f 1300 1339 1340
f 1300 1340 1341
f 1300 1341 1342
f 1300 1342 1343
f 1300 1343 1344
f 1300 1344 1345
f 1300 1345 1346
f 1300 1346 1347
f 1300 1347 1348
f 1300 1348 1349
f 1300 1349 1350
f 1300 1350 1351
f 1300 1351 1352
f 1300 1352 1353
f 1300 1353 1354
f 1300 1354 1355
f 1300 1355 1356
f 1300 1356 1357
f 1300 1357 1358
f 1300 1358 1359
f 1300 1359 1360
f 1300 1360 1361
f 1300 1361 1362
f 1300 1362 1363
f 1300 1363 1364
f 1300 1364 1365
f 1300 1365 1366
f 1300 1366 1367
f 1300 1367 1368
f 1300 1368 1369
f 1300 1369 1370
f 1300 1370 1371
f 1300 1371 1372
f 1300 1372 1373
f 1300 1373 1374
f 1300 1374 1375
f 1300 1375 1376
f 1300 1376 1377
f 1300 1377 1378
f 1300 1378 1379
f 1300 1379 1380
f 1300 1380 1381
f 1300 1381 1382
f 1300 1382 1383
f 1300 1383 1384
f 1300 1384 1385
f 1300 1385 1386
f 1300 1386 1387
f 1300 1387 1388
f 1300 1388 1389
f 1300 1389 1390
f 1300 1390 1391
f 1300 1391 1392
f 1300 1392 1393
f 1300 1393 1394
f 1300 1394 1395
f 1300 1395 1396
f 1300 1396 1397
f 1300 1397 1398
f 1300 1398 1399
f 1300 1399 1400
f 1300 1400 1401
f 1300 1401 1402
f 1300 1402 1403
f 1300 1403 1404
f 1300 1404 1405
f 1300 1405 1406
f 1300 1406 1407
f 1300 1407 1408
f 1300 1408 1409
f 1300 1409 1410
f 1300 1410 1411
f 1300 1411 1412
f 1300 1412 1413
f 1300 1413 1414
f 1300 1414 1415
f 1300 1415 1416
f 1300 1416 1417
f 1300 1417 1418
f 1300 1418 1419
f 1300 1419 1420
f 1300 1420 1421
f 1300 1421 1422
f 1300 1422 1423
f 1300 1423 1424
f 1300 1424 1425
f 1300 1425 1426
f 1300 1426 1427
f 1300 1427 1428
f 1300 1428 1429
f 1300 1429 1430
f 1300 1430 1431
f 1300 1431 1432
f 1300 1432 1433
f 1300 1433 1434
f 1300 1434 1435
f 1300 1435 1436
f 1300 1436 1437
f 1300 1437 1438
f 1300 1438 1439
f 1300 1439 1440
f 1300 1440 1441
f 1300 1441 1442
f 1300 1442 1443
f 1300 1443 1444
f 1300 1444 1445
f 1300 1445 1446
f 1300 1446 1447
f 1300 1447 1448
f 1300 1448 1449
f 1300 1449 1450
f 1300 1450 1451
f 1300 1451 1452
f 1300 1452 1453
f 1300 1453 1454
f 1300 1454 1455
f 1300 1455 1456
f 1300 1456 1457
f 1300 1457 1458
f 1300 1458 1459
f 1300 1459 1460
f 1300 1460 1461
f 1300 1461 1462
f 1300 1462 1463
f 1300 1463 1464
f 1300 1464 1465
f 1300 1465 1466
f 1300 1466 1467
f 1300 1467 1468
f 1300 1468 1469
f 1300 1469 1470
f 1300 1470 1471
f 1300 1471 1472
f 1300 1472 1473
f 1300 1473 1474
f 1300 1474 1475
f 1300 1475 1476
f 1300 1476 1477
f 1300 1477 1478
f 1300 1478 1479
f 1300 1479 1480
f 1300 1480 1481
f 1300 1481 1482
f 1300 1482 1483
f 1300 1483 1484
f 1300 1484 1485
f 1300 1485 1486
f 1300 1486 1487
f 1300 1487 1488
f 1300 1488 1489
f 1300 1489 1490
f 1300 1490 1491
f 1300 1491 1492
f 1300 1492 1493
f 1300 1493 1494
f 1300 1494 1495
f 1300 1495 1496
f 1300 1496 1497
f 1300 1497 1498
f 1300 1498 1499
f 1300 1499 1500
f 1300 1500 1501
f 1300 1501 1502
f 1300 1502 1503
f 1300 1503 1504
f 1300 1504 1505
f 1300 1505 1506
f 1300 1506 1507
f 1300 1507 1508
f 1300 1508 1509
f 1300 1509 1510
f 1300 1510 1511
f 1300 1511 1512
f 1300 1512 1513
f 1300 1513 1514
f 1300 1514 1515
f 1300 1515 1516
f 1300 1516 1517
f 1300 1517 1518
f 1300 1518 1519
f 1300 1519 1520
f 1300 1520 1521
f 1300 1521 1522
f 1300 1522 1523
f 1300 1523 1524
f 1300 1524 1525
f 1300 1525 1526
f 1300 1526 1527
f 1300 1527 1528
f 1300 1528 1529
f 1300 1529 1530
f 1300 1530 1531
f 1300 1531 1532
f 1300 1532 1533
f 1300 1533 1534
f 1300 1534 1535
f 1300 1535 1536
f 1300 1536 1537
f 1300 1537 1538
f 1300 1538 1539
f 1300 1539 1540
f 1300 1540 1541
f 1300 1541 1542
f 1300 1542 1543
f 1300 1543 1544
f 1300 1544 1545
f 1300 1545 1546
f 1300 1546 1547
f 1300 1547 1548
f 1300 1548 1549
f 1300 1549 1550
f 1300 1550 1551
f 1300 1551 1552
f 1300 1552 1553
f 1300 1553 1554
f 1300 1554 1555
f 1300 1555 1556
f 1300 1556 1557
f 1300 1557 1558
f 1300 1558 1559
f 1300 1559 1560
f 1300 1560 1561
f 1300 1561 1562
f 1300 1562 1563
f 1300 1563 1564
f 1300 1564 1565
f 1300 1565 1566
f 1300 1566 1567
f 1300 1567 1568
f 1300 1568 1569
f 1300 1569 1570
f 1300 1570 1571
f 1300 1571 1572
f 1300 1572 1573
f 1300 1573 1574
f 1300 1574 1575
f 1300 1575 1576
f 1300 1576 1577
f 1300 1577 1578
f 1300 1578 1579
f 1300 1579 1580
f 1300 1580 1581
f 1300 1581 1582
f 1300 1582 1583
f 1300 1583 1584
f 1300 1584 1585
f 1300 1585 1586
f 1300 1586 1587
f 1300 1587 1588
f 1300 1588 1589
f 1300 1589 1590
f 1300 1590 1591
f 1300 1591 1592
f 1300 1592 1593
f 1300 1593 1594
f 1300 1594 1595
f 1300 1595 1596
f 1300 1596 1597
f 1300 1597 1598
f 1300 1598 1599
f 1300 1599 1600
f 1300 1600 1601
f 1300 1601 1602
f 1300 1602 1603
f 1300 1603 1604
f 1300 1604 1605
f 1300 1605 1606
f 1300 1606 1607
f 1300 1607 1608
f 1300 1608 1609
f 1300 1609 1610
f 1300 1610 1611
f 1300 1611 1612
f 987 988 1300
f 988 1301 1300
f 988 989 1301
f 989 1302 1301
f 989 990 1302
f 990 1303 1302
f 990 991 1303
f 991 1304 1303
f 991 992 1304
f 992 1305 1304
f 992 993 1305
f 993 1306 1305
f 993 994 1306
f 994 1307 1306
f 994 995 1307
f 995 1308 1307
f 995 996 1308
f 996 1309 1308
f 996 997 1309
f 997 1310 1309
f 997 998 1310
f 998 1311 1310
f 998 999 1311
f 999 1312 1311
f 999 1000 1312
f 1000 1313 1312
f 1000 1001 1313
f 1001 1314 1313
f 1001 1002 1314
f 1002 1315 1314
f 1002 1003 1315
f 1003 1316 1315
f 1003 1004 1316
f 1004 1317 1316
f 1004 1005 1317
f 1005 1318 1317
f 1005 1006 1318
f 1006 1319 1318
f 1006 1007 1319
f 1007 1320 1319
f 1007 1008 1320
f 1008 1321 1320
f 1008 1009 1321
f 1009 1322 1321
f 1009 1010 1322
f 1010 1323 1322
f 1010 1011 1323
f 1011 1324 1323
f 1011 1012 1324
f 1012 1325 1324
f 1012 1013 1325
f 1013 1326 1325
f 1013 1014 1326
f 1014 1327 1326
f 1014 1015 1327
f 1015 1328 1327
f 1015 1016 1328
f 1016 1329 1328
f 1016 1017 1329
f 1017 1330 1329
f 1017 1018 1330
f 1018 1331 1330
f 1018 1019 1331
f 1019 1332 1331
f 1019 1020 1332
f 1020 1333 1332
f 1020 1021 1333
f 1021 1334 1333
f 1021 1022 1334
f 1022 1335 1334
f 1022 1023 1335
f 1023 1336 1335
f 1023 1024 1336
f 1024 1337 1336
f 1024 1025 1337
f 1025 1338 1337
f 1025 1026 1338
f 1026 1339 1338
f 1026 1027 1339
f 1027 1340 1339
f 1027 1028 1340
f 1028 1341 1340
f 1028 1029 1341
f 1029 1342 1341
f 1029 1030 1342
f 1030 1343 1342
f 1030 1031 1343
f 1031 1344 1343
f 1031 1032 1344
f 1032 1345 1344
f 1032 1033 1345
f 1033 1346 1345
f 1033 1034 1346
f 1034 1347 1346
f 1034 1035 1347
f 1035 1348 1347
f 1035 1036 1348
f 1036 1349 1348
f 1036 1037 1349
f 1037 1350 1349
f 1037 1038 1350
f 1038 1351 1350
f 1038 1039 1351
f 1039 1352 1351
f 1039 1040 1352
f 1040 1353 1352
f 1040 1041 1353
f 1041 1354 1353
f 1041 1042 1354
f 1042 1355 1354
f 1042 1043 1355
f 1043 1356 1355
f 1043 1044 1356
f 1044 1357 1356
f 1044 1045 1357
f 1045 1358 1357
f 1045 1046 1358
f 1046 1359 1358
f 1046 1047 1359
f 1047 1360 1359
f 1047 1048 1360
f 1048 1361 1360
f 1048 1049 1361
f 1049 1362 1361
f 1049 1050 1362
f 1050 1363 1362
f 1050 1051 1363
f 1051 1364 1363
f 1051 1052 1364
f 1052 1365 1364
f 1052 1053 1365
f 1053 1366 1365
f 1053 1054 1366
f 1054 1367 1366
f 1054 1055 1367
f 1055 1368 1367
f 1055 1056 1368
f 1056 1369 1368
f 1056 1057 1369
f 1057 1370 1369
f 1057 1058 1370
f 1058 1371 1370
f 1058 1059 1371
f 1059 1372 1371
f 1059 1060 1372
f 1060 1373 1372
f 1060 1061 1373
f 1061 1374 1373
f 1061 1062 1374
f 1062 1375 1374
f 1062 1063 1375
f 1063 1376 1375
f 1063 1064 1376
f 1064 1377 1376
f 1064 1065 1377
f 1065 1378 1377
f 1065 1066 1378
f 1066 1379 1378
f 1066 1067 1379
f 1067 1380 1379
f 1067 1068 1380
f 1068 1381 1380
f 1068 1069 1381
f 1069 1382 1381
f 1069 1070 1382
f 1070 1383 1382
f 1070 1071 1383
f 1071 1384 1383
f 1071 1072 1384
f 1072 1385 1384
f 1072 1073 1385
f 1073 1386 1385
f 1073 1074 1386
f 1074 1387 1386
f 1074 1075 1387
f 1075 1388 1387
f 1075 1076 1388
f 1076 1389 1388
f 1076 1077 1389
f 1077 1390 1389
f 1077 1078 1390
f 1078 1391 1390
f 1078 1079 1391
f 1079 1392 1391
f 1079 1080 1392
f 1080 1393 1392
f 1080 1081 1393
f 1081 1394 1393
f 1081 1082 1394
f 1082 1395 1394
f 1082 1083 1395
f 1083 1396 1395
f 1083 1084 1396
f 1084 1397 1396
f 1084 1085 1397
f 1085 1398 1397
f 1085 1086 1398
f 1086 1399 1398
f 1086 1087 1399
f 1087 1400 1399
f 1087 1088 1400
f 1088 1401 1400
f 1088 1089 1401
f 1089 1402 1401
f 1089 1090 1402
f 1090 1403 1402
f 1090 1091 1403
f 1091 1404 1403
f 1091 1092 1404
f 1092 1405 1404
f 1092 1093 1405
f 1093 1406 1405
f 1093 1094 1406
f 1094 1407 1406
f 1094 1095 1407
f 1095 1408 1407
f 1095 1096 1408
f 1096 1409 1408
f 1096 1097 1409
f 1097 1410 1409
f 1097 1098 1410
f 1098 1411 1410
f 1098 1099 1411
f 1099 1412 1411
f 1099 1100 1412
f 1100 1413 1412
f 1100 1101 1413
f 1101 1414 1413
f 1101 1102 1414
f 1102 1415 1414
f 1102 1103 1415
f 1103 1416 1415
f 1103 1104 1416
f 1104 1417 1416
f 1104 1105 1417
f 1105 1418 1417
f 1105 1106 1418
f 1106 1419 1418
f 1106 1107 1419
f 1107 1420 1419
f 1107 1108 1420
f 1108 1421 1420
f 1108 1109 1421
f 1109 1422 1421
f 1109 1110 1422
f 1110 1423 1422
f 1110 1111 1423
f 1111 1424 1423
f 1111 1112 1424
f 1112 1425 1424
f 1112 1113 1425
f 1113 1426 1425
f 1113 1114 1426
f 1114 1427 1426
f 1114 1115 1427
f 1115 1428 1427
f 1115 1116 1428
f 1116 1429 1428
f 1116 1117 1429
f 1117 1430 1429
f 1117 1118 1430
f 1118 1431 1430
f 1118 1119 1431
f 1119 1432 1431
f 1119 1120 1432
f 1120 1433 1432
f 1120 1121 1433
f 1121 1434 1433
f 1121 1122 1434
f 1122 1435 1434
f 1122 1123 1435
f 1123 1436 1435
f 1123 1124 1436
f 1124 1437 1436
f 1124 1125 1437
f 1125 1438 1437
f 1125 1126 1438
f 1126 1439 1438
f 1126 1127 1439
f 1127 1440 1439
f 1127 1128 1440
f 1128 1441 1440
f 1128 1129 1441
f 1129 1442 1441
f 1129 1130 1442
f 1130 1443 1442
f 1130 1131 1443
f 1131 1444 1443
f 1131 1132 1444
f 1132 1445 1444
f 1132 1133 1445
f 1133 1446 1445
f 1133 1134 1446
f 1134 1447 1446
f 1134 1135 1447
f 1135 1448 1447
f 1135 1136 1448
f 1136 1449 1448
f 1136 1137 1449
f 1137 1450 1449
f 1137 1138 1450
f 1138 1451 1450
f 1138 1139 1451
f 1139 1452 1451
f 1139 1140 1452
f 1140 1453 1452
f 1140 1141 1453
f 1141 1454 1453
f 1141 1142 1454
f 1142 1455 1454
f 1142 1143 1455
f 1143 1456 1455
f 1143 1144 1456
f 1144 1457 1456
f 1144 1145 1457
f 1145 1458 1457
f 1145 1146 1458
f 1146 1459 1458
f 1146 1147 1459
f 1147 1460 1459
f 1147 1148 1460
f 1148 1461 1460
f 1148 1149 1461
f 1149 1462 1461
f 1149 1150 1462
f 1150 1463 1462
f 1150 1151 1463
f 1151 1464 1463
f 1151 1152 1464
f 1152 1465 1464
f 1152 1153 1465
f 1153 1466 1465
f 1153 1154 1466
f 1154 1467 1466
f 1154 1155 1467
f 1155 1468 1467
f 1155 1156 1468
f 1156 1469 1468
f 1156 1157 1469
f 1157 1470 1469
f 1157 1158 1470
f 1158 1471 1470
f 1158 1159 1471
f 1159 1472 1471
f 1159 1160 1472
f 1160 1473 1472
f 1160 1161 1473
f 1161 1474 1473
f 1161 1162 1474
f 1162 1475 1474
f 1162 1163 1475
f 1163 1476 1475
f 1163 1164 1476
f 1164 1477 1476
f 1164 1165 1477
f 1165 1478 1477
f 1165 1166 1478
f 1166 1479 1478
f 1166 1167 1479
f 1167 1480 1479
f 1167 1168 1480
f 1168 1481 1480
f 1168 1169 1481
f 1169 1482 1481
f 1169 1170 1482
f 1170 1483 1482
f 1170 1171 1483
f 1171 1484 1483
f 1171 1172 1484
f 1172 1485 1484
f 1172 1173 1485
f 1173 1486 1485
f 1173 1174 1486
f 1174 1487 1486
f 1174 1175 1487
f 1175 1488 1487
f 1175 1176 1488
f 1176 1489 1488
f 1176 1177 1489
f 1177 1490 1489
f 1177 1178 1490
f 1178 1491 1490
f 1178 1179 1491
f 1179 1492 1491
f 1179 1180 1492
f 1180 1493 1492
f 1180 1181 1493
f 1181 1494 1493
f 1181 1182 1494
f 1182 1495 1494
f 1182 1183 1495
f 1183 1496 1495
f 1183 1184 1496
f 1184 1497 1496
f 1184 1185 1497
f 1185 1498 1497
f 1185 1186 1498
f 1186 1499 1498
f 1186 1187 1499
f 1187 1500 1499
f 1187 1188 1500
f 1188 1501 1500
f 1188 1189 1501
f 1189 1502 1501
f 1189 1190 1502
f 1190 1503 1502
f 1190 1191 1503
f 1191 1504 1503
f 1191 1192 1504
f 1192 1505 1504
f 1192 1193 1505
f 1193 1506 1505
f 1193 1194 1506
f 1194 1507 1506
f 1194 1195 1507
f 1195 1508 1507
f 1195 1196 1508
f 1196 1509 1508
f 1196 1197 1509
f 1197 1510 1509
f 1197 1198 1510
f 1198 1511 1510
f 1198 1199 1511
f 1199 1512 1511
f 1199 1200 1512
f 1200 1513 1512
f 1200 1201 1513
f 1201 1514 1513
f 1201 1202 1514
f 1202 1515 1514
f 1202 1203 1515
f 1203 1516 1515
f 1203 1204 1516
f 1204 1517 1516
f 1204 1205 1517
f 1205 1518 1517
f 1205 1206 1518
f 1206 1519 1518
f 1206 1207 1519
f 1207 1520 1519
f 1207 1208 1520
f 1208 1521 1520
f 1208 1209 1521
f 1209 1522 1521
f 1209 1210 1522
f 1210 1523 1522
f 1210 1211 1523
f 1211 1524 1523
f 1211 1212 1524
f 1212 1525 1524
f 1212 1213 1525
f 1213 1526 1525
f 1213 1214 1526
f 1214 1527 1526
f 1214 1215 1527
f 1215 1528 1527
f 1215 1216 1528
f 1216 1529 1528
f 1216 1217 1529
f 1217 1530 1529
f 1217 1218 1530
f 1218 1531 1530
f 1218 1219 1531
f 1219 1532 1531
f 1219 1220 1532
f 1220 1533 1532
f 1220 1221 1533
f 1221 1534 1533
f 1221 1222 1534
f 1222 1535 1534
f 1222 1223 1535
f 1223 1536 1535
f 1223 1224 1536
f 1224 1537 1536
f 1224 1225 1537
f 1225 1538 1537
f 1225 1226 1538
f 1226 1539 1538
f 1226 1227 1539
f 1227 1540 1539
f 1227 1228 1540
f 1228 1541 1540
f 1228 1229 1541
f 1229 1542 1541
f 1229 1230 1542
f 1230 1543 1542
f 1230 1231 1543
f 1231 1544 1543
f 1231 1232 1544
f 1232 1545 1544
f 1232 1233 1545
f 1233 1546 1545
f 1233 1234 1546
f 1234 1547 1546
f 1234 1235 1547
f 1235 1548 1547
f 1235 1236 1548
f 1236 1549 1548
f 1236 1237 1549
f 1237 1550 1549
f 1237 1238 1550
f 1238 1551 1550
f 1238 1239 1551
f 1239 1552 1551
f 1239 1240 1552
f 1240 1553 1552
f 1240 1241 1553
f 1241 1554 1553
f 1241 1242 1554
f 1242 1555 1554
f 1242 1243 1555
f 1243 1556 1555
f 1243 1244 1556
f 1244 1557 1556
f 1244 1245 1557
f 1245 1558 1557
f 1245 1246 1558
f 1246 1559 1558
f 1246 1247 1559
f 1247 1560 1559
f 1247 1248 1560
f 1248 1561 1560
f 1248 1249 1561
f 1249 1562 1561
f 1249 1250 1562
f 1250 1563 1562
f 1250 1251 1563
f 1251 1564 1563
f 1251 1252 1564
f 1252 1565 1564
f 1252 1253 1565
f 1253 1566 1565
f 1253 1254 1566
f 1254 1567 1566
f 1254 1255 1567
f 1255 1568 1567
f 1255 1256 1568
f 1256 1569 1568
f 1256 1257 1569
f 1257 1570 1569
f 1257 1258 1570
f 1258 1571 1570
f 1258 1259 1571
f 1259 1572 1571
f 1259 1260 1572
f 1260 1573 1572
f 1260 1261 1573
f 1261 1574 1573
f 1261 1262 1574
f 1262 1575 1574
f 1262 1263 1575
f 1263 1576 1575
f 1263 1264 1576
f 1264 1577 1576
f 1264 1265 1577
f 1265 1578 1577
f 1265 1266 1578
f 1266 1579 1578
f 1266 1267 1579
f 1267 1580 1579
f 1267 1268 1580
f 1268 1581 1580
f 1268 1269 1581
f 1269 1582 1581
f 1269 1270 1582
f 1270 1583 1582
f 1270 1271 1583
f 1271 1584 1583
f 1271 1272 1584
f 1272 1585 1584
f 1272 1273 1585
f 1273 1586 1585
f 1273 1274 1586
f 1274 1587 1586
f 1274 1275 1587
f 1275 1588 1587
f 1275 1276 1588
f 1276 1589 1588
f 1276 1277 1589
f 1277 1590 1589
f 1277 1278 1590
f 1278 1591 1590
f 1278 1279 1591
f 1279 1592 1591
f 1279 1280 1592
f 1280 1593 1592
f 1280 1281 1593
f 1281 1594 1593
f 1281 1282 1594
f 1282 1595 1594
f 1282 1283 1595
f 1283 1596 1595
f 1283 1284 1596
f 1284 1597 1596
f 1284 1285 1597
f 1285 1598 1597
f 1285 1286 1598
f 1286 1599 1598
f 1286 1287 1599
f 1287 1600 1599
f 1287 1288 1600
f 1288 1601 1600
f 1288 1289 1601
f 1289 1602 1601
f 1289 1290 1602
f 1290 1603 1602
f 1290 1291 1603
f 1291 1604 1603
f 1291 1292 1604
f 1292 1605 1604
f 1292 1293 1605
f 1293 1606 1605
f 1293 1294 1606
f 1294 1607 1606
f 1294 1295 1607
f 1295 1608 1607
f 1295 1296 1608
f 1296 1609 1608
f 1296 1297 1609
f 1297 1610 1609
f 1297 1298 1610
f 1298 1611 1610
f 1298 1299 1611
f 1299 1612 1611
f 1299 987 1612
f 987 1300 1612
f 1704 1705 1706
f 1704 1706 1707
f 1704 1707 1708
f 1704 1708 1709
f 1704 1709 1710
f 1704 1710 1711
f 1704 1711 1712
f 1704 1712 1713
f 1704 1713 1714
f 1704 1714 1715
f 1704 1715 1716
f 1704 1716 1717
f 1704 1717 1718
f 1704 1718 1719
f 1704 1719 1720
f 1704 1720 1721
f 1704 1721 1722
f 1704 1722 1723
f 1704 1723 1724
f 1704 1724 1725
f 1704 1725 1726
f 1704 1726 1727
f 1704 1727 1728
f 1704 1728 1729
f 1704 1729 1730
f 1704 1730 1731
f 1704 1731 1732
f 1704 1732 1733
f 1704 1733 1734
f 1704 1734 1735
f 1704 1735 1736
f 1704 1736 1737
f 1704 1737 1738
f 1704 1738 1739
f 1704 1739 1740
f 1704 1740 1741
f 1704 1741 1742
f 1704 1742 1743
f 1704 1743 1744
f 1704 1744 1745
f 1704 1745 1746
f 1704 1746 1747
f 1704 1747 1748
f 1704 1748 1749
f 1704 1749 1750
f 1704 1750 1751
f 1704 1751 1752
f 1704 1752 1753
f 1704 1753 1754
f 1704 1754 1755
f 1704 1755 1756
f 1704 1756 1757
f 1704 1757 1758
f 1704 1758 1759
f 1704 1759 1760
f 1704 1760 1761
f 1704 1761 1762
f 1704 1762 1763
f 1704 1763 1764
f 1704 1764 1765
f 1704 1765 1766
f 1704 1766 1767
f 1704 1767 1768
f 1704 1768 1769
f 1704 1769 1770
f 1704 1770 1771
f 1704 1771 1772
f 1704 1772 1773
f 1704 1773 1774
f 1704 1774 1775
f 1704 1775 1776
f 1704 1776 1777
f 1704 1777 1778
f 1704 1778 1779
f 1704 1779 1780
f 1704 1780 1781
f 1704 1781 1782
f 1704 1782 1783
f 1704 1783 1784
f 1704 1784 1785
f 1704 1785 1786
f 1704 1786 1787
f 1704 1787 1788
f 1704 1788 1789
f 1704 1789 1790
f 1704 1790 1791
f 1704 1791 1792
f 1704 1792 1793
f 1704 1793 1794
f 1613 1614 1704
f 1614 1705 1704
f 1614 1615 1705
f 1615 1706 1705
f 1615 1616 1706
f 1616 1707 1706
f 1616 1617 1707
f 1617 1708 1707
f 1617 1618 1708
f 1618 1709 1708
f 1618 1619 1709
f 1619 1710 1709
f 1619 1620 1710
f 1620 1711 1710
f 1620 1621 1711
f 1621 1712 1711
f 1621 1622 1712
f 1622 1713 1712
f 1622 1623 1713
f 1623 1714 1713
f 1623 1624 1714
f 1624 1715 1714
f 1624 1625 1715
f 1625 1716 1715
f 1625 1626 1716
f 1626 1717 1716
f 1626 1627 1717
f 1627 1718 1717
f 1627 1628 1718
f 1628 1719 1718
f 1628 1629 1719
f 1629 1720 1719
f 1629 1630 1720
f 1630 1721 1720
f 1630 1631 1721
f 1631 1722 1721
f 1631 1632 1722
f 1632 1723 1722
f 1632 1633 1723
f 1633 1724 1723
f 1633 1634 1724
f 1634 1725 1724
f 1634 1635 1725
f 1635 1726 1725
f 1635 1636 1726
f 1636 1727 1726
f 1636 1637 1727
f 1637 1728 1727
f 1637 1638 1728
f 1638 1729 1728
f 1638 1639 1729
f 1639 1730 1729
f 1639 1640 1730
f 1640 1731 1730
f 1640 1641 1731
f 1641 1732 1731
f 1641 1642 1732
f 1642 1733 1732
f 1642 1643 1733
f 1643 1734 1733
f 1643 1644 1734
f 1644 1735 1734
f 1644 1645 1735
f 1645 1736 1735
f 1645 1646 1736
f 1646 1737 1736
f 1646 1647 1737
f 1647 1738 1737
f 1647 1648 1738
f 1648 1739 1738
f 1648 1649 1739
f 1649 1740 1739
f 1649 1650 1740
f 1650 1741 1740
f 1650 1651 1741
f 1651 1742 1741
f 1651 1652 1742
f 1652 1743 1742
f 1652 1653 1743
f 1653 1744 1743
f 1653 1654 1744
f 1654 1745 1744
f 1654 1655 1745
f 1655 1746 1745
f 1655 1656 1746
f 1656 1747 1746
f 1656 1657 1747
f 1657 1748 1747
f 1657 1658 1748
f 1658 1749 1748
f 1658 1659 1749
f 1659 1750 1749
f 1659 1660 1750
f 1660 1751 1750
f 1660 1661 1751
f 1661 1752 1751
f 1661 1662 1752
f 1662 1753 1752
f 1662 1663 1753
f 1663 1754 1753
f 1663 1664 1754
f 1664 1755 1754
f 1664 1665 1755
f 1665 1756 1755
f 1665 1666 1756
f 1666 1757 1756
f 1666 1667 1757
f 1667 1758 1757
f 1667 1668 1758
f 1668 1759 1758
f 1668 1669 1759
f 1669 1760 1759
f 1669 1670 1760
f 1670 1761 1760
f 1670 1671 1761
f 1671 1762 1761
f 1671 1672 1762
f 1672 1763 1762
f 1672 1673 1763
f 1673 1764 1763
f 1673 1674 1764
f 1674 1765 1764
f 1674 1675 1765
f 1675 1766 1765
f 1675 1676 1766
f 1676 1767 1766
f 1676 1677 1767
f 1677 1768 1767
f 1677 1678 1768
f 1678 1769 1768
f 1678 1679 1769
f 1679 1770 1769
f 1679 1680 1770
f 1680 1771 1770
f 1680 1681 1771
f 1681 1772 1771
f 1681 1682 1772
f 1682 1773 1772
f 1682 1683 1773
f 1683 1774 1773
f 1683 1684 1774
f 1684 1775 1774
f 1684 1685 1775
f 1685 1776 1775
f 1685 1686 1776
f 1686 1777 1776
f 1686 1687 1777
f 1687 1778 1777
f 1687 1688 1778
f 1688 1779 1778
f 1688 1689 1779
f 1689 1780 1779
f 1689 1690 1780
f 1690 1781 1780
f 1690 1691 1781
f 1691 1782 1781
f 1691 1692 1782
f 1692 1783 1782
f 1692 1693 1783
f 1693 1784 1783
f 1693 1694 1784
f 1694 1785 1784
f 1694 1695 1785
f 1695 1786 1785
f 1695 1696 1786
f 1696 1787 1786
f 1696 1697 1787
f 1697 1788 1787
f 1697 1698 1788
f 1698 1789 1788
f 1698 1699 1789
f 1699 1790 1789
f 1699 1700 1790
f 1700 1791 1790
f 1700 1701 1791
f 1701 1792 1791
f 1701 1702 1792
f 1702 1793 1792
f 1702 1703 1793
f 1703 1794 1793
f 1703 1613 1794
f 1613 1704 1794
f 1819 1820 1821
f 1819 1821 1822
f 1819 1822 1823
f 1819 1823 1824
f 1819 1824 1825
f 1819 1825 1826
f 1819 1826 1827
f 1819 1827 1828
f 1819 1828 1829
f 1819 1829 1830
f 1819 1830 1831
f 1819 1831 1832
f 1819 1832 1833
f 1819 1833 1834
f 1819 1834 1835
f 1819 1835 1836
f 1819 1836 1837
f 1819 1837 1838
f 1819 1838 1839
f 1819 1839 1840
f 1819 1840 1841
f 1819 1841 1842
f 1795 1796 1819
f 1796 1820 1819
f 1796 1797 1820
f 1797 1821 1820
f 1797 1798 1821
f 1798 1822 1821
f 1798 1799 1822
f 1799 1823 1822
f 1799 1800 1823
f 1800 1824 1823
f 1800 1801 1824
f 1801 1825 1824
f 1801 1802 1825
f 1802 1826 1825
f 1802 1803 1826
f 1803 1827 1826
f 1803 1804 1827
f 1804 1828 1827
f 1804 1805 1828
f 1805 1829 1828
f 1805 1806 1829
f 1806 1830 1829
f 1806 1807 1830
f 1807 1831 1830
f 1807 1808 1831
f 1808 1832 1831
f 1808 1809 1832
f 1809 1833 1832
f 1809 1810 1833
f 1810 1834 1833
f 1810 1811 1834
f 1811 1835 1834
f 1811 1812 1835
f 1812 1836 1835
f 1812 1813 1836
f 1813 1837 1836
f 1813 1814 1837
f 1814 1838 1837
f 1814 1815 1838
f 1815 1839 1838
f 1815 1816 1839
f 1816 1840 1839
f 1816 1817 1840
f 1817 1841 1840
f 1817 1818 1841
f 1818 1842 1841
f 1818 1795 1842
f 1795 1819 1842
