split,tile_id,category,model,iou,dice,boundary_f1,area_err_pct,cent_err_px,w_err_px,h_err_px
Copenhagen_Val,SV_Copenhagen_55.6747_12.5414.tif,mediumrise,Baseline_A,0.3856287952125319,0.5566119822926789,0.1674691159705496,675728.255221715,218.87285299181514,470.62068965517244,463.2413793103448
Copenhagen_Val,SV_Copenhagen_55.6747_12.5414.tif,mediumrise,Augmented_D,0.3732782150564936,0.5436308694973914,0.05359676133529404,1138432.6875983982,218.91885444785726,471.5081967213115,464.55737704918033
Copenhagen_Val,SV_Copenhagen_55.6828_12.5583.tif,highrise,Baseline_A,0.23220327868852458,0.3768911878495671,0.11925099715693586,3763.338826229681,195.18296070870946,398.42857142857144,375.0
Copenhagen_Val,SV_Copenhagen_55.6828_12.5583.tif,highrise,Augmented_D,0.2180831886582099,0.3580760176132819,0.041998090995863824,4598.71488608286,196.7764965744217,398.42857142857144,375.0
Copenhagen_Val,SV_Copenhagen_55.6748_12.5454.tif,highrise,Baseline_A,0.4719046844422098,0.6412163633014618,0.20504260568725244,74446.83547139776,223.15350727315374,439.0882352941176,445.61764705882354
Copenhagen_Val,SV_Copenhagen_55.6748_12.5454.tif,highrise,Augmented_D,0.4205122777307367,0.5920572237538186,0.04431228889031058,101625.58544773544,222.9519337222449,433.35897435897436,439.3333333333333
Copenhagen_Val,SV_Copenhagen_55.6724_12.5589.tif,highrise,Baseline_A,0.5458446663313138,0.7062089461119574,0.18632756275203696,1207229.0135886082,223.1766766852023,447.25,442.77777777777777
Copenhagen_Val,SV_Copenhagen_55.6724_12.5589.tif,highrise,Augmented_D,0.5643018616766948,0.7214743848375257,0.012931034482758622,1530053.973182846,219.95301364197098,450.1842105263158,445.92105263157896
Copenhagen_Val,SV_Copenhagen_55.6762_12.5631.tif,skyscraper,Baseline_A,0.4545854675222121,0.6250378237266012,0.12131000938286124,11812.489236095362,187.6709111195715,408.46666666666664,408.4
Copenhagen_Val,SV_Copenhagen_55.6762_12.5631.tif,skyscraper,Augmented_D,0.45282121642058654,0.6233681216966706,0.0866287124270048,211062.25581365929,182.7403289863807,414.75,414.625
Copenhagen_Val,SV_Copenhagen_55.6801_12.5629.tif,highrise,Baseline_A,0.2743726098289541,0.4306002933722506,0.09001048902717661,15150.504723295728,211.59186360011608,419.9,387.3
Copenhagen_Val,SV_Copenhagen_55.6801_12.5629.tif,highrise,Augmented_D,0.2677436354791633,0.42239397301799975,0.023257833166434167,18605.352926687963,212.6483762182851,419.9,387.3
Copenhagen_Val,SV_Copenhagen_55.6799_12.5366.tif,mediumrise,Baseline_A,0.45040136882517684,0.621071351015066,0.175076127108269,567831.3540094505,195.47279835958588,457.2894736842105,449.63157894736844
Copenhagen_Val,SV_Copenhagen_55.6799_12.5366.tif,mediumrise,Augmented_D,0.45684981178989537,0.6271748921443133,0.0021512315800795954,1442262.372882355,198.99717058603977,461.0731707317073,454.0731707317073
Copenhagen_Val,SV_Copenhagen_55.6984_12.5817.tif,mediumrise,Baseline_A,0.5242156188488628,0.6878496878870294,0.16879233139372243,22717.994932275844,228.15496056785454,413.0,400.0
Copenhagen_Val,SV_Copenhagen_55.6984_12.5817.tif,mediumrise,Augmented_D,0.5065745059531116,0.6724851694375843,0.0008827099194527199,31341.4390401542,228.96250487719092,413.0,400.0
Copenhagen_Val,SV_Copenhagen_55.6739_12.5632.tif,highrise,Baseline_A,0.5432401087821811,0.7040253887787673,0.09409413113171632,26046.78750426512,249.33902824480265,414.3333333333333,399.25
Copenhagen_Val,SV_Copenhagen_55.6739_12.5632.tif,highrise,Augmented_D,0.5326385646379829,0.6950608929298276,0.0094094341958648,28056.221733310605,249.5744140611954,414.3333333333333,399.25
Copenhagen_Val,SV_Copenhagen_55.6999_12.5877.tif,mediumrise,Baseline_A,0.41353884568269184,0.5851113988777102,0.15695386899978994,106061.98394919366,227.02830330337318,396.4166666666667,379.0833333333333
Copenhagen_Val,SV_Copenhagen_55.6999_12.5877.tif,mediumrise,Augmented_D,0.38810879286924405,0.5591907419115424,0.0,139874.7852042023,223.04804375427057,396.4166666666667,379.0833333333333
Copenhagen_Val,SV_Copenhagen_55.6939_12.5502.tif,mediumrise,Baseline_A,0.38841956803227,0.5595132436555262,0.11601543364801364,19458.835164539712,172.3979110419796,378.53846153846155,361.0769230769231
Copenhagen_Val,SV_Copenhagen_55.6939_12.5502.tif,mediumrise,Augmented_D,0.37165020281753036,0.5419023043252824,0.02895879486043421,82672.85126205937,201.34782285518597,413.64285714285717,399.35714285714283
Copenhagen_Val,SV_Copenhagen_55.6770_12.5512.tif,mediumrise,Baseline_A,0.4127808884603975,0.5843523108671617,0.15634753642526233,294931.0958003783,218.0857579084642,451.23333333333335,436.3333333333333
Copenhagen_Val,SV_Copenhagen_55.6770_12.5512.tif,mediumrise,Augmented_D,0.38201096751926983,0.552833481784859,0.0,298066.68410274055,219.7112790823523,449.2068965517241,433.8965517241379
Copenhagen_Val,SV_Copenhagen_55.6699_12.5541.tif,mediumrise,Baseline_A,0.48948016074486483,0.6572496548058536,0.1481705086454115,1168937.5761128217,200.10217019685007,417.1363636363636,406.6818181818182
Copenhagen_Val,SV_Copenhagen_55.6699_12.5541.tif,mediumrise,Augmented_D,0.4803354694815958,0.6489548881103365,0.0038950477250353117,3079775.1294298465,181.7056281193061,459.64516129032256,452.48387096774195
Copenhagen_Val,SV_Copenhagen_55.6798_12.5510.tif,highrise,Baseline_A,0.42066476429225447,0.5922083448051461,0.14829118904442534,73672.61359380944,211.96596014452786,414.7647058823529,397.7647058823529
Copenhagen_Val,SV_Copenhagen_55.6798_12.5510.tif,highrise,Augmented_D,0.4692172986441116,0.6387309747538851,0.05329105888693578,309140.06364339933,223.6064128453502,435.4583333333333,426.4166666666667
Copenhagen_Val,SV_Copenhagen_55.6800_12.5585.tif,highrise,Baseline_A,0.48791147766888454,0.6558340129660092,0.12780203180480335,1234315.1034346744,83.47309349090158,438.875,379.25
Copenhagen_Val,SV_Copenhagen_55.6800_12.5585.tif,highrise,Augmented_D,0.5031991514135842,0.6695043047894004,0.05052982694698725,1224679.5997905727,104.0169365953634,441.44444444444446,388.44444444444446
Copenhagen_Val,SV_Copenhagen_55.6950_12.5501.tif,mediumrise,Baseline_A,0.4784115815515441,0.6471967448326764,0.1880303933823197,135596.9395142354,237.8605145482817,407.14285714285717,379.42857142857144
Copenhagen_Val,SV_Copenhagen_55.6950_12.5501.tif,mediumrise,Augmented_D,0.4432654779214816,0.614253558617435,0.001354937051882798,457166.0859532056,238.2344529555159,413.93333333333334,388.1333333333333
Copenhagen_Val,SV_Copenhagen_55.6800_12.5610.tif,highrise,Baseline_A,0.40397452118144933,0.5754727241652554,0.11926821295708585,545647.6967136743,220.8615159497522,420.6363636363636,392.0
Copenhagen_Val,SV_Copenhagen_55.6800_12.5610.tif,highrise,Augmented_D,0.44006915844276945,0.6111778116526596,0.0,1567058.6412919727,214.70501990873657,430.61538461538464,406.53846153846155
Copenhagen_Val,SV_Copenhagen_55.6947_12.5881.tif,mediumrise,Baseline_A,0.23381395136184344,0.37901006242272955,0.08163794220552029,32338.41983020887,231.56100209097548,418.61538461538464,409.6923076923077
Copenhagen_Val,SV_Copenhagen_55.6947_12.5881.tif,mediumrise,Augmented_D,0.23781329938631152,0.38424744588576587,0.019274773753324124,33164.63132628487,233.14551564027198,421.92857142857144,414.5
Copenhagen_Val,SV_Copenhagen_55.6815_12.5628.tif,highrise,Baseline_A,0.1975533589697267,0.3299282783352298,0.07037574784325326,69789.63272776018,242.61035231324692,435.375,413.0
Copenhagen_Val,SV_Copenhagen_55.6815_12.5628.tif,highrise,Augmented_D,0.19507819182769284,0.3264693359174265,0.006316812439261418,76632.69426311484,257.3542326160423,443.3,427.1
Copenhagen_Val,SV_Copenhagen_55.6800_12.5451.tif,mediumrise,Baseline_A,0.47488837811418455,0.6439651775158528,0.18590362880024183,706332.0707800842,217.56219554804974,451.48571428571427,442.6
Copenhagen_Val,SV_Copenhagen_55.6800_12.5451.tif,mediumrise,Augmented_D,0.4649924396818092,0.6348052414288279,0.009836319458542006,811884.7550887368,221.8606848160361,453.7837837837838,445.4864864864865
Copenhagen_Val,SV_Copenhagen_55.7013_12.5865.tif,mediumrise,Baseline_A,0.49678735720937633,0.6638048548667476,0.18188922918949335,12728.52632543515,230.9852840751768,417.9,407.35
Copenhagen_Val,SV_Copenhagen_55.7013_12.5865.tif,mediumrise,Augmented_D,0.4770343693484315,0.6459353678531761,0.018591191476653755,17981.20326513547,231.30286560641858,421.2857142857143,410.42857142857144
Copenhagen_Val,SV_Copenhagen_55.6797_12.5292.tif,highrise,Baseline_A,0.4670679807619311,0.636736656905778,0.20521884362924542,1234990.485649301,229.409546311504,437.30434782608694,448.6521739130435
Copenhagen_Val,SV_Copenhagen_55.6797_12.5292.tif,highrise,Augmented_D,0.4484312746111582,0.6191957912970953,0.011690589075793987,1775006.5578723215,231.07840678835373,445.0769230769231,455.38461538461536
Copenhagen_Val,SV_Copenhagen_55.6909_12.5822.tif,mediumrise,Baseline_A,0.36367437109532746,0.5333742113276174,0.21580239483664845,23424.2570695964,201.5899011117971,400.44,419.48
Copenhagen_Val,SV_Copenhagen_55.6909_12.5822.tif,mediumrise,Augmented_D,0.36593731107287353,0.5358039612893342,0.0034521407756108497,51484.53380056821,214.91812416359105,422.03846153846155,441.53846153846155
Copenhagen_Val,SV_Copenhagen_55.6762_12.5612.tif,highrise,Baseline_A,0.3791075884214406,0.5497868209910673,0.12064618937968184,14636.66119264381,225.02736192598556,423.42857142857144,406.64285714285717
Copenhagen_Val,SV_Copenhagen_55.6762_12.5612.tif,highrise,Augmented_D,0.3819328567273395,0.5527516838000709,0.03406816160883985,16975.262341993446,224.7651317274337,423.42857142857144,406.64285714285717
Copenhagen_Val,SV_Copenhagen_55.6769_12.5294.tif,mediumrise,Baseline_A,0.20880010445227837,0.34546672139292733,0.14615328616932813,611007.5758500794,236.19439294443498,455.2,431.8
Copenhagen_Val,SV_Copenhagen_55.6769_12.5294.tif,mediumrise,Augmented_D,0.22168601050438755,0.3629181452488956,0.015886287625418057,683598.6144439423,232.63439716221438,455.2,431.8
Copenhagen_Val,SV_Copenhagen_55.6758_12.5454.tif,mediumrise,Baseline_A,0.49044259844283616,0.6581167217781267,0.1905496341533882,207216.7859118054,218.71487668693877,425.92105263157896,417.36842105263156
Copenhagen_Val,SV_Copenhagen_55.6758_12.5454.tif,mediumrise,Augmented_D,0.47863443463457916,0.6474006332104203,0.04991142009873852,395706.26347844134,235.330947356401,455.1219512195122,447.5853658536585
Copenhagen_Val,SV_Copenhagen_55.6799_12.5410.tif,mediumrise,Baseline_A,0.3669295441089402,0.536866798570998,0.17291667709865097,499233.96269666916,210.31976509309388,459.52777777777777,452.9166666666667
Copenhagen_Val,SV_Copenhagen_55.6799_12.5410.tif,mediumrise,Augmented_D,0.3557125443687184,0.5247610134556281,0.0029162634711488752,878641.7407132252,212.54898517884993,464.0,458.275
Copenhagen_Val,SV_Copenhagen_55.6784_12.5511.tif,highrise,Baseline_A,0.3908096585336083,0.5619887036816469,0.1446778359655625,66951.08981673562,226.2265325439794,445.6551724137931,434.0
Copenhagen_Val,SV_Copenhagen_55.6784_12.5511.tif,highrise,Augmented_D,0.38819723713888954,0.5592825381773185,0.05031866248819881,77376.66215086753,219.82035952956892,447.3333333333333,436.0
Copenhagen_Val,SV_Copenhagen_55.6881_12.5848.tif,mediumrise,Baseline_A,0.5611530149401625,0.7188955977664636,0.23632877925627044,463269.0541227935,217.00611117002708,421.62857142857143,418.62857142857143
Copenhagen_Val,SV_Copenhagen_55.6881_12.5848.tif,mediumrise,Augmented_D,0.5769286711087525,0.7317118163665689,0.047700334078138305,970614.2563343123,222.38312658265147,437.43589743589746,437.94871794871796
Copenhagen_Val,SV_Copenhagen_55.6923_12.5821.tif,mediumrise,Baseline_A,0.10563917525773196,0.1910915923056123,0.03017030091238279,25148.60746374324,184.0114762635643,427.8888888888889,399.8888888888889
Copenhagen_Val,SV_Copenhagen_55.6923_12.5821.tif,mediumrise,Augmented_D,0.08385072817522074,0.1547274472313959,0.021076512129971824,38564.207831998865,255.29892096650917,448.77777777777777,443.44444444444446
Copenhagen_Val,SV_Copenhagen_55.6957_12.5880.tif,mediumrise,Baseline_A,0.20618472384660053,0.34187918279890694,0.181006066912978,70067.37778266714,243.5980001089717,437.06666666666666,432.93333333333334
Copenhagen_Val,SV_Copenhagen_55.6957_12.5880.tif,mediumrise,Augmented_D,0.2209218287366237,0.3618934866046707,0.09017725231282768,75789.26274126321,241.48025676029468,437.06666666666666,432.93333333333334
Copenhagen_Val,SV_Copenhagen_55.6805_12.5853.tif,highrise,Baseline_A,0.5517771364864679,0.7111551311237915,0.1474578566842637,27502.62642557193,182.06982822768913,320.0,269.875
Copenhagen_Val,SV_Copenhagen_55.6805_12.5853.tif,highrise,Augmented_D,0.5534708181695647,0.7125603026411689,0.017578108203403824,34153.88433002771,237.91651690349056,396.8181818181818,348.27272727272725
Copenhagen_Val,SV_Copenhagen_55.6992_12.5523.tif,mediumrise,Baseline_A,0.41965470219798,0.5912067230830845,0.14389889689588486,21105.794027687138,239.79769486104007,402.53846153846155,376.9230769230769
Copenhagen_Val,SV_Copenhagen_55.6992_12.5523.tif,mediumrise,Augmented_D,0.4037979424308666,0.5752935379455475,0.0019734987313222443,133767.82539178088,244.79048567722788,419.75,399.125
Copenhagen_Val,SV_Copenhagen_55.6950_12.5526.tif,mediumrise,Baseline_A,0.4144810038849472,0.5860538285725339,0.11650114279998965,223229.87064097816,205.04738603857103,425.95,363.7
Copenhagen_Val,SV_Copenhagen_55.6950_12.5526.tif,mediumrise,Augmented_D,0.3705516082206433,0.5407335353124312,0.0,277927.0133711204,216.09592291847244,446.45,386.7
Copenhagen_Val,SV_Copenhagen_55.6746_12.5370.tif,highrise,Baseline_A,0.41322475708545064,0.5847969404918443,0.17501779176998886,978016.7503112028,222.22007214520116,462.0,435.7142857142857
Copenhagen_Val,SV_Copenhagen_55.6746_12.5370.tif,highrise,Augmented_D,0.4182060922031051,0.5897677276980879,0.0464171768899967,1156419.0850539778,227.16761182177447,464.3157894736842,441.39473684210526
Copenhagen_Val,SV_Copenhagen_55.6833_12.5826.tif,highrise,Baseline_A,0.5960015306848925,0.7468683697679541,0.20162263297972693,35018.77240508816,239.7690022437098,395.5,383.57142857142856
Copenhagen_Val,SV_Copenhagen_55.6833_12.5826.tif,highrise,Augmented_D,0.6254627474028899,0.7695811526929588,0.0008616047388260636,47616.76867985341,240.41436803883116,395.5,383.57142857142856
Copenhagen_Val,SV_Copenhagen_55.6770_12.5343.tif,mediumrise,Baseline_A,0.4007471794441805,0.5721905927423646,0.1576562099432345,1012906.346602586,224.07517249523409,451.8529411764706,448.05882352941177
Copenhagen_Val,SV_Copenhagen_55.6770_12.5343.tif,mediumrise,Augmented_D,0.37724569470182756,0.5478262827802862,0.003759840206791211,1682386.9003144181,228.22429810820037,462.5952380952381,459.2857142857143
Copenhagen_Val,SV_Copenhagen_55.6791_12.5829.tif,highrise,Baseline_A,0.5704233480357805,0.7264580582672081,0.14392085291553577,3693.2082565321493,204.09555656704066,380.9,329.3
Copenhagen_Val,SV_Copenhagen_55.6791_12.5829.tif,highrise,Augmented_D,0.5999946594238281,0.7499958276609391,0.0,19421.98505014084,221.67165626091298,398.0833333333333,356.75
Copenhagen_Val,SV_Copenhagen_55.6857_12.5875.tif,skyscraper,Baseline_A,0.6640897692229489,0.7981417607453322,0.18269319896021058,13048.213184862474,222.58308087343084,351.8333333333333,339.1666666666667
Copenhagen_Val,SV_Copenhagen_55.6857_12.5875.tif,skyscraper,Augmented_D,0.6826120706384631,0.8113718932010842,0.0425023060494525,36361.14653552998,241.59043079460946,395.53846153846155,378.9230769230769
Copenhagen_Val,SV_Copenhagen_55.6805_12.5828.tif,highrise,Baseline_A,0.5794557489580779,0.73374103622761,0.17007450950831138,4719.044202471824,228.6957777191397,368.77777777777777,329.8888888888889
Copenhagen_Val,SV_Copenhagen_55.6805_12.5828.tif,highrise,Augmented_D,0.6176910400390625,0.7636699774564457,0.0,5523.863117414585,227.40099825662477,368.77777777777777,329.8888888888889
Copenhagen_Val,SV_Copenhagen_55.6868_12.5886.tif,skyscraper,Baseline_A,0.594975122148012,0.7460619465295948,0.19600099518624184,19843.45630453005,247.19622632658982,405.52941176470586,398.1764705882353
Copenhagen_Val,SV_Copenhagen_55.6868_12.5886.tif,skyscraper,Augmented_D,0.6248002299511354,0.7690794455019566,0.008337965536409116,149954.10299848075,243.7700835849197,413.4736842105263,408.2105263157895
Copenhagen_Val,SV_Copenhagen_55.6951_12.5575.tif,highrise,Baseline_A,0.41551672277321555,0.5870883983046901,0.15068074295212838,167514.86304818027,197.16540004192512,461.2647058823529,438.3529411764706
Copenhagen_Val,SV_Copenhagen_55.6951_12.5575.tif,highrise,Augmented_D,0.4183709315290272,0.5899316211705163,0.0,228925.50652300156,199.22149452659718,462.62857142857143,440.22857142857146
Copenhagen_Val,SV_Copenhagen_55.6777_12.5855.tif,highrise,Baseline_A,0.5472908548213249,0.707418198868013,0.07975551392627671,357611.0693812538,193.1826921324196,406.77777777777777,373.3333333333333
Copenhagen_Val,SV_Copenhagen_55.6777_12.5855.tif,highrise,Augmented_D,0.5186544400808327,0.6830447090428637,0.008938006340260655,406662.6350930868,196.73655547622957,406.77777777777777,373.3333333333333
Copenhagen_Val,SV_Copenhagen_55.6710_12.5566.tif,highrise,Baseline_A,0.557598336289057,0.7159719207424458,0.19099270188335968,1315791.7569144696,207.47486867132667,447.12820512820514,445.8205128205128
Copenhagen_Val,SV_Copenhagen_55.6710_12.5566.tif,highrise,Augmented_D,0.5569665485787181,0.7154508863239827,0.012324546388223211,2251914.8885129387,203.78678314950682,453.4888888888889,452.6222222222222
Copenhagen_Val,SV_Copenhagen_55.6799_12.5560.tif,highrise,Baseline_A,0.1428139575056141,0.2499338699316026,0.11480653717286628,29337.782683132053,282.13115068787084,474.57142857142856,410.14285714285717
Copenhagen_Val,SV_Copenhagen_55.6799_12.5560.tif,highrise,Augmented_D,0.1317462408230327,0.2328194007999951,0.008838536017034269,48543.60804503225,294.85020652341524,478.625,419.25
Copenhagen_Val,SV_Copenhagen_55.6792_12.5879.tif,mediumrise,Baseline_A,0.5834226685744787,0.7369133714622408,0.12716560632421797,203193.11839832456,225.10276160210685,383.3333333333333,358.8333333333333
Copenhagen_Val,SV_Copenhagen_55.6792_12.5879.tif,mediumrise,Augmented_D,0.5821627657038669,0.7359075542962565,0.04267057582957491,515123.9160337029,226.10106482236512,393.0769230769231,370.38461538461536
Copenhagen_Val,SV_Copenhagen_55.6771_12.5537.tif,mediumrise,Baseline_A,0.31345135943715685,0.47729420230906416,0.11422882576894375,185545.14198179665,162.37501181622483,287.3,455.0
Copenhagen_Val,SV_Copenhagen_55.6771_12.5537.tif,mediumrise,Augmented_D,0.2789245735607676,0.43618611969303067,0.0,236569.0131887129,164.09951427101328,289.3,455.0
Copenhagen_Val,SV_Copenhagen_55.6785_12.5536.tif,highrise,Baseline_A,0.3581246640070169,0.5273811359119337,0.14177337154498454,53194.42481219153,177.4013144240336,454.2307692307692,445.9230769230769
Copenhagen_Val,SV_Copenhagen_55.6785_12.5536.tif,highrise,Augmented_D,0.3404961618626404,0.5080151238769914,0.026217299310113736,60536.46659347701,178.33388989269906,454.2307692307692,445.9230769230769
Copenhagen_Val,SV_Copenhagen_55.6772_12.5586.tif,skyscraper,Baseline_A,0.43970864370757073,0.6108300392990945,0.13791984354335277,516482.867159621,211.91727539902544,439.25,404.0833333333333
Copenhagen_Val,SV_Copenhagen_55.6772_12.5586.tif,skyscraper,Augmented_D,0.4446113004200016,0.6155445416919233,0.04317958783120706,532084.7474085721,215.81333533676187,443.7692307692308,411.7692307692308
Copenhagen_Val,SV_Copenhagen_55.6895_12.5847.tif,mediumrise,Baseline_A,0.5668490492019904,0.7235528521278951,0.2048048553764983,605778.6044065965,218.57362996649974,404.1219512195122,431.9268292682927
Copenhagen_Val,SV_Copenhagen_55.6895_12.5847.tif,mediumrise,Augmented_D,0.5682977714190959,0.7247319760007869,0.03804785846788834,665457.9217223723,222.38833175765035,406.1666666666667,433.57142857142856
Copenhagen_Val,SV_Copenhagen_55.6980_12.5617.tif,skyscraper,Baseline_A,0.3336850887280435,0.5003956204478288,0.0992913951869644,138278.7753096011,205.97991859797557,368.4166666666667,348.5
Copenhagen_Val,SV_Copenhagen_55.6980_12.5617.tif,skyscraper,Augmented_D,0.3216976106386757,0.4867945709355164,0.05911976714656874,169675.73620715138,238.33135614418998,408.75,388.5
Copenhagen_Val,SV_Copenhagen_55.6999_12.5841.tif,mediumrise,Baseline_A,0.5497311885998056,0.7094536041395568,0.11358775580670985,106673.08110725801,210.61604575658166,405.94444444444446,389.55555555555554
Copenhagen_Val,SV_Copenhagen_55.6999_12.5841.tif,mediumrise,Augmented_D,0.5478906505683947,0.7079190643954157,0.07976029273556094,123211.35094013863,208.55250911264486,405.94444444444446,389.55555555555554
Copenhagen_Val,SV_Copenhagen_55.6813_12.5366.tif,mediumrise,Baseline_A,0.42353647845709275,0.5950482967828754,0.1410029121235053,1166934.0007071362,228.77271473440263,470.71153846153845,462.7307692307692
Copenhagen_Val,SV_Copenhagen_55.6813_12.5366.tif,mediumrise,Augmented_D,0.4299733846547451,0.6013725699636829,0.0025820333512641203,1283604.0328346102,226.27337054305386,470.71153846153845,462.7307692307692
Copenhagen_Val,SV_Copenhagen_55.6758_12.5461.tif,mediumrise,Baseline_A,0.458142900670323,0.6283923207522528,0.19103402655567753,274773.66933423455,214.752764104846,439.8888888888889,427.962962962963
Copenhagen_Val,SV_Copenhagen_55.6758_12.5461.tif,mediumrise,Augmented_D,0.43453636269002555,0.6058213287465062,0.01781004105561412,521617.4091254288,213.78097537686833,445.8666666666667,435.53333333333336
Copenhagen_Val,SV_Copenhagen_55.6834_12.5888.tif,highrise,Baseline_A,0.6267993243521608,0.7705920637774677,0.15364118002921964,33818.71067202518,207.6327276632166,359.0,370.54545454545456
Copenhagen_Val,SV_Copenhagen_55.6834_12.5888.tif,highrise,Augmented_D,0.6544428329422493,0.791133812436895,0.07660899761464912,509988.3376420747,215.49364000256213,393.93333333333334,404.1333333333333
Copenhagen_Val,SV_Copenhagen_55.6738_12.5564.tif,mediumrise,Baseline_A,0.6517708517797061,0.7891782944074275,0.15908406382138152,55514.7243633863,236.0638327404483,400.29411764705884,401.94117647058823
Copenhagen_Val,SV_Copenhagen_55.6738_12.5564.tif,mediumrise,Augmented_D,0.6427269469246509,0.7825122101124597,0.030630914732648878,69943.14742002603,244.1276447912716,405.22222222222223,406.44444444444446
Copenhagen_Val,SV_Copenhagen_55.7007_12.5572.tif,highrise,Baseline_A,0.27435233697115285,0.4305753267941993,0.09168267063523919,9723.209730081655,205.86034777248565,417.14285714285717,422.35714285714283
Copenhagen_Val,SV_Copenhagen_55.7007_12.5572.tif,highrise,Augmented_D,0.2699541418674993,0.4251399841423013,0.03925940734134002,10558.333335492089,205.41304389156738,417.14285714285717,422.35714285714283
Copenhagen_Val,SV_Copenhagen_55.6951_12.5551.tif,highrise,Baseline_A,0.4036928639063441,0.5751868863718594,0.11351255485968097,56769.06701405771,214.47209327547944,458.8333333333333,398.9166666666667
Copenhagen_Val,SV_Copenhagen_55.6951_12.5551.tif,highrise,Augmented_D,0.3850730083088954,0.5560327953817398,0.0029041466594063,70281.75824717402,214.33038744173933,460.0769230769231,406.0
Copenhagen_Val,SV_Copenhagen_55.6767_12.5880.tif,mediumrise,Baseline_A,0.42654928124355185,0.5980154865336587,0.11162199399437073,2411.145509683038,141.62463488294418,300.55555555555554,200.44444444444446
Copenhagen_Val,SV_Copenhagen_55.6767_12.5880.tif,mediumrise,Augmented_D,0.39626453744895535,0.5676066774179488,0.0249063317070541,98623.66496345913,152.74090132341422,322.9,222.4
Copenhagen_Val,SV_Copenhagen_55.6829_12.5627.tif,highrise,Baseline_A,0.3247805661439634,0.4903160182811281,0.1043863773762343,688588.7056656473,202.80816912035192,449.4,441.35
Copenhagen_Val,SV_Copenhagen_55.6829_12.5627.tif,highrise,Augmented_D,0.3533620250821417,0.5221988182514499,0.086217171178815,766679.1933120048,222.60067466413048,453.90909090909093,446.8181818181818
Copenhagen_Val,SV_Copenhagen_55.6923_12.5870.tif,mediumrise,Baseline_A,0.19638326904793574,0.32829491038304914,0.05667300735069278,20200.013403904395,215.4548427443294,447.2142857142857,422.35714285714283
Copenhagen_Val,SV_Copenhagen_55.6923_12.5870.tif,mediumrise,Augmented_D,0.2111696796823806,0.3487037088606084,0.006579565748660587,21566.48598041133,221.4830111922759,447.2142857142857,422.35714285714283
Copenhagen_Val,SV_Copenhagen_55.6766_12.5831.tif,highrise,Baseline_A,0.39925630734217954,0.5706692980366804,0.0937951121214815,1271248.0786527162,196.45332415954678,342.25,397.875
Copenhagen_Val,SV_Copenhagen_55.6766_12.5831.tif,highrise,Augmented_D,0.3532504859530495,0.5220770132652373,0.10871774520082911,1470665.8937922872,194.63012055688293,342.25,397.875
Copenhagen_Val,SV_Copenhagen_55.6711_12.5634.tif,mediumrise,Baseline_A,0.3029198348735099,0.464986143837342,0.027713780839689534,132456.72067347003,264.6911129546672,439.1666666666667,423.9166666666667
Copenhagen_Val,SV_Copenhagen_55.6711_12.5634.tif,mediumrise,Augmented_D,0.3181196724817451,0.482687086951357,0.0,136508.8644758641,264.55937424410877,439.1666666666667,423.9166666666667
Copenhagen_Val,SV_Copenhagen_55.6867_12.5874.tif,skyscraper,Baseline_A,0.6165150024594196,0.7627705298391084,0.1638771215022202,119976.98961865802,218.71049199235657,390.2105263157895,380.3157894736842
Copenhagen_Val,SV_Copenhagen_55.6867_12.5874.tif,skyscraper,Augmented_D,0.6349618574696272,0.7767298724048954,0.02234658414433695,153303.4253661732,236.30501839925728,414.55,403.1
Copenhagen_Val,SV_Copenhagen_55.6964_12.5500.tif,mediumrise,Baseline_A,0.45949816551717865,0.6296659720080617,0.16172895800210457,437864.6861570732,188.60625234748264,384.8666666666667,362.93333333333334
Copenhagen_Val,SV_Copenhagen_55.6964_12.5500.tif,mediumrise,Augmented_D,0.4268979508559594,0.5983580684237079,0.01418150173508525,513804.70146586583,195.25337867142525,385.75,369.0
Copenhagen_Val,SV_Copenhagen_55.6979_12.5549.tif,mediumrise,Baseline_A,0.45881666598830506,0.6290258079516392,0.121148097965676,409201.3568046811,199.72187489233502,422.77777777777777,406.1666666666667
Copenhagen_Val,SV_Copenhagen_55.6979_12.5549.tif,mediumrise,Augmented_D,0.43953163364578346,0.6106592218923566,0.004873775028865513,494065.3546328556,202.3986917283721,426.4736842105263,411.42105263157896
Copenhagen_Val,SV_Copenhagen_55.6760_12.5513.tif,highrise,Baseline_A,0.4873531300766935,0.6553294173678361,0.15347986626082424,484164.01876775624,202.36155833978964,428.6666666666667,408.04761904761904
Copenhagen_Val,SV_Copenhagen_55.6760_12.5513.tif,highrise,Augmented_D,0.46471984078383344,0.6345511651363201,0.0013328255902513328,881662.7717383262,192.55173145663974,435.7391304347826,416.69565217391306
Copenhagen_Val,SV_Copenhagen_55.6867_12.5824.tif,highrise,Baseline_A,0.5623745756672106,0.7198972441382042,0.18646512852876107,10919.7560143407,204.1376627684906,396.70588235294116,384.47058823529414
Copenhagen_Val,SV_Copenhagen_55.6867_12.5824.tif,highrise,Augmented_D,0.5516226152117485,0.711026779068271,0.00648037136093947,722692.908048349,209.31998013467506,403.0,391.5
Copenhagen_Val,SV_Copenhagen_55.6857_12.5886.tif,skyscraper,Baseline_A,0.5929834054834054,0.7444941402932684,0.15987176806746117,283549.3719506456,216.82975184158275,386.46153846153845,378.84615384615387
Copenhagen_Val,SV_Copenhagen_55.6857_12.5886.tif,skyscraper,Augmented_D,0.6103053302500473,0.7579995157257281,0.022391005485456056,346353.39773402637,215.05370311193778,386.46153846153845,378.84615384615387
Copenhagen_Val,SV_Copenhagen_55.6806_12.5889.tif,highrise,Baseline_A,0.6171149550480902,0.7632295442221525,0.12555945595843757,6339.043716183906,215.7398619796923,326.6666666666667,357.8888888888889
Copenhagen_Val,SV_Copenhagen_55.6806_12.5889.tif,highrise,Augmented_D,0.5596329553853654,0.7176469995109679,0.034794432350537696,121533.2356488257,228.7919709866597,344.8,372.6
Copenhagen_Val,SV_Copenhagen_55.6856_12.5825.tif,highrise,Baseline_A,0.5615216403897751,0.7191980256509445,0.16442228061379358,30307.856101995618,169.77784311468994,401.8333333333333,357.05555555555554
Copenhagen_Val,SV_Copenhagen_55.6856_12.5825.tif,highrise,Augmented_D,0.5453426232309581,0.7057886258139587,0.012743008547466812,814820.1755577754,169.98495759642995,417.23809523809524,378.85714285714283
Copenhagen_Val,SV_Copenhagen_55.6910_12.5883.tif,mediumrise,Baseline_A,0.22961845225264066,0.3734791907717121,0.10491315840168206,3580.93368644069,142.81084432141336,290.22222222222223,325.8888888888889
Copenhagen_Val,SV_Copenhagen_55.6910_12.5883.tif,mediumrise,Augmented_D,0.22746730755022837,0.3706287021268309,0.0036228569337456314,22371.496614627584,227.4130761364344,405.77777777777777,381.22222222222223
Copenhagen_Val,SV_Copenhagen_55.6786_12.5586.tif,highrise,Baseline_A,0.43545549849855186,0.6067140346099572,0.16084028058822178,898420.7628692077,145.9735991220248,392.1666666666667,331.1666666666667
Copenhagen_Val,SV_Copenhagen_55.6786_12.5586.tif,highrise,Augmented_D,0.44544699235626456,0.6163449710876338,0.0270040677633836,1001982.541470943,147.48654830171967,392.1666666666667,331.1666666666667
Copenhagen_Val,SV_Copenhagen_55.6985_12.5878.tif,mediumrise,Baseline_A,0.3369835031861276,0.5040952298709321,0.12563311362266974,112771.90774962534,246.34222825445522,433.55555555555554,408.8333333333333
Copenhagen_Val,SV_Copenhagen_55.6985_12.5878.tif,mediumrise,Augmented_D,0.3409911790503403,0.5085658792950787,0.01176265743194877,129395.60034659485,241.631018517157,437.8,415.95
Copenhagen_Val,SV_Copenhagen_55.7014_12.5877.tif,mediumrise,Baseline_A,0.4341099799005805,0.6054068181446937,0.20109912683578782,41791.615545162545,220.64810893090032,405.06666666666666,405.8
Copenhagen_Val,SV_Copenhagen_55.7014_12.5877.tif,mediumrise,Augmented_D,0.4358700438420156,0.6071162856434283,0.006623470122390209,236986.48865193367,213.3980105903614,420.3888888888889,419.8888888888889
Copenhagen_Val,SV_Copenhagen_55.6786_12.5459.tif,mediumrise,Baseline_A,0.4804648811700934,0.6490729868449907,0.14169703683572513,690450.1255933902,210.69024120127332,456.3636363636364,437.1818181818182
Copenhagen_Val,SV_Copenhagen_55.6786_12.5459.tif,mediumrise,Augmented_D,0.4848186763733682,0.6530341840224227,0.07908398073876084,836629.4269620663,219.60179858221713,461.94,445.24
Copenhagen_Val,SV_Copenhagen_55.6785_12.5411.tif,mediumrise,Baseline_A,0.36363678463262605,0.5333337861380624,0.2054691133563137,927366.6903159325,200.02572974686984,457.8222222222222,444.6222222222222
Copenhagen_Val,SV_Copenhagen_55.6785_12.5411.tif,mediumrise,Augmented_D,0.3702975231960739,0.5404629533772989,0.0,1219074.4157406006,210.68321514164998,470.2040816326531,458.55102040816325
Copenhagen_Val,SV_Copenhagen_55.6819_12.5852.tif,mediumrise,Baseline_A,0.5019709386651006,0.6684163131827768,0.20000460840111522,7231.71090465873,188.2229980097001,338.75,360.75
Copenhagen_Val,SV_Copenhagen_55.6819_12.5852.tif,mediumrise,Augmented_D,0.5377392199728747,0.6993893541745787,0.001223540927444023,10193.534440972233,208.06000356965558,371.0833333333333,395.9166666666667
Copenhagen_Val,SV_Copenhagen_55.6985_12.5842.tif,mediumrise,Baseline_A,0.5165211914772828,0.6811921842966481,0.15371129083519738,105563.9372187905,245.5810538067943,430.05263157894734,396.8421052631579
Copenhagen_Val,SV_Copenhagen_55.6985_12.5842.tif,mediumrise,Augmented_D,0.5075811804516172,0.6733716061639401,0.007329121882578366,131838.93520840423,245.77329959832113,430.05263157894734,396.8421052631579
Copenhagen_Val,SV_Copenhagen_55.6895_12.5823.tif,mediumrise,Baseline_A,0.5834365672572479,0.7369244582596048,0.17174254696709423,488455.80843150755,214.73419512317435,416.3333333333333,422.0
Copenhagen_Val,SV_Copenhagen_55.6895_12.5823.tif,mediumrise,Augmented_D,0.5972952264194314,0.7478833174232358,0.015835607336924285,805853.1750559388,216.9383755773564,419.0882352941176,424.5882352941176
Copenhagen_Val,SV_Copenhagen_55.6966_12.5599.tif,highrise,Baseline_A,0.31823457735523736,0.4828193446324381,0.09211335900794172,124046.99975281295,219.0341674717118,447.8888888888889,418.1111111111111
Copenhagen_Val,SV_Copenhagen_55.6966_12.5599.tif,highrise,Augmented_D,0.2729302645139127,0.42882202131965996,0.06818670361407833,154788.85623826974,237.68612006509278,447.8888888888889,418.1111111111111
Copenhagen_Val,SV_Copenhagen_55.6952_12.5600.tif,skyscraper,Baseline_A,0.500371339353532,0.6669966643979323,0.1626076914625067,113585.14587406348,207.65643387123774,430.35714285714283,403.2857142857143
Copenhagen_Val,SV_Copenhagen_55.6952_12.5600.tif,skyscraper,Augmented_D,0.5084058460758638,0.6740968916269953,0.04055955580345824,203732.24152631723,227.07479007772696,443.94117647058823,419.52941176470586
Copenhagen_Val,SV_Copenhagen_55.6766_12.5855.tif,mediumrise,Baseline_A,0.33073134218634087,0.49706703630044796,0.06830234288888835,737782.7677340986,229.46706904699204,407.4,435.8
Copenhagen_Val,SV_Copenhagen_55.6766_12.5855.tif,mediumrise,Augmented_D,0.25289883444267086,0.4037019230769231,0.033531055443894314,1000837.3699396874,232.40892194459767,407.4,435.8
Copenhagen_Val,SV_Copenhagen_55.6923_12.5846.tif,mediumrise,Baseline_A,0.2524836004181173,0.4031727047505142,0.11051636728526507,36703.29769248595,198.78826243043045,445.3333333333333,426.7142857142857
Copenhagen_Val,SV_Copenhagen_55.6923_12.5846.tif,mediumrise,Augmented_D,0.2422815279958137,0.3900589721988206,0.02604352815033577,38430.20625814329,202.17974688899028,445.3333333333333,426.7142857142857
Copenhagen_Val,SV_Copenhagen_55.6770_12.5319.tif,mediumrise,Baseline_A,0.32415763615456983,0.4896058102205147,0.17465208393465276,1352171.4326882574,192.628575568363,458.51724137931035,446.62068965517244
Copenhagen_Val,SV_Copenhagen_55.6770_12.5319.tif,mediumrise,Augmented_D,0.3310404261986838,0.4974160358811965,0.025441042311794105,1574213.317270189,191.80165623894024,463.15625,452.25
Copenhagen_Val,SV_Copenhagen_55.6999_12.5866.tif,mediumrise,Baseline_A,0.429020103399453,0.6004395632767796,0.1339098255241212,90847.93778026667,235.69360424937878,413.2352941176471,407.05882352941177
Copenhagen_Val,SV_Copenhagen_55.6999_12.5866.tif,mediumrise,Augmented_D,0.4166956867817522,0.5882642132247077,0.0026833631484794278,293217.99436713435,238.79902928516034,418.5,412.77777777777777
Copenhagen_Val,SV_Copenhagen_55.6993_12.5548.tif,highrise,Baseline_A,0.3693062777311697,0.5394063895523513,0.12323829095644644,23265.056600739088,241.76473206927687,412.94117647058823,411.6470588235294
Copenhagen_Val,SV_Copenhagen_55.6993_12.5548.tif,highrise,Augmented_D,0.34829612220916567,0.5166463308349312,0.006584151007930909,28886.687105579556,242.39890472479726,417.3888888888889,414.5
Copenhagen_Val,SV_Copenhagen_55.6964_12.5525.tif,mediumrise,Baseline_A,0.4495950911797864,0.6203043786715269,0.09715431970747,405178.0811027743,217.30530911216593,425.27272727272725,382.27272727272725
Copenhagen_Val,SV_Copenhagen_55.6964_12.5525.tif,mediumrise,Augmented_D,0.426961919550711,0.5984209020590303,0.0027715953470793266,481435.16828493687,228.5928299541052,447.54545454545456,404.6363636363636
Copenhagen_Val,SV_Copenhagen_55.6965_12.5574.tif,mediumrise,Baseline_A,0.33504938397311884,0.5019280754634092,0.08990028955586613,279650.75598436553,194.92680779107818,469.22222222222223,429.3703703703704
Copenhagen_Val,SV_Copenhagen_55.6965_12.5574.tif,mediumrise,Augmented_D,0.32681255186403174,0.4926280677777649,0.0,299875.9795589109,196.56331160624487,469.22222222222223,429.3703703703704
Copenhagen_Val,SV_Copenhagen_55.6723_12.5515.tif,mediumrise,Baseline_A,0.44493476674362925,0.6158544689825057,0.1390065943523244,249559.7761715583,185.15253950426603,442.11764705882354,327.70588235294116
Copenhagen_Val,SV_Copenhagen_55.6723_12.5515.tif,mediumrise,Augmented_D,0.4303270192034522,0.6017183670949611,0.012249243844754969,604443.5246549611,199.0858657857912,447.7368421052632,346.1578947368421
Copenhagen_Val,SV_Copenhagen_55.6978_12.5524.tif,mediumrise,Baseline_A,0.431547136229009,0.6029101317135716,0.12014684794498401,279441.767597739,242.38074776796176,418.26666666666665,385.6
Copenhagen_Val,SV_Copenhagen_55.6978_12.5524.tif,mediumrise,Augmented_D,0.4109755534700534,0.5825409979064898,0.016075316164275783,341916.1008271386,236.86192324349895,422.3125,392.0625
Copenhagen_Val,SV_Copenhagen_55.6833_12.5851.tif,highrise,Baseline_A,0.6420090308333746,0.7819799023974107,0.1640287294727414,308825.3352526612,236.11913747011943,360.61538461538464,358.0769230769231
Copenhagen_Val,SV_Copenhagen_55.6833_12.5851.tif,highrise,Augmented_D,0.6747148061299781,0.8057668131437206,0.05438008994343787,361110.3055442514,256.8670935097459,392.7692307692308,394.6923076923077
Copenhagen_Val,SV_Copenhagen_55.6711_12.5615.tif,mediumrise,Baseline_A,0.533423077695847,0.6957285115303983,0.10584480290097961,1737648.0544647886,229.54064800502638,435.1818181818182,429.22727272727275
Copenhagen_Val,SV_Copenhagen_55.6711_12.5615.tif,mediumrise,Augmented_D,0.546661376953125,0.706892129200292,0.0,1856700.9762218688,233.02894222446253,438.2173913043478,432.4782608695652
Copenhagen_Val,SV_Copenhagen_55.6725_12.5633.tif,mediumrise,Baseline_A,0.5226051808932163,0.6864618450682491,0.09422509739233542,93242.41127306166,255.01489401385632,389.90909090909093,383.72727272727275
Copenhagen_Val,SV_Copenhagen_55.6725_12.5633.tif,mediumrise,Augmented_D,0.5119212493591755,0.6771797798015633,0.044667062443144744,359930.39743021,263.9578473827465,399.9166666666667,394.0833333333333
Copenhagen_Val,SV_Copenhagen_55.6896_12.5884.tif,mediumrise,Baseline_A,0.40854300130670335,0.5800930478199083,0.14709810001248877,11292.484077652705,204.69372450701894,407.1578947368421,417.1578947368421
Copenhagen_Val,SV_Copenhagen_55.6896_12.5884.tif,mediumrise,Augmented_D,0.40711071839648416,0.5786477397605493,0.012457799692466406,22649.03623285116,219.4331052910843,410.35,421.55
Copenhagen_Val,SV_Copenhagen_55.6895_12.5872.tif,mediumrise,Baseline_A,0.48635986882410176,0.6544308401018305,0.22018458317234682,271994.40034229355,170.28484825868196,339.1666666666667,361.7916666666667
Copenhagen_Val,SV_Copenhagen_55.6895_12.5872.tif,mediumrise,Augmented_D,0.5236785613335473,0.6873871886406482,0.0019866353621094453,367684.45222686214,205.84527937433305,381.2,406.56
Copenhagen_Val,SV_Copenhagen_55.6940_12.5526.tif,mediumrise,Baseline_A,0.4438510476857526,0.6148155634158666,0.17181401174404826,197352.71522955596,213.90317216883045,425.9047619047619,403.76190476190476
Copenhagen_Val,SV_Copenhagen_55.6940_12.5526.tif,mediumrise,Augmented_D,0.4078854530952819,0.5794298850073811,0.008899202691050765,254388.98513978065,225.60903069362544,430.2608695652174,410.69565217391306
Copenhagen_Val,SV_Copenhagen_55.6819_12.5827.tif,mediumrise,Baseline_A,0.5409788824715991,0.7021236807657156,0.17671739487951765,1723.3473751663182,184.4794394944861,297.42857142857144,233.0
Copenhagen_Val,SV_Copenhagen_55.6819_12.5827.tif,mediumrise,Augmented_D,0.5888023376464844,0.7411901703501843,0.0,13557.232211514653,229.85266039093244,372.375,326.875
Copenhagen_Val,SV_Copenhagen_55.6942_12.5620.tif,skyscraper,Baseline_A,0.5071223845140855,0.6729677559365398,0.10984689041237308,10104.709301353156,127.82109537988886,236.0,216.57142857142858
Copenhagen_Val,SV_Copenhagen_55.6942_12.5620.tif,skyscraper,Augmented_D,0.5141133343516114,0.6790949167246719,0.002818886539816773,22643.339906820842,223.3705306229371,338.85714285714283,342.2857142857143
Copenhagen_Val,SV_Copenhagen_55.6813_12.5390.tif,mediumrise,Baseline_A,0.27368988853683635,0.42975906615893805,0.11434876905694069,988502.4220483652,223.18893954781595,465.03846153846155,453.0769230769231
Copenhagen_Val,SV_Copenhagen_55.6813_12.5390.tif,mediumrise,Augmented_D,0.2574519078153768,0.4094819153166003,0.0,1880932.8136185172,220.7235057874159,470.7,460.1666666666667
Copenhagen_Val,SV_Copenhagen_55.6941_12.5576.tif,highrise,Baseline_A,0.5044037940379403,0.6705696915109209,0.1966765568471378,173679.50762938336,220.20655317023892,445.82608695652175,431.39130434782606
Copenhagen_Val,SV_Copenhagen_55.6941_12.5576.tif,highrise,Augmented_D,0.520960782067438,0.6850417028627095,0.012709274340782045,270048.8578345855,233.04685569578382,449.84,435.28
Copenhagen_Val,SV_Copenhagen_55.6980_12.5598.tif,highrise,Baseline_A,0.1773286237571952,0.3012389577198733,0.07618953536643235,110175.0289556335,260.15551929196954,438.0,434.1111111111111
Copenhagen_Val,SV_Copenhagen_55.6980_12.5598.tif,highrise,Augmented_D,0.1643954568084195,0.28237048821716215,0.019576886643511208,146058.66166656866,269.08465809577314,441.7,441.4
Copenhagen_Val,SV_Copenhagen_55.6755_12.5295.tif,mediumrise,Baseline_A,0.20310148232611175,0.3376298430510274,0.10247821066530158,942311.145850156,184.38603660942545,443.14285714285717,441.8095238095238
Copenhagen_Val,SV_Copenhagen_55.6755_12.5295.tif,mediumrise,Augmented_D,0.18524068637686855,0.3125790204572305,0.0053021033618831205,1382634.9301855138,190.96281636726357,465.2608695652174,464.7826086956522
Copenhagen_Val,SV_Copenhagen_55.6993_12.5573.tif,highrise,Baseline_A,0.42551014348427885,0.5969934979827404,0.1411978370716304,10966.674566282933,199.10650675490976,406.5882352941176,414.2352941176471
Copenhagen_Val,SV_Copenhagen_55.6993_12.5573.tif,highrise,Augmented_D,0.37073926685543734,0.5409333136066594,0.011565525016522178,13471.775887763835,199.61801853580886,406.5882352941176,414.2352941176471
Copenhagen_Val,SV_Copenhagen_55.6940_12.5551.tif,highrise,Baseline_A,0.4256190880591217,0.5971007145233607,0.15273486454080537,17384.69510336002,236.55371222739998,432.5217391304348,406.2173913043478
Copenhagen_Val,SV_Copenhagen_55.6940_12.5551.tif,highrise,Augmented_D,0.41269650925295537,0.5842677553881582,0.05193887060709515,34589.28374330793,237.404390000786,435.4,413.44
Copenhagen_Val,SV_Copenhagen_55.6783_12.5293.tif,highrise,Baseline_A,0.306144058168598,0.4687753334005991,0.17768671501617916,244438.8452103021,207.9774033985198,432.93333333333334,428.8
Copenhagen_Val,SV_Copenhagen_55.6783_12.5293.tif,highrise,Augmented_D,0.29284430201657025,0.4530233092411725,0.026329669402308065,388077.7009691967,218.8565000876973,441.11764705882354,434.6470588235294
Copenhagen_Val,SV_Copenhagen_55.7008_12.5597.tif,highrise,Baseline_A,0.22395121746783453,0.36594794673460096,0.06550754227256438,68626.5598966187,202.20517135046993,409.15384615384613,409.53846153846155
Copenhagen_Val,SV_Copenhagen_55.7008_12.5597.tif,highrise,Augmented_D,0.2304234663232979,0.37454335459293553,0.0096688421561518,77158.21035255605,225.11856337778514,438.2307692307692,441.2307692307692
Copenhagen_Val,SV_Copenhagen_55.6748_12.5462.tif,highrise,Baseline_A,0.42484233778912955,0.5963359264693668,0.21312566552674242,205803.9923701781,194.9672040303346,416.1923076923077,422.15384615384613
Copenhagen_Val,SV_Copenhagen_55.6748_12.5462.tif,highrise,Augmented_D,0.3763704208592784,0.5469028034245426,0.013125175783604245,274213.5218066404,210.31131683020584,439.2857142857143,444.7857142857143
Copenhagen_Val,SV_Copenhagen_55.6724_12.5565.tif,highrise,Baseline_A,0.5794988419789603,0.7337755832133488,0.2181327744429014,799564.8873687036,235.41765435037306,437.2121212121212,433.0
Copenhagen_Val,SV_Copenhagen_55.6724_12.5565.tif,highrise,Augmented_D,0.553291928335727,0.712412030529961,0.00427435641792571,1003349.0245962729,232.5740414152122,442.7837837837838,439.6216216216216
Copenhagen_Val,SV_Copenhagen_55.6798_12.5342.tif,mediumrise,Baseline_A,0.40640690284751235,0.5779364450283511,0.16572821271463817,412415.92206459364,159.56020198180167,440.8222222222222,424.35555555555555
Copenhagen_Val,SV_Copenhagen_55.6798_12.5342.tif,mediumrise,Augmented_D,0.44342058974030957,0.6144024726986703,0.027572948989283527,536894.9503435148,179.27073176820946,458.2,450.4888888888889
Copenhagen_Val,SV_Copenhagen_55.6700_12.5616.tif,mediumrise,Baseline_A,0.5449913803718753,0.705494396014944,0.046555473304339776,33199.169329845936,177.56559617505053,426.7,402.15
Copenhagen_Val,SV_Copenhagen_55.6700_12.5616.tif,mediumrise,Augmented_D,0.5430755615234375,0.7038871913534467,0.0,33585.69957398097,177.51747331732184,426.7,402.15
Copenhagen_Val,SV_Copenhagen_55.6812_12.5510.tif,highrise,Baseline_A,0.418033430803474,0.5895960161765883,0.17364028953373775,97009.38848671368,203.00580177336383,439.4,432.32
Copenhagen_Val,SV_Copenhagen_55.6812_12.5510.tif,highrise,Augmented_D,0.4401983407724431,0.6113023856649424,0.061017103924796506,162482.7960497459,205.60395387347734,445.82142857142856,439.10714285714283
Copenhagen_Val,SV_Copenhagen_55.6792_12.5890.tif,highrise,Baseline_A,0.5260143430431914,0.6893963289941416,0.14433841319567453,4835.961362689011,188.23941984459594,361.6666666666667,357.1111111111111
Copenhagen_Val,SV_Copenhagen_55.6792_12.5890.tif,highrise,Augmented_D,0.5168118270615552,0.6814448804275864,0.03374356715680255,97384.50029984859,190.77841930187904,376.3,371.9
Copenhagen_Val,SV_Copenhagen_55.6745_12.5320.tif,mediumrise,Baseline_A,0.21431703062471433,0.3529836529006883,0.08964670190939862,1734674.4534952987,229.65804574052214,466.28205128205127,461.8205128205128
Copenhagen_Val,SV_Copenhagen_55.6745_12.5320.tif,mediumrise,Augmented_D,0.20096499541783833,0.33467252781654777,0.03548143452302062,1815992.555751546,240.7805314691841,477.8809523809524,476.6190476190476
Copenhagen_Val,SV_Copenhagen_55.6856_12.5850.tif,highrise,Baseline_A,0.6374793558140145,0.7786105559750576,0.17854541309091101,121662.16555055737,220.91809000061266,356.8,336.6
Copenhagen_Val,SV_Copenhagen_55.6856_12.5850.tif,highrise,Augmented_D,0.6351772458807672,0.7768910036888841,0.06974984468956068,139861.86890465763,245.61401557912959,404.8181818181818,390.27272727272725
Copenhagen_Val,SV_Copenhagen_55.6946_12.5869.tif,highrise,Baseline_A,0.3868097927804682,0.557841161483203,0.1732593011537064,71707.51358970987,173.79993440678697,335.5833333333333,326.6666666666667
Copenhagen_Val,SV_Copenhagen_55.6946_12.5869.tif,highrise,Augmented_D,0.42407458904956125,0.5955791814705323,0.016839315520558593,93296.44110293181,207.0282017344853,381.3076923076923,373.61538461538464
Copenhagen_Val,SV_Copenhagen_55.6813_12.5409.tif,mediumrise,Baseline_A,0.21103354149483525,0.34851807858987405,0.1285047561804534,472763.717021711,212.257550093332,462.3478260869565,460.30434782608694
Copenhagen_Val,SV_Copenhagen_55.6813_12.5409.tif,mediumrise,Augmented_D,0.20695158504873257,0.34293270353570404,0.00462043005541285,1964852.9896466378,215.96758770896616,469.037037037037,467.14814814814815
Copenhagen_Val,SV_Copenhagen_55.6745_12.5345.tif,mediumrise,Baseline_A,0.3148853189711208,0.478954802259887,0.14580386839570902,1876222.362136437,181.26304853296642,475.52,460.06
Copenhagen_Val,SV_Copenhagen_55.6745_12.5345.tif,mediumrise,Augmented_D,0.3264679686395034,0.4922364902250092,0.006905752177666169,2096357.3670240138,184.8634211261562,475.71153846153845,461.75
Copenhagen_Val,SV_Copenhagen_55.7013_12.5840.tif,mediumrise,Baseline_A,0.47283974746487645,0.6420790154241169,0.15707475026127718,18699.926829448952,217.847889942687,432.2608695652174,418.5217391304348
Copenhagen_Val,SV_Copenhagen_55.7013_12.5840.tif,mediumrise,Augmented_D,0.48112747959754726,0.649677338682933,0.0384990955513935,22795.291131670772,219.7887719866381,432.2608695652174,418.5217391304348
Copenhagen_Val,SV_Copenhagen_55.6767_12.5892.tif,mediumrise,Baseline_A,0.43369724902779777,0.6050053444991843,0.08275338626809903,66633.93746700182,187.82114551934723,394.0,376.4
Copenhagen_Val,SV_Copenhagen_55.6767_12.5892.tif,mediumrise,Augmented_D,0.40349955985235747,0.574990646801206,0.03199295567948342,147668.42209531434,208.93784297645524,432.0,415.5
Copenhagen_Val,SV_Copenhagen_55.6701_12.5635.tif,mediumrise,Baseline_A,0.2618712917175787,0.41505230119172654,0.02684296368231676,136918.0314523862,222.32685105289647,469.0,435.125
Copenhagen_Val,SV_Copenhagen_55.6701_12.5635.tif,mediumrise,Augmented_D,0.2623694232445743,0.4156777222474633,0.012782522805182732,137292.0876101502,222.37141271748192,469.0,435.125
Copenhagen_Val,SV_Copenhagen_55.6827_12.5558.tif,mediumrise,Baseline_A,0.2522861787393223,0.4029209665051147,0.12192495631969222,284948.24287416256,214.12776733846658,458.1666666666667,450.1666666666667
Copenhagen_Val,SV_Copenhagen_55.6827_12.5558.tif,mediumrise,Augmented_D,0.2321112976627049,0.3767700176161297,0.05614143676548111,327676.76585415204,215.87143564906697,458.1666666666667,450.1666666666667
Copenhagen_Val,SV_Copenhagen_55.6956_12.5819.tif,mediumrise,Baseline_A,0.24332671519964702,0.3914123491838183,0.07522618373314148,15587.357146777838,200.9661041148599,381.5625,375.0
Copenhagen_Val,SV_Copenhagen_55.6956_12.5819.tif,mediumrise,Augmented_D,0.21695457083983286,0.35655327822156957,0.06317663559067908,22827.37658026321,233.39945836551027,436.4375,429.875
Copenhagen_Val,SV_Copenhagen_55.6957_12.5844.tif,highrise,Baseline_A,0.32116661801196905,0.48618639561941984,0.1357284254041214,17626.777852009673,180.42141595169343,413.7142857142857,407.85714285714283
Copenhagen_Val,SV_Copenhagen_55.6957_12.5844.tif,highrise,Augmented_D,0.3600753338922128,0.5294932198524073,0.01252220818973821,26958.7706843366,198.16599809940982,431.95454545454544,429.1363636363636
Copenhagen_Val,SV_Copenhagen_55.6909_12.5847.tif,mediumrise,Baseline_A,0.48192765920973685,0.6504064570422189,0.232741309489868,244953.6553225783,196.10155946775987,395.05882352941177,415.05882352941177
Copenhagen_Val,SV_Copenhagen_55.6909_12.5847.tif,mediumrise,Augmented_D,0.4609870910644531,0.6310625109337344,0.0,280898.588383101,198.22382473451773,398.0857142857143,416.9714285714286
Copenhagen_Val,SV_Copenhagen_55.6812_12.5341.tif,mediumrise,Baseline_A,0.3772140680325573,0.5477929347199203,0.16645739526097272,364833.5602332346,202.6257752524026,468.6842105263158,460.12280701754383
Copenhagen_Val,SV_Copenhagen_55.6812_12.5341.tif,mediumrise,Augmented_D,0.40489744357979807,0.5764085420329116,0.03552187555502931,392067.5377552222,209.9826402261177,469.728813559322,461.2881355932203
Copenhagen_Val,SV_Copenhagen_55.6756_12.5344.tif,mediumrise,Baseline_A,0.3449271952526599,0.5129306574663491,0.1230364116104188,689631.7231617804,208.09948717713976,453.97297297297297,438.35135135135135
Copenhagen_Val,SV_Copenhagen_55.6756_12.5344.tif,mediumrise,Augmented_D,0.32891389957248585,0.4950116026001355,0.0,1338348.9252784278,209.58734137635471,471.8139534883721,458.06976744186045
Copenhagen_Val,SV_Copenhagen_55.6814_12.5584.tif,highrise,Baseline_A,0.3651799526587516,0.534991671900172,0.1659294842561948,13923.503483435732,209.8541951878632,396.0,384.375
Copenhagen_Val,SV_Copenhagen_55.6814_12.5584.tif,highrise,Augmented_D,0.3418359313493938,0.5095048110772119,0.016767266067056474,39390.37836139915,217.70191877659735,407.3,404.4
Copenhagen_Val,SV_Copenhagen_55.6785_12.5367.tif,mediumrise,Baseline_A,0.47023681495950664,0.6396749287936419,0.19847462423023027,606073.9117266088,228.06628155139745,442.3703703703704,429.51851851851853
Copenhagen_Val,SV_Copenhagen_55.6785_12.5367.tif,mediumrise,Augmented_D,0.4906873419639937,0.6583370344012028,0.017836003648273476,682457.8228141146,223.08164498865756,446.51724137931035,433.7586206896552
Copenhagen_Val,SV_Copenhagen_55.6737_12.5514.tif,highrise,Baseline_A,0.5613912331151709,0.7190910531694548,0.1665397866200892,388011.1645281642,216.5622308395575,438.23809523809524,415.14285714285717
Copenhagen_Val,SV_Copenhagen_55.6737_12.5514.tif,highrise,Augmented_D,0.5533893013251925,0.7124927419715039,0.008512174989682212,953887.963537424,213.90452120858197,451.11538461538464,432.65384615384613
Copenhagen_Val,SV_Copenhagen_55.6737_12.5539.tif,highrise,Baseline_A,0.6527903806552391,0.7899251935341542,0.12226546041676402,443861.34546135593,235.0977276811773,400.7142857142857,387.5
Copenhagen_Val,SV_Copenhagen_55.6737_12.5539.tif,highrise,Augmented_D,0.6688733512812071,0.8015867120985637,0.02573928959560716,820120.5390516613,244.94192239707166,419.47058823529414,408.3529411764706
Copenhagen_Val,SV_Copenhagen_55.6785_12.5392.tif,mediumrise,Baseline_A,0.4783975044315778,0.6471838636057691,0.22565798716833763,737226.3396655273,239.74423885792484,452.56756756756755,447.4864864864865
Copenhagen_Val,SV_Copenhagen_55.6785_12.5392.tif,mediumrise,Augmented_D,0.49018087065493976,0.6578810402250077,0.0007934933544931561,1003531.0850540245,246.64016216417394,456.1463414634146,452.2682926829268
Copenhagen_Val,SV_Copenhagen_55.6909_12.5871.tif,mediumrise,Baseline_A,0.3594274269313759,0.528792372157311,0.1804731945572265,587079.5384716277,204.0975164912474,394.7368421052632,389.1578947368421
Copenhagen_Val,SV_Copenhagen_55.6909_12.5871.tif,mediumrise,Augmented_D,0.3523610234348819,0.5211049672814658,0.005266225386120479,912257.9902889135,229.18815768329836,394.7368421052632,389.1578947368421
Copenhagen_Val,SV_Copenhagen_55.6744_12.5295.tif,mediumrise,Baseline_A,0.21763184058327364,0.35746739421502477,0.1260090408229042,427374.96530508227,206.42617098727467,432.77777777777777,434.3333333333333
Copenhagen_Val,SV_Copenhagen_55.6744_12.5295.tif,mediumrise,Augmented_D,0.18007599089966417,0.30519388969582906,0.0,1399783.7638452677,205.5194904988085,468.9583333333333,470.4166666666667
Copenhagen_Val,SV_Copenhagen_55.6787_12.5629.tif,highrise,Baseline_A,0.38123699961794794,0.5520225706716496,0.10474495071472605,8489.63605325414,189.67258396261428,412.5,396.0625
Copenhagen_Val,SV_Copenhagen_55.6787_12.5629.tif,highrise,Augmented_D,0.3886359636705868,0.5597377193707469,0.008007775666226626,9933.862209870122,189.18476724474863,412.5,396.0625
Copenhagen_Val,SV_Copenhagen_55.6813_12.5559.tif,mediumrise,Baseline_A,0.2248202044228029,0.36710727600831755,0.1079901319362196,45086.19151456555,135.30383367600177,162.3125,460.1875
Copenhagen_Val,SV_Copenhagen_55.6813_12.5559.tif,mediumrise,Augmented_D,0.19911394758039533,0.33210179563363906,0.11547020405720596,42944.96228472918,132.12136782517555,166.33333333333334,451.8333333333333
Copenhagen_Val,SV_Copenhagen_55.6806_12.5878.tif,mediumrise,Baseline_A,0.6249347964002914,0.7691813822741759,0.11597207223348795,476590.01033918373,239.1061947018018,383.0,381.85714285714283
Copenhagen_Val,SV_Copenhagen_55.6806_12.5878.tif,mediumrise,Augmented_D,0.5634532764761312,0.7207804479403427,0.06861561005866543,593804.27364536,244.87778962955704,383.0,381.85714285714283
Copenhagen_Val,SV_Copenhagen_55.6979_12.5574.tif,mediumrise,Baseline_A,0.3327387095418439,0.49933074977049274,0.13006091394646296,238812.77036962638,225.66897919012357,420.26666666666665,422.06666666666666
Copenhagen_Val,SV_Copenhagen_55.6979_12.5574.tif,mediumrise,Augmented_D,0.2951685030657877,0.45579938419919197,0.0,293597.26447854843,229.80257047728145,423.6875,427.375
Copenhagen_Val,SV_Copenhagen_55.6820_12.5877.tif,mediumrise,Baseline_A,0.605794116828542,0.754510320445053,0.18242110504004305,300635.5720476606,159.43883888774562,306.8666666666667,317.73333333333335
Copenhagen_Val,SV_Copenhagen_55.6820_12.5877.tif,mediumrise,Augmented_D,0.6007313563300876,0.7505711110793165,0.002145769258279093,696225.3079883374,235.54952621256018,404.25,418.5625
Copenhagen_Val,SV_Copenhagen_55.6827_12.5533.tif,highrise,Baseline_A,0.3903276101382313,0.5614901226041589,0.18916328772655228,488094.2975465873,222.86291827581334,446.18518518518516,451.22222222222223
Copenhagen_Val,SV_Copenhagen_55.6827_12.5533.tif,highrise,Augmented_D,0.386984510943779,0.5580228299455975,0.020518734496714392,635965.5183506976,222.46685806788486,449.51724137931035,453.9655172413793
Copenhagen_Val,SV_Copenhagen_55.6965_12.5550.tif,mediumrise,Baseline_A,0.45380613076456944,0.6243007525713333,0.09938944786065486,175367.18183509973,218.77473164179025,448.9166666666667,403.125
Copenhagen_Val,SV_Copenhagen_55.6965_12.5550.tif,mediumrise,Augmented_D,0.44698533510157795,0.617815985080733,0.00877037562012757,197008.0938488946,218.5727631028847,448.9166666666667,403.125
Copenhagen_Val,SV_Copenhagen_55.6784_12.5318.tif,highrise,Baseline_A,0.31786211393242114,0.4823905484071315,0.20651140769470305,224889.00251604314,213.43349549804864,441.48387096774195,450.35483870967744
Copenhagen_Val,SV_Copenhagen_55.6784_12.5318.tif,highrise,Augmented_D,0.3319997856114667,0.49849825682826093,0.0037022345630040986,414852.3646297029,206.33199033553902,448.8,455.9428571428571
Copenhagen_Val,SV_Copenhagen_55.6723_12.5540.tif,mediumrise,Baseline_A,0.6012255762385741,0.7509567485811814,0.17420894643947193,52736.2741287929,228.24360268934754,403.8125,343.6875
Copenhagen_Val,SV_Copenhagen_55.6723_12.5540.tif,mediumrise,Augmented_D,0.5961110070955589,0.7469543214043757,0.005428758850007917,444007.6029312066,219.7248820220013,428.22727272727275,385.5
Copenhagen_Val,SV_Copenhagen_55.6867_12.5849.tif,highrise,Baseline_A,0.6026961366817185,0.7521028133624418,0.1489577062735884,212727.12200552787,234.29597350443322,409.11764705882354,402.11764705882354
Copenhagen_Val,SV_Copenhagen_55.6867_12.5849.tif,highrise,Augmented_D,0.6118224761329641,0.7591685625340455,0.031403060118763815,244151.93308953894,236.51299109121135,413.8888888888889,405.6111111111111
Copenhagen_Val,SV_Copenhagen_55.6771_12.5368.tif,mediumrise,Baseline_A,0.38188075519241105,0.5526971176890564,0.17110722833601674,548006.2251533072,197.11557692353176,453.39473684210526,450.3157894736842
Copenhagen_Val,SV_Copenhagen_55.6771_12.5368.tif,mediumrise,Augmented_D,0.3803628419915705,0.5511055940085835,0.030716118761273746,872815.818633402,205.1643799241787,457.4634146341463,454.2926829268293
Copenhagen_Val,SV_Copenhagen_55.6946_12.5819.tif,mediumrise,Baseline_A,0.3117910650817135,0.4753669595428927,0.08591837626763026,25724.357233847768,211.06791197914876,426.70588235294116,418.7647058823529
Copenhagen_Val,SV_Copenhagen_55.6946_12.5819.tif,mediumrise,Augmented_D,0.30256388352832,0.46456667093939386,0.03820816864295125,28809.332220855504,208.5368417360889,426.70588235294116,418.7647058823529
Copenhagen_Val,SV_Copenhagen_55.6971_12.5843.tif,mediumrise,Baseline_A,0.3864893429628325,0.5575078451550609,0.1414797638287021,259867.71137665893,185.902603336488,431.84,412.8
Copenhagen_Val,SV_Copenhagen_55.6971_12.5843.tif,mediumrise,Augmented_D,0.3829451666743228,0.5538110633774747,0.0002635393332454869,385355.30710835295,212.19074130679024,453.42857142857144,437.57142857142856
Copenhagen_Val,SV_Copenhagen_55.6772_12.5611.tif,highrise,Baseline_A,0.37303634034519956,0.5433743148435726,0.10183422201727749,31557.25899862399,242.6938589539643,442.52941176470586,406.1764705882353
Copenhagen_Val,SV_Copenhagen_55.6772_12.5611.tif,highrise,Augmented_D,0.3819658230652295,0.552786207430255,0.015673351284009165,36649.96324952859,240.9024690917617,442.52941176470586,406.1764705882353
Copenhagen_Val,SV_Copenhagen_55.6761_12.5587.tif,skyscraper,Baseline_A,0.503101404109736,0.6694177821059456,0.16950010390759598,24247.18633641195,227.02612630509296,407.45454545454544,372.09090909090907
Copenhagen_Val,SV_Copenhagen_55.6761_12.5587.tif,skyscraper,Augmented_D,0.4772834750112458,0.6461636958439713,0.03681453839589016,28015.344253436484,227.50013941618957,407.45454545454544,372.09090909090907
Copenhagen_Val,SV_Copenhagen_55.6881_12.5823.tif,mediumrise,Baseline_A,0.5780976269241302,0.7326512847635418,0.20219868058669058,809400.1255837723,222.52719884713443,422.0,421.8888888888889
Copenhagen_Val,SV_Copenhagen_55.6881_12.5823.tif,mediumrise,Augmented_D,0.5928772142269417,0.7444104403422935,0.029977636926055935,1367606.3666641018,221.270752672507,426.2758620689655,426.48275862068965
Copenhagen_Val,SV_Copenhagen_55.6778_12.5879.tif,mediumrise,Baseline_A,0.43982805033283945,0.610945244789704,0.11052945203118306,135762.93601663085,160.75649372165384,373.0,203.2
Copenhagen_Val,SV_Copenhagen_55.6778_12.5879.tif,mediumrise,Augmented_D,0.40326840141493436,0.5747559070072602,0.0,154063.19082472092,162.0829225700357,377.8,215.4
Copenhagen_Val,SV_Copenhagen_55.6760_12.5538.tif,highrise,Baseline_A,0.2893638247256542,0.4488474380568633,0.11298638832637381,267183.25276652444,217.17603614578792,459.2857142857143,432.35714285714283
Copenhagen_Val,SV_Copenhagen_55.6760_12.5538.tif,highrise,Augmented_D,0.2639034111178084,0.4176005995338041,0.0048390999274135005,452616.54642673227,217.36151659464662,462.5625,441.5
Copenhagen_Val,SV_Copenhagen_55.6771_12.5562.tif,skyscraper,Baseline_A,0.42134152213222625,0.5928786510087323,0.13848309176894796,97961.23896250494,163.93889792707319,152.66666666666666,339.0
Copenhagen_Val,SV_Copenhagen_55.6771_12.5562.tif,skyscraper,Augmented_D,0.4051306826416735,0.5766448454175377,0.11266835697973422,111233.3550207852,168.48537552444694,162.66666666666666,339.0
Copenhagen_Val,SV_Copenhagen_55.7006_12.5497.tif,highrise,Baseline_A,0.42034270892735603,0.591889135326782,0.16754883667796353,144342.13989788078,165.44069725228087,352.88235294117646,350.29411764705884
Copenhagen_Val,SV_Copenhagen_55.7006_12.5497.tif,highrise,Augmented_D,0.39655519508172604,0.5679047938502992,0.04393158212590526,187032.90597024604,205.24708243359473,405.8235294117647,403.0
Copenhagen_Val,SV_Copenhagen_55.6800_12.5458.tif,mediumrise,Baseline_A,0.5024598545591792,0.668849624213887,0.19663368358590821,231127.58806954417,209.60412116927034,446.52941176470586,433.3235294117647
Copenhagen_Val,SV_Copenhagen_55.6800_12.5458.tif,mediumrise,Augmented_D,0.4906636299500015,0.6583156925435404,0.007080204093332569,503720.5865720072,217.27452368047153,454.45,443.35
Copenhagen_Val,SV_Copenhagen_55.6773_12.5630.tif,skyscraper,Baseline_A,0.4953813337189754,0.6625485052524691,0.15813251367810577,9125.016260453274,188.9480589927206,382.7142857142857,362.42857142857144
Copenhagen_Val,SV_Copenhagen_55.6773_12.5630.tif,skyscraper,Augmented_D,0.47229864171706426,0.6415799462617819,0.07349796878340817,24443.713773834665,222.22089736967058,415.1333333333333,400.1333333333333
Copenhagen_Val,SV_Copenhagen_55.6700_12.5591.tif,mediumrise,Baseline_A,0.6130273506641425,0.7600954198473282,0.048819352032488814,115511.58925973836,225.98197913173627,435.5,428.3666666666667
Copenhagen_Val,SV_Copenhagen_55.6700_12.5591.tif,mediumrise,Augmented_D,0.6133044393913959,0.7603083762947548,0.000634450671460294,117148.81770294798,225.8176668967297,435.5,428.3666666666667
Copenhagen_Val,SV_Copenhagen_55.6971_12.5868.tif,mediumrise,Baseline_A,0.42381201044386424,0.5953201789774811,0.1548729807547603,173770.00297224487,206.1731573137464,421.3809523809524,419.23809523809524
Copenhagen_Val,SV_Copenhagen_55.6971_12.5868.tif,mediumrise,Augmented_D,0.4292871479047902,0.6007010537163056,0.002235191853967466,218677.83393045864,207.00941270844342,424.3181818181818,421.6363636363636
Copenhagen_Val,SV_Copenhagen_55.6756_12.5320.tif,mediumrise,Baseline_A,0.25418719686815994,0.4053417185295667,0.11829025440913453,1215895.6237780063,203.63149403686148,447.1666666666667,429.0833333333333
Copenhagen_Val,SV_Copenhagen_55.6756_12.5320.tif,mediumrise,Augmented_D,0.2377297072675224,0.3841383233700467,0.0007820136852394918,1649846.00213817,223.16163721596592,471.18518518518516,454.6666666666667
Copenhagen_Val,SV_Copenhagen_55.7007_12.5547.tif,highrise,Baseline_A,0.25578756625853105,0.40737394306366564,0.1271235250579114,11146.810091391135,219.32842261429516,412.4166666666667,409.75
Copenhagen_Val,SV_Copenhagen_55.7007_12.5547.tif,highrise,Augmented_D,0.24786232359824814,0.3972590868574824,0.03683500064720132,17127.90408476927,230.69308109993912,423.64285714285717,418.2142857142857
Copenhagen_Val,SV_Copenhagen_55.6957_12.5868.tif,highrise,Baseline_A,0.3361741323726267,0.5031891042160602,0.18172590924094634,47020.594046560276,230.49620560587056,412.11764705882354,411.7647058823529
Copenhagen_Val,SV_Copenhagen_55.6957_12.5868.tif,highrise,Augmented_D,0.38430456029204413,0.5552312277450969,0.04326160452484338,57982.76466016497,225.67452254418077,412.11764705882354,411.7647058823529
Copenhagen_Val,SV_Copenhagen_55.6799_12.5391.tif,mediumrise,Baseline_A,0.40860280367749463,0.5801533301094379,0.17819775683286665,697491.676843425,189.93400777546924,457.6470588235294,444.05882352941177
Copenhagen_Val,SV_Copenhagen_55.6799_12.5391.tif,mediumrise,Augmented_D,0.4164683246906057,0.5880376107691268,0.003296197600624994,902735.6397237214,187.42968580341702,464.1463414634146,451.9024390243902
Copenhagen_Val,SV_Copenhagen_55.6828_12.5608.tif,highrise,Baseline_A,0.44887202097558115,0.6196158314567195,0.11553800375876408,755596.0308687785,185.31658633393025,419.2352941176471,416.47058823529414
Copenhagen_Val,SV_Copenhagen_55.6828_12.5608.tif,highrise,Augmented_D,0.43582081829588526,0.6070685321489383,0.10398329641772942,745869.3792759464,186.614469814941,410.85714285714283,406.85714285714283
Copenhagen_Val,SV_Copenhagen_55.6971_12.5879.tif,mediumrise,Baseline_A,0.32182726269560247,0.4869429944110853,0.13589013612234757,23745.043573349994,199.72488693928443,418.875,421.75
Copenhagen_Val,SV_Copenhagen_55.6971_12.5879.tif,mediumrise,Augmented_D,0.33293366379491973,0.4995502369518423,0.006725570354740867,30129.100448676723,191.9433990252583,422.8235294117647,424.70588235294116
Copenhagen_Val,SV_Copenhagen_55.6778_12.5891.tif,mediumrise,Baseline_A,0.37778049750634884,0.5483899622473907,0.07344908146629242,4472.5609581462295,138.79431658191868,368.8181818181818,207.0909090909091
Copenhagen_Val,SV_Copenhagen_55.6778_12.5891.tif,mediumrise,Augmented_D,0.32259653643563607,0.4878230473898344,0.011737691929603193,93622.07932799109,141.99858409538572,381.75,223.0
Copenhagen_Val,SV_Copenhagen_55.6813_12.5534.tif,highrise,Baseline_A,0.39921188885393283,0.5706239234158016,0.19572494842101368,95123.71208403162,178.5528385825453,440.5,435.5263157894737
Copenhagen_Val,SV_Copenhagen_55.6813_12.5534.tif,highrise,Augmented_D,0.4028392338250291,0.574319885146973,0.009858507705131768,143052.17045483427,178.26295680997075,458.5128205128205,448.94871794871796
Copenhagen_Val,SV_Copenhagen_55.6757_12.5394.tif,mediumrise,Baseline_A,0.4176043663065481,0.5891691310102014,0.16648267744702455,381906.2620090072,216.35071481255966,446.75,439.34375
Copenhagen_Val,SV_Copenhagen_55.6757_12.5394.tif,mediumrise,Augmented_D,0.39020063001122435,0.5613587299382448,0.049187087831437236,430372.41825055424,218.28336737933543,448.5151515151515,440.969696969697
Copenhagen_Val,SV_Copenhagen_55.6785_12.5561.tif,highrise,Baseline_A,0.2307102838751426,0.3749221679511837,0.17111231491982332,14147.101894292684,280.0000898941702,467.0,382.8
Copenhagen_Val,SV_Copenhagen_55.6785_12.5561.tif,highrise,Augmented_D,0.2286215171502062,0.37215938994865555,0.007110408848508789,17500.255830982307,280.50048418787117,467.0,382.8
Copenhagen_Val,SV_Copenhagen_55.6757_12.5413.tif,mediumrise,Baseline_A,0.39118997593954385,0.5623818208945226,0.15601438188914737,686474.1707664724,193.3887021722483,465.77777777777777,460.68518518518516
Copenhagen_Val,SV_Copenhagen_55.6757_12.5413.tif,mediumrise,Augmented_D,0.38598747302318787,0.5569855147121235,0.08041069870416924,714097.1229150561,193.37728033462707,466.41818181818184,460.8363636363636
Copenhagen_Val,SV_Copenhagen_55.6994_12.5617.tif,highrise,Baseline_A,0.3411509601983891,0.5087435647780091,0.09008636098515495,26267.994085681876,226.39161483789425,408.64285714285717,408.2857142857143
Copenhagen_Val,SV_Copenhagen_55.6994_12.5617.tif,highrise,Augmented_D,0.33918760834398276,0.5065572683478106,0.0487339838466151,45353.901229838695,196.67615719287684,368.6875,365.8125
Copenhagen_Val,SV_Copenhagen_55.6777_12.5830.tif,highrise,Baseline_A,0.448442317238113,0.6192063182649924,0.07625760210326346,24825.34193333061,221.17733083706435,372.8888888888889,372.1111111111111
Copenhagen_Val,SV_Copenhagen_55.6777_12.5830.tif,highrise,Augmented_D,0.41422413620910753,0.5857970113838592,0.017676456613933515,29027.01438211576,223.9264056264229,372.8888888888889,372.1111111111111
Copenhagen_Val,SV_Copenhagen_55.6771_12.5412.tif,highrise,Baseline_A,0.3983341407967801,0.5697266900310488,0.19414874417294592,1140517.836305358,209.3527801087594,461.3695652173913,452.3695652173913
Copenhagen_Val,SV_Copenhagen_55.6771_12.5412.tif,highrise,Augmented_D,0.3921769387987274,0.5634009986361741,0.0031338547719467766,1442901.3622973103,215.35023783248346,464.84313725490193,457.4313725490196
Copenhagen_Val,SV_Copenhagen_55.6757_12.5369.tif,mediumrise,Baseline_A,0.4043846720707443,0.5758887577069395,0.19862094057821922,284218.7975559468,211.55476759618486,435.55172413793105,421.2068965517241
Copenhagen_Val,SV_Copenhagen_55.6757_12.5369.tif,mediumrise,Augmented_D,0.3807041858665308,0.5514637961752837,0.017265663495432664,1101548.0549692784,222.4943057274435,460.0571428571429,450.45714285714286
Copenhagen_Val,SV_Copenhagen_55.6826_12.5509.tif,highrise,Baseline_A,0.45387905496282904,0.6243697553981659,0.1470113960265182,69132.79896070046,204.26904225581129,381.8181818181818,376.8636363636364
Copenhagen_Val,SV_Copenhagen_55.6826_12.5509.tif,highrise,Augmented_D,0.4581233103352526,0.6283738927812911,0.023972491345461304,160120.0834049857,247.15261874760748,451.24,439.84
Copenhagen_Val,SV_Copenhagen_55.6709_12.5541.tif,mediumrise,Baseline_A,0.5540737501821892,0.7130597889800704,0.16563171872644034,1518852.7547389972,208.81059331480907,423.4,399.35
Copenhagen_Val,SV_Copenhagen_55.6709_12.5541.tif,mediumrise,Augmented_D,0.5683216443846082,0.7247513881090524,0.03030210031028963,1810661.5658423034,215.94950935204898,431.5217391304348,412.0869565217391
Copenhagen_Val,SV_Copenhagen_55.6924_12.5882.tif,highrise,Baseline_A,0.10371323529411765,0.18793511208820493,0.04052846417006827,22842.28514365998,242.23104984338147,418.3333333333333,423.6666666666667
Copenhagen_Val,SV_Copenhagen_55.6924_12.5882.tif,highrise,Augmented_D,0.13112592439553494,0.23185026806915002,0.004539930754591521,24479.80218247117,232.0710057678203,446.14285714285717,425.7142857142857
Copenhagen_Val,SV_Copenhagen_55.6798_12.5317.tif,highrise,Baseline_A,0.43623539310505327,0.6074706071153685,0.2010606345347074,609197.7515329072,235.33590720486666,428.85714285714283,427.76190476190476
Copenhagen_Val,SV_Copenhagen_55.6798_12.5317.tif,highrise,Augmented_D,0.4631323994025084,0.6330697065988495,0.0052520810428773376,766399.1070245387,235.6701518807824,432.0,429.95454545454544
Copenhagen_Val,SV_Copenhagen_55.6772_12.5453.tif,mediumrise,Baseline_A,0.47297285917592274,0.642201729963354,0.1802588467176762,393340.88177785877,195.92853106527983,448.6875,429.1666666666667
Copenhagen_Val,SV_Copenhagen_55.6772_12.5453.tif,mediumrise,Augmented_D,0.4777750383737484,0.6466140325384396,0.06570399456623806,427569.5972151202,195.47607427512617,449.6938775510204,430.7755102040816
Copenhagen_Val,SV_Copenhagen_55.6786_12.5610.tif,highrise,Baseline_A,0.38616329209627703,0.557168544713498,0.1093351743596238,9584.107254652388,219.11242554966927,417.5833333333333,389.5
Copenhagen_Val,SV_Copenhagen_55.6786_12.5610.tif,highrise,Augmented_D,0.3901907585696351,0.5613485144601331,0.0026082420448617634,10872.355433656337,218.32202838641197,417.5833333333333,389.5
Copenhagen_Val,SV_Copenhagen_55.6771_12.5393.tif,mediumrise,Baseline_A,0.4489411461994753,0.6196816860050294,0.196382675462119,1017906.7038642598,223.34137150405957,446.7567567567568,443.2972972972973
Copenhagen_Val,SV_Copenhagen_55.6771_12.5393.tif,mediumrise,Augmented_D,0.44493332899171295,0.615853091716268,0.08055254947326408,1300770.598205646,226.5323091925061,451.575,448.35
Copenhagen_Val,SV_Copenhagen_55.6698_12.5517.tif,mediumrise,Baseline_A,0.4431473850746802,0.6141401628936856,0.14716157371603167,873836.9080945556,225.24430859641814,438.875,399.4375
Copenhagen_Val,SV_Copenhagen_55.6698_12.5517.tif,mediumrise,Augmented_D,0.42663496383736754,0.5980996886404681,0.0021829096366365003,2287948.325290748,223.4962022901293,450.10526315789474,416.89473684210526
Copenhagen_Val,SV_Copenhagen_55.6952_12.5619.tif,skyscraper,Baseline_A,0.5478105913495672,0.7078522325808873,0.08802958911418782,23117.52948662952,159.47409302148532,268.6,238.0
Copenhagen_Val,SV_Copenhagen_55.6952_12.5619.tif,skyscraper,Augmented_D,0.49754959719132313,0.664484966807757,0.06319396857721844,1371068.698209595,258.5387433818418,377.8333333333333,352.6666666666667
Copenhagen_Val,SV_Copenhagen_55.6699_12.5566.tif,mediumrise,Baseline_A,0.5252877766471635,0.6887720267474162,0.07742611210308512,602880.1551892123,209.71034192948122,439.0689655172414,435.7241379310345
Copenhagen_Val,SV_Copenhagen_55.6699_12.5566.tif,mediumrise,Augmented_D,0.5253333539405508,0.6888112065253186,0.047975896168108774,613720.5058171046,212.2202578351843,440.73333333333335,437.8333333333333
Copenhagen_Val,SV_Copenhagen_55.6784_12.5343.tif,mediumrise,Baseline_A,0.4194950015262515,0.5910482264117977,0.19834614060749764,405719.8644617211,164.54148015694554,426.525,431.3
Copenhagen_Val,SV_Copenhagen_55.6784_12.5343.tif,mediumrise,Augmented_D,0.43490307916134435,0.6061776373293888,0.009063313096270599,712956.8240021925,185.806333042711,448.57142857142856,453.6904761904762
Copenhagen_Val,SV_Copenhagen_55.6966_12.5618.tif,highrise,Baseline_A,0.35331212184435634,0.5221443244930759,0.0626648076674947,16406.93398320148,145.247373567068,334.2,324.6
Copenhagen_Val,SV_Copenhagen_55.6966_12.5618.tif,highrise,Augmented_D,0.2854451814592894,0.4441187933587965,0.05781626407969269,30401.265921571587,238.2598329405966,373.4,357.4
Copenhagen_Val,SV_Copenhagen_55.6811_12.5291.tif,skyscraper,Baseline_A,0.5631531827404544,0.720534863708185,0.15677507179360387,265727.50752962177,184.7182593672064,429.88461538461536,445.2307692307692
Copenhagen_Val,SV_Copenhagen_55.6811_12.5291.tif,skyscraper,Augmented_D,0.5319681273682924,0.6944898106752906,0.003960517442216908,1345097.6346944608,177.0060180922899,439.96666666666664,453.56666666666666
Copenhagen_Val,SV_Copenhagen_55.6814_12.5609.tif,highrise,Baseline_A,0.4192686685658245,0.590823538702502,0.1450788995191798,49551.9087402277,228.44525286861287,417.9230769230769,397.15384615384613
Copenhagen_Val,SV_Copenhagen_55.6814_12.5609.tif,highrise,Augmented_D,0.38180651672997706,0.5526193603913753,0.029687973341411697,81281.84517228749,236.15879317357312,426.6,411.06666666666666
Copenhagen_Val,SV_Copenhagen_55.6881_12.5873.tif,mediumrise,Baseline_A,0.5881541617563616,0.7406764102874167,0.21850204680803537,51920.03948612852,214.12858466853132,392.56,394.76
Copenhagen_Val,SV_Copenhagen_55.6881_12.5873.tif,mediumrise,Augmented_D,0.6023544443838477,0.7518367069097133,0.031498194860706645,160885.87931641456,224.53109370146666,412.11538461538464,417.1923076923077
Copenhagen_Val,SV_Copenhagen_55.6814_12.5457.tif,mediumrise,Baseline_A,0.4974945680747023,0.6644358900270614,0.17460793466102384,328670.49603142845,220.4740454031906,430.65384615384613,415.15384615384613
Copenhagen_Val,SV_Copenhagen_55.6814_12.5457.tif,mediumrise,Augmented_D,0.46684678643974203,0.6365310825309158,0.024405528858491152,441408.98938168376,222.66064141875464,433.48148148148147,418.51851851851853
Copenhagen_Val,SV_Copenhagen_55.6985_12.5867.tif,mediumrise,Baseline_A,0.3886718310935666,0.5597749193018354,0.1476028859421698,124361.11563342661,231.32966514361854,411.73333333333335,408.93333333333334
Copenhagen_Val,SV_Copenhagen_55.6985_12.5867.tif,mediumrise,Augmented_D,0.3984876682273199,0.5698837069223938,0.005398128919224239,153700.1376841466,240.28814490945317,421.05882352941177,418.11764705882354
Copenhagen_Val,SV_Copenhagen_55.6761_12.5562.tif,skyscraper,Baseline_A,0.3710921051723305,0.5413087913968967,0.15138494943284841,35372.15974738607,213.35852664710328,386.0,388.0
Copenhagen_Val,SV_Copenhagen_55.6761_12.5562.tif,skyscraper,Augmented_D,0.3485806936464072,0.5169593414597758,0.010298349235196121,45639.496222821974,237.71446832393482,399.3333333333333,407.0
Copenhagen_Val,SV_Copenhagen_55.6978_12.5499.tif,mediumrise,Baseline_A,0.467330047867198,0.6369801375586552,0.16037274493905934,6250.208110428237,220.96405914563675,377.2,347.8
Copenhagen_Val,SV_Copenhagen_55.6978_12.5499.tif,mediumrise,Augmented_D,0.46343251855578826,0.6333500351804866,0.012352138775342334,8377.025105929059,220.1591923450941,377.2,347.8
Copenhagen_Val,SV_Copenhagen_55.6799_12.5535.tif,highrise,Baseline_A,0.4027879749975196,0.57426778982509,0.1591357962073868,46916.6401558575,189.43154706464463,435.75,420.95
Copenhagen_Val,SV_Copenhagen_55.6799_12.5535.tif,highrise,Augmented_D,0.39974017395133765,0.5711633935931237,0.045041906904226735,55936.79358453335,189.5887335108256,435.75,420.95
Copenhagen_Val,SV_Copenhagen_55.6882_12.5885.tif,mediumrise,Baseline_A,0.5679255753517981,0.7244292513365906,0.1870477273666367,54102.7467099512,200.02773420334748,352.4117647058824,350.5882352941176
Copenhagen_Val,SV_Copenhagen_55.6882_12.5885.tif,mediumrise,Augmented_D,0.5769659499649502,0.731741798201507,0.013739719400096757,203248.56573383862,242.4572778917335,403.55555555555554,409.22222222222223
Copenhagen_Val,SV_Copenhagen_55.6941_12.5601.tif,skyscraper,Baseline_A,0.43254505367282137,0.6038833509128995,0.13567159416691169,139387.72997605635,214.78438724379177,403.2,379.1333333333333
Copenhagen_Val,SV_Copenhagen_55.6941_12.5601.tif,skyscraper,Augmented_D,0.4565530466391473,0.6268951861280967,0.026893595955736947,170523.24276430908,238.07098446517242,428.26666666666665,405.6666666666667
Copenhagen_Val,SV_Copenhagen_55.6746_12.5395.tif,highrise,Baseline_A,0.3945858506416902,0.5658824811109758,0.16350164910892417,495106.8658991575,213.79073658413185,469.0238095238095,449.64285714285717
Copenhagen_Val,SV_Copenhagen_55.6746_12.5395.tif,highrise,Augmented_D,0.3710846919659371,0.5413009045179482,0.04228726081392068,601493.0332458713,216.0703703242733,469.69767441860466,450.86046511627904
Copenhagen_Val,SV_Copenhagen_55.6992_12.5498.tif,mediumrise,Baseline_A,0.5235718745648356,0.6872952740931619,0.1211818117167194,33644.64995076811,218.39424137200606,365.2857142857143,374.57142857142856
Copenhagen_Val,SV_Copenhagen_55.6992_12.5498.tif,mediumrise,Augmented_D,0.5249857650280633,0.688512348203332,0.028071968747050008,42821.61400347701,216.9557596492944,365.2857142857143,374.57142857142856
Copenhagen_Val,SV_Copenhagen_55.6834_12.5876.tif,highrise,Baseline_A,0.6414043725455718,0.7815312098271675,0.16322082017913714,409173.18611700076,185.47808903779904,350.90909090909093,366.8181818181818
Copenhagen_Val,SV_Copenhagen_55.6834_12.5876.tif,highrise,Augmented_D,0.6871510565625819,0.8145696899987014,0.04488100588715873,760584.0515788493,205.8394711224575,379.2857142857143,394.35714285714283
Copenhagen_Val,SV_Copenhagen_55.6709_12.5516.tif,mediumrise,Baseline_A,0.41637343374667274,0.5879430153462533,0.1521354634166286,91553.13669641627,191.80761455229492,412.0,355.0
Copenhagen_Val,SV_Copenhagen_55.6709_12.5516.tif,mediumrise,Augmented_D,0.39525232794395676,0.5665675233474083,0.04347846005933522,139016.92928249977,209.27526325204465,442.14285714285717,389.23809523809524
Copenhagen_Val,SV_Copenhagen_55.6994_12.5597.tif,mediumrise,Baseline_A,0.27486792391770426,0.43121003950437087,0.09337150861762462,391710.60699367494,206.64914284257173,394.55555555555554,393.72222222222223
Copenhagen_Val,SV_Copenhagen_55.6994_12.5597.tif,mediumrise,Augmented_D,0.28474275690575784,0.4432681256620544,0.02976807074551025,428709.457855401,241.8332402161945,442.8888888888889,442.1666666666667
Copenhagen_Val,SV_Copenhagen_55.7012_12.5815.tif,mediumrise,Baseline_A,0.3981336369309331,0.5695215770716783,0.175967544175495,16869.292615896447,194.64473210166577,456.8235294117647,443.52941176470586
Copenhagen_Val,SV_Copenhagen_55.7012_12.5815.tif,mediumrise,Augmented_D,0.3898299648382842,0.5609750468772537,0.025768941056487,21853.257235465768,197.89357041493597,456.57142857142856,444.9428571428571
Copenhagen_Val,SV_Copenhagen_55.6738_12.5589.tif,mediumrise,Baseline_A,0.6566515955134337,0.7927455565090287,0.1429474064785669,60244.85817437671,208.2876017443546,357.1875,337.8125
Copenhagen_Val,SV_Copenhagen_55.6738_12.5589.tif,mediumrise,Augmented_D,0.6729805849897269,0.8045288642651635,0.017828437819669737,321204.90143442305,252.4316694159176,426.05,404.2
Copenhagen_Val,SV_Copenhagen_55.6814_12.5450.tif,mediumrise,Baseline_A,0.47021775575078556,0.6396572941817898,0.16727901603317752,526379.6255683909,192.2011467504857,412.64,400.32
Copenhagen_Val,SV_Copenhagen_55.6814_12.5450.tif,mediumrise,Augmented_D,0.44098619137021594,0.6120616477953722,0.05633979530274799,622252.3170817025,215.85368316205793,436.3703703703704,425.44444444444446
Copenhagen_Val,SV_Copenhagen_55.6970_12.5818.tif,mediumrise,Baseline_A,0.2630810393667312,0.41657032473329136,0.10392119137720866,16036.643638905865,228.27734929790623,432.2352941176471,425.5882352941176
Copenhagen_Val,SV_Copenhagen_55.6970_12.5818.tif,mediumrise,Augmented_D,0.2510398787710102,0.40132993844708675,0.014354325184825427,19955.0099087654,223.76439871288392,432.2352941176471,425.5882352941176
Copenhagen_Val,SV_Copenhagen_55.6812_12.5316.tif,skyscraper,Baseline_A,0.4657777304624775,0.635536644857494,0.18649617303828037,361677.45337584714,227.08345954321922,437.9642857142857,423.7857142857143
Copenhagen_Val,SV_Copenhagen_55.6812_12.5316.tif,skyscraper,Augmented_D,0.46874255729442765,0.6382909720514927,0.011019645141189202,455762.52722604584,237.39597389939445,450.73333333333335,441.1666666666667
Copenhagen_Val,SV_Copenhagen_55.6725_12.5614.tif,mediumrise,Baseline_A,0.6167087291869269,0.7629187843837291,0.07062797222529647,1335067.001619777,201.82799439799007,423.04761904761904,420.3333333333333
Copenhagen_Val,SV_Copenhagen_55.6725_12.5614.tif,mediumrise,Augmented_D,0.6042974417790162,0.7533483829643295,0.05215209807817322,1368266.232145874,202.35275642949273,423.04761904761904,420.3333333333333
Copenhagen_Val,SV_Copenhagen_55.6710_12.5590.tif,highrise,Baseline_A,0.5298733615847049,0.6927022522123537,0.16146178931286176,909354.3860262833,201.4555317633891,445.1463414634146,441.1951219512195
Copenhagen_Val,SV_Copenhagen_55.6710_12.5590.tif,highrise,Augmented_D,0.539256916512924,0.7006717471630035,0.004451338773858501,993494.0873637095,206.36660779475176,450.15555555555557,446.84444444444443
Copenhagen_Val,SV_Copenhagen_55.6739_12.5613.tif,highrise,Baseline_A,0.6158217904322175,0.7622397396528374,0.12037930540178964,13161.651860509583,235.92862544230096,378.1818181818182,344.1818181818182
Copenhagen_Val,SV_Copenhagen_55.6739_12.5613.tif,highrise,Augmented_D,0.6128561386256516,0.7599637983185271,0.054955984639296566,13708.115140894623,238.47561425793302,378.8333333333333,350.75
Copenhagen_Val,SV_Copenhagen_55.7006_12.5522.tif,highrise,Baseline_A,0.35497443470749684,0.5239573908036522,0.1266948223956167,21073.724364564252,237.49433704135484,408.38461538461536,379.0769230769231
Copenhagen_Val,SV_Copenhagen_55.7006_12.5522.tif,highrise,Augmented_D,0.34204301075268817,0.5097347968912748,0.0,27102.58636195794,237.13637498322822,408.38461538461536,379.0769230769231
Copenhagen_Val,SV_Copenhagen_55.6791_12.5854.tif,highrise,Baseline_A,0.6194011332147732,0.7649755462195604,0.13531974793260496,261617.71532148824,205.49712167278867,389.9,303.1
Copenhagen_Val,SV_Copenhagen_55.6791_12.5854.tif,highrise,Augmented_D,0.6044760167039477,0.7534871327596585,0.0021195966343374654,277279.2883879386,218.77642522050044,398.6363636363636,320.72727272727275
Copenhagen_Val,SV_Copenhagen_55.6820_12.5888.tif,mediumrise,Baseline_A,0.6420976177928157,0.7820456114611202,0.1540401888011424,16923.722735623654,203.65944481878734,349.8181818181818,362.54545454545456
Copenhagen_Val,SV_Copenhagen_55.6820_12.5888.tif,mediumrise,Augmented_D,0.6281921984582391,0.7716437888021872,0.008472866653217672,23484.31734920853,227.29250285746357,390.5,408.75
Copenhagen_Val,SV_Copenhagen_55.7008_12.5616.tif,mediumrise,Baseline_A,0.17165151703814385,0.29300780059939213,0.05781986027729053,167999.4803200095,161.41020607719523,451.0,454.61538461538464
Copenhagen_Val,SV_Copenhagen_55.7008_12.5616.tif,mediumrise,Augmented_D,0.1603704214348086,0.2764124601461473,0.04288917048445268,182556.78551268906,163.1320471712293,451.0,454.61538461538464
Copenhagen_Val,SV_Copenhagen_55.6946_12.5844.tif,highrise,Baseline_A,0.3833430088986318,0.5542269797623596,0.14397301860828304,35377.62749210815,205.11171724375313,403.55555555555554,390.44444444444446
Copenhagen_Val,SV_Copenhagen_55.6946_12.5844.tif,highrise,Augmented_D,0.42253877663736367,0.5940629297096174,0.005718779040674815,45148.36134801279,217.25283439305483,427.55555555555554,412.44444444444446
Copenhagen_Val,SV_Copenhagen_55.6998_12.5816.tif,mediumrise,Baseline_A,0.5882716740986398,0.7407695845642905,0.17963517129018908,14038.029051226791,210.1383265498587,395.05882352941177,384.88235294117646
Copenhagen_Val,SV_Copenhagen_55.6998_12.5816.tif,mediumrise,Augmented_D,0.573064743000385,0.7285965126995981,0.04606429506004948,17204.228130508123,209.43382751361005,395.05882352941177,384.88235294117646
Copenhagen_Val,SV_Copenhagen_55.6772_12.5460.tif,mediumrise,Baseline_A,0.46891944431670435,0.6384549488142028,0.14112468857069693,439292.37541807786,181.69599006460874,452.9268292682927,431.8780487804878
Copenhagen_Val,SV_Copenhagen_55.6772_12.5460.tif,mediumrise,Augmented_D,0.4690648403507999,0.6385897034181164,0.06849219377597708,447117.166169244,186.72783571758075,455.1363636363636,436.3636363636364
Copenhagen_Val,SV_Copenhagen_55.6786_12.5452.tif,mediumrise,Baseline_A,0.46500982101656707,0.6348214385264637,0.14442979720597365,934843.9018026628,210.89718663303913,460.1875,440.5625
Copenhagen_Val,SV_Copenhagen_55.6786_12.5452.tif,mediumrise,Augmented_D,0.4788881362377744,0.647632670116679,0.06322505337384465,945981.7745583116,217.36657854189042,463.15384615384613,445.25
NewYork_Test,SV_NewYork_40.7373_-74.0034.tif,skyscraper,Baseline_A,0.45566679129817705,0.626059197093875,0.0016523425397881788,319816.1345370099,218.24273680085577,417.0,440.18518518518516
NewYork_Test,SV_NewYork_40.7373_-74.0034.tif,skyscraper,Augmented_D,0.4557456970214844,0.6261336687499182,0.0,319908.91055783205,218.23927388903317,417.0,440.18518518518516
NewYork_Test,SV_NewYork_40.7372_-73.9901.tif,skyscraper,Baseline_A,0.3968549302178091,0.5682120907944652,0.0054910151918086975,12973.787445389426,219.37913827999745,404.7647058823529,418.11764705882354
NewYork_Test,SV_NewYork_40.7372_-73.9901.tif,skyscraper,Augmented_D,0.39652316617052136,0.5678719491032119,0.0,12988.773446587715,219.2783020206254,404.7647058823529,418.11764705882354
NewYork_Test,SV_NewYork_40.7374_-74.0108.tif,skyscraper,Baseline_A,0.34397123359174125,0.511872910661166,0.027940701934210277,23068.26935424441,220.44072588970198,418.11764705882354,443.05882352941177
NewYork_Test,SV_NewYork_40.7374_-74.0108.tif,skyscraper,Augmented_D,0.38673063623789766,0.55775884102059,0.0,74822.18923586945,214.60097957231338,426.63157894736844,449.7368421052632
NewYork_Test,SV_NewYork_40.7360_-74.0071.tif,highrise,Baseline_A,0.5056503426068644,0.6716703450967076,0.0,90250.22747436848,241.38393605957884,429.3103448275862,441.1034482758621
NewYork_Test,SV_NewYork_40.7360_-74.0071.tif,highrise,Augmented_D,0.5055809020996094,0.6716090797838243,0.0,90262.63689410799,241.38493952648946,429.3103448275862,441.1034482758621
NewYork_Test,SV_NewYork_40.7400_-73.9852.tif,skyscraper,Baseline_A,0.4225527398776847,0.5940767298568024,0.001241156758098548,26784.407959453267,213.91545726642858,440.79411764705884,440.3235294117647
NewYork_Test,SV_NewYork_40.7400_-73.9852.tif,skyscraper,Augmented_D,0.42228631598223687,0.5938133711011685,0.0,26802.061038619144,213.89960906932015,440.79411764705884,440.3235294117647
NewYork_Test,SV_NewYork_40.7344_-73.9916.tif,skyscraper,Baseline_A,0.482723468592984,0.6511308127483268,0.008966053632072965,29682.082974968158,241.8271122198086,427.15,414.2
NewYork_Test,SV_NewYork_40.7344_-73.9916.tif,skyscraper,Augmented_D,0.4830818176269531,0.6514567327107035,0.0,29731.24334913972,241.8134829272165,427.15,414.2
NewYork_Test,SV_NewYork_40.7345_-74.0034.tif,skyscraper,Baseline_A,0.4846979870895827,0.6529246908183992,0.0033793409622507736,181747.7882039289,220.84418824584944,421.67857142857144,432.07142857142856
NewYork_Test,SV_NewYork_40.7345_-74.0034.tif,skyscraper,Augmented_D,0.4873662557757549,0.6553412838071451,0.0,180800.83786831197,220.80926276082005,421.67857142857144,432.07142857142856
NewYork_Test,SV_NewYork_40.7335_-74.0053.tif,highrise,Baseline_A,0.4900452160086839,0.6577588528774256,0.008752995817020708,39702.949845572984,232.82025298570562,428.88235294117646,436.7647058823529
NewYork_Test,SV_NewYork_40.7335_-74.0053.tif,highrise,Augmented_D,0.4871780179312927,0.655171085179125,0.008506306204400203,162739.7926989778,235.4135524213719,431.1714285714286,438.85714285714283
NewYork_Test,SV_NewYork_40.7334_-74.0020.tif,skyscraper,Baseline_A,0.46240156269226035,0.632386581755268,0.0040242850796581965,27968.785779711157,224.04474964154693,430.54545454545456,430.54545454545456
NewYork_Test,SV_NewYork_40.7334_-74.0020.tif,skyscraper,Augmented_D,0.49371647128948937,0.6610578122142228,0.027299036758671333,25862.568771254206,224.3660942659928,430.54545454545456,430.54545454545456
NewYork_Test,SV_NewYork_40.7359_-74.0020.tif,skyscraper,Baseline_A,0.4495725647261856,0.6202829381102516,0.0010896510392546786,321488.3910732347,244.30134362343048,434.5925925925926,442.6666666666667
NewYork_Test,SV_NewYork_40.7359_-74.0020.tif,skyscraper,Augmented_D,0.4520414900804619,0.6226288892825135,0.0,319759.5268534019,244.1372574010666,434.5925925925926,442.6666666666667
NewYork_Test,SV_NewYork_40.7333_-73.9798.tif,skyscraper,Baseline_A,0.18717665300357697,0.3153307513755714,0.007793173282746068,61723.72152544622,249.10130558343494,437.5,442.8125
NewYork_Test,SV_NewYork_40.7333_-73.9798.tif,skyscraper,Augmented_D,0.24252759272148752,0.39037779787293636,0.0,47627.92061083062,247.6025423835763,437.5,442.8125
NewYork_Test,SV_NewYork_40.7388_-74.0108.tif,skyscraper,Baseline_A,0.3155742792415355,0.4797513667164012,0.010316025985444245,20321.781951595483,197.35490191621778,420.73333333333335,436.3333333333333
NewYork_Test,SV_NewYork_40.7388_-74.0108.tif,skyscraper,Augmented_D,0.3255083445233071,0.4911449194088171,0.0,19724.544448346445,194.15930954821033,420.73333333333335,436.3333333333333
NewYork_Test,SV_NewYork_40.7334_-73.9990.tif,skyscraper,Baseline_A,0.44999842840015625,0.620688160188778,0.0,52487.723039186436,207.39058831749375,399.0,419.77777777777777
NewYork_Test,SV_NewYork_40.7334_-73.9990.tif,skyscraper,Augmented_D,0.47097287100674107,0.6403556180943092,0.006439742410303588,106942.77158010485,212.48652988530807,404.7894736842105,424.2631578947368
NewYork_Test,SV_NewYork_40.7374_-74.0052.tif,mediumrise,Baseline_A,0.5472794263786329,0.7074086516609687,0.004709400112128574,39722.35940408548,215.15287072769965,416.51612903225805,439.741935483871
NewYork_Test,SV_NewYork_40.7374_-74.0052.tif,mediumrise,Augmented_D,0.5465907703577096,0.7068330948739454,0.0,39807.01137853329,215.191399388709,416.51612903225805,439.741935483871
NewYork_Test,SV_NewYork_40.7386_-73.9852.tif,skyscraper,Baseline_A,0.4338326186152273,0.6051370473552428,0.0,277268.77258398756,226.09219495770816,430.53333333333336,442.5
NewYork_Test,SV_NewYork_40.7386_-73.9852.tif,skyscraper,Augmented_D,0.43409760715867274,0.6053947862290002,0.0,277099.45686827705,226.1255966973861,430.53333333333336,442.5
NewYork_Test,SV_NewYork_40.7387_-73.9915.tif,skyscraper,Baseline_A,0.47912483873184064,0.647849087765477,0.002184172549631421,56300.17073852727,241.40565612984423,418.0,416.9
NewYork_Test,SV_NewYork_40.7387_-73.9915.tif,skyscraper,Augmented_D,0.47893524169921875,0.6476757442725448,0.0,56339.78606688231,241.4555668589457,418.0,416.9
NewYork_Test,SV_NewYork_40.7335_-74.0108.tif,skyscraper,Baseline_A,0.39487078638687734,0.5661754339406706,0.0014779781259237365,214304.44455654014,185.02302132168361,434.14285714285717,440.14285714285717
NewYork_Test,SV_NewYork_40.7335_-74.0108.tif,skyscraper,Augmented_D,0.39663667356819277,0.5679883409546261,0.02565650467853909,211923.31207237812,185.5584349223498,434.14285714285717,440.14285714285717
NewYork_Test,SV_NewYork_40.7345_-73.9971.tif,skyscraper,Baseline_A,0.4987242214307847,0.6655316759405789,0.0023590469450342063,20404.725333077764,229.2779885436724,378.5263157894737,406.42105263157896
NewYork_Test,SV_NewYork_40.7345_-73.9971.tif,skyscraper,Augmented_D,0.5132054234636247,0.6783023844692974,0.030054031307067724,19411.037935335462,229.2311521844762,378.5263157894737,406.42105263157896
NewYork_Test,SV_NewYork_40.7359_-74.0034.tif,skyscraper,Baseline_A,0.5003152789932473,0.6669468557688389,0.002926329651035189,128058.28258569486,218.22580291846597,415.08,430.4
NewYork_Test,SV_NewYork_40.7359_-74.0034.tif,skyscraper,Augmented_D,0.499542236328125,0.6662596414107496,0.0,128305.15529026293,218.18298157288228,415.08,430.4
NewYork_Test,SV_NewYork_40.7401_-73.9952.tif,skyscraper,Baseline_A,0.600768414057547,0.750600035310229,0.006044578768417076,30962.637065407802,205.3371151960829,385.77777777777777,405.5
NewYork_Test,SV_NewYork_40.7401_-73.9952.tif,skyscraper,Augmented_D,0.6017843218201,0.751392448561733,0.006607940711522724,30951.24176582097,205.30498153721825,385.77777777777777,405.5
NewYork_Test,SV_NewYork_40.7388_-74.0089.tif,skyscraper,Baseline_A,0.5305970263995449,0.6933203413411553,0.016175892227306497,7307.807986302221,220.64978160480314,398.77777777777777,425.3333333333333
NewYork_Test,SV_NewYork_40.7388_-74.0089.tif,skyscraper,Augmented_D,0.5270928067873165,0.6903219037436361,0.0,75958.08311972654,227.32895555920157,404.2105263157895,429.7894736842105
NewYork_Test,SV_NewYork_40.7345_-73.9990.tif,skyscraper,Baseline_A,0.5393151480864207,0.7007209001442793,0.0022852789944772423,24261.220071417716,220.59482319342402,387.04347826086956,418.69565217391306
NewYork_Test,SV_NewYork_40.7345_-73.9990.tif,skyscraper,Augmented_D,0.5388173020371063,0.7003005507201057,0.001935733643050716,24283.19899922892,220.6326429462808,387.04347826086956,418.69565217391306
NewYork_Test,SV_NewYork_40.7402_-74.0089.tif,skyscraper,Baseline_A,0.5179875616097369,0.6824661475624233,0.009230310117599703,19082.855947660424,222.84730755992734,402.6666666666667,435.8095238095238
NewYork_Test,SV_NewYork_40.7402_-74.0089.tif,skyscraper,Augmented_D,0.5181351895951639,0.6825942684766214,0.0,19096.922203167418,222.8259194211107,402.6666666666667,435.8095238095238
NewYork_Test,SV_NewYork_40.7388_-74.0034.tif,skyscraper,Baseline_A,0.48447105300358756,0.6527187606970692,0.006201830832143573,540847.4831281671,235.82063633743388,410.5357142857143,446.0357142857143
NewYork_Test,SV_NewYork_40.7388_-74.0034.tif,skyscraper,Augmented_D,0.48402542502212864,0.6523141947044623,0.0,541732.2624842366,235.7738362340604,410.5357142857143,446.0357142857143
NewYork_Test,SV_NewYork_40.7371_-73.9783.tif,skyscraper,Baseline_A,0.23935275180367419,0.3862544404009845,0.002490217004624689,56463.07004456447,205.0820949045289,428.5882352941176,427.2352941176471
NewYork_Test,SV_NewYork_40.7371_-73.9783.tif,skyscraper,Augmented_D,0.26982436083974226,0.4249790272747734,0.0,50081.319110747696,207.92468581969783,428.5882352941176,427.2352941176471
NewYork_Test,SV_NewYork_40.7333_-73.9872.tif,skyscraper,Baseline_A,0.4748096444276343,0.6438927847015883,0.006330470013050507,128227.1951314629,236.35367888862046,399.04761904761904,427.3809523809524
NewYork_Test,SV_NewYork_40.7333_-73.9872.tif,skyscraper,Augmented_D,0.4743614196777344,0.6434805107439941,0.0,128456.70462916816,236.39745474165167,399.04761904761904,427.3809523809524
NewYork_Test,SV_NewYork_40.7400_-73.9901.tif,skyscraper,Baseline_A,0.4834217658510516,0.651765771515033,0.0011846937566639024,37432.30572785319,216.22296921640657,429.0,423.9259259259259
NewYork_Test,SV_NewYork_40.7400_-73.9901.tif,skyscraper,Augmented_D,0.483123779296875,0.6514948867260644,0.0,37458.09482494673,216.2108802449296,429.0,423.9259259259259
NewYork_Test,SV_NewYork_40.7343_-73.9783.tif,skyscraper,Baseline_A,0.20826472202618992,0.34473359724836133,0.0018221574344023323,61120.37557349015,223.59708892318983,424.7142857142857,426.57142857142856
NewYork_Test,SV_NewYork_40.7343_-73.9783.tif,skyscraper,Augmented_D,0.2242936994444163,0.3664050538628119,0.0031784252347700453,56753.45846205126,222.59684448018578,424.7142857142857,426.57142857142856
NewYork_Test,SV_NewYork_40.7346_-74.0053.tif,skyscraper,Baseline_A,0.4931624422859551,0.660561005714755,0.005116599429302372,207030.68300854284,223.52416494354162,434.94444444444446,447.19444444444446
NewYork_Test,SV_NewYork_40.7346_-74.0053.tif,skyscraper,Augmented_D,0.4912605285644531,0.6588527211101873,0.0,208008.7330846855,223.53570013239386,434.94444444444446,447.19444444444446
NewYork_Test,SV_NewYork_40.7400_-73.9834.tif,skyscraper,Baseline_A,0.4626298106291998,0.6326000020882713,0.0,77820.3049232329,228.1031802889124,413.96,431.56
NewYork_Test,SV_NewYork_40.7400_-73.9834.tif,skyscraper,Augmented_D,0.4622344970703125,0.6322303269365224,0.0,77886.94415774269,228.08743564393095,413.96,431.56
NewYork_Test,SV_NewYork_40.7374_-74.0071.tif,highrise,Baseline_A,0.4694169971801279,0.6389159756297342,0.011587782005289161,24822.057195633053,228.51686161367286,424.24,429.88
NewYork_Test,SV_NewYork_40.7374_-74.0071.tif,highrise,Augmented_D,0.4683484908597064,0.6379255248670458,0.0006209251785159888,24854.4477532947,228.4257861053854,424.24,429.88
NewYork_Test,SV_NewYork_40.7402_-74.0052.tif,skyscraper,Baseline_A,0.4239078124164483,0.5954146872711569,0.013059642901144348,21545.860399095294,220.04878209378126,407.4,443.2
NewYork_Test,SV_NewYork_40.7402_-74.0052.tif,skyscraper,Augmented_D,0.4241789518664347,0.5956820964255002,0.0,30304.136180044752,226.12703806552923,410.85714285714283,446.2857142857143
NewYork_Test,SV_NewYork_40.7400_-73.9797.tif,skyscraper,Baseline_A,0.40507362478065156,0.57658704517194,0.002051702913418137,182784.20444627435,220.41993842557576,424.40909090909093,433.5
NewYork_Test,SV_NewYork_40.7400_-73.9797.tif,skyscraper,Augmented_D,0.40919945767725635,0.5807544921309128,0.0,181064.83278578002,220.26032786604648,424.40909090909093,433.5
NewYork_Test,SV_NewYork_40.7387_-73.9971.tif,skyscraper,Baseline_A,0.5138988755450165,0.6789077974049073,0.008164079645664579,43623.73174277001,212.31901616668017,402.3157894736842,414.7894736842105
NewYork_Test,SV_NewYork_40.7387_-73.9971.tif,skyscraper,Augmented_D,0.5127962519266868,0.6779449000796941,0.0,43739.473787503295,212.32162560762472,402.3157894736842,414.7894736842105
NewYork_Test,SV_NewYork_40.7402_-74.0034.tif,skyscraper,Baseline_A,0.48129603480517497,0.6498309905602044,0.004196113074204947,66874.83703785647,241.80845733681804,389.04761904761904,427.04761904761904
NewYork_Test,SV_NewYork_40.7402_-74.0034.tif,skyscraper,Augmented_D,0.48347253084054864,0.6518119085988182,0.0017508206972018134,66637.56609564228,241.81822982324476,389.04761904761904,427.04761904761904
NewYork_Test,SV_NewYork_40.7358_-73.9902.tif,skyscraper,Baseline_A,0.3928134229009502,0.5640574917533446,0.008890300047626608,20100.43793263431,191.62888778518018,415.1578947368421,421.2105263157895
NewYork_Test,SV_NewYork_40.7358_-73.9902.tif,skyscraper,Augmented_D,0.39247742999862517,0.5637110110991352,0.0,20141.872191278602,191.6508823039062,415.1578947368421,421.2105263157895
NewYork_Test,SV_NewYork_40.7387_-73.9934.tif,skyscraper,Baseline_A,0.5546227786660358,0.7135142830493414,0.005450873194195469,116231.46883185356,237.0751746926719,378.42857142857144,394.07142857142856
NewYork_Test,SV_NewYork_40.7387_-73.9934.tif,skyscraper,Augmented_D,0.5548477172851562,0.7137003979450139,0.0,200534.31106297582,243.397932895702,386.8666666666667,401.73333333333335
NewYork_Test,SV_NewYork_40.7400_-73.9815.tif,skyscraper,Baseline_A,0.45363598888515677,0.6241397328543933,0.0,259204.90390788118,224.95047756796262,428.2857142857143,431.60714285714283
NewYork_Test,SV_NewYork_40.7400_-73.9815.tif,skyscraper,Augmented_D,0.4533729553222656,0.6238907276511642,0.0,259355.34493430183,224.95201718505837,428.2857142857143,431.60714285714283
NewYork_Test,SV_NewYork_40.7343_-73.9798.tif,skyscraper,Baseline_A,0.2210382620226998,0.36204968983779573,0.003785011355034066,285443.2896213704,240.22696438348999,429.75,441.4375
NewYork_Test,SV_NewYork_40.7343_-73.9798.tif,skyscraper,Augmented_D,0.23224003409388932,0.3769396021363059,0.0,271690.7015090189,239.845259655032,429.75,441.4375
NewYork_Test,SV_NewYork_40.7372_-73.9834.tif,skyscraper,Baseline_A,0.48219643470626405,0.6506511868675813,0.0016679076693968727,86714.58386701079,232.34156904686571,428.82142857142856,434.07142857142856
NewYork_Test,SV_NewYork_40.7372_-73.9834.tif,skyscraper,Augmented_D,0.4818992614746094,0.6503805946904659,0.0,86774.2356706787,232.3322951234878,428.82142857142856,434.07142857142856
NewYork_Test,SV_NewYork_40.7358_-73.9816.tif,skyscraper,Baseline_A,0.3492463271826701,0.5176909807298468,0.0006006907944135757,18348.552810367535,222.02594713164498,404.4736842105263,425.57894736842104
NewYork_Test,SV_NewYork_40.7358_-73.9816.tif,skyscraper,Augmented_D,0.35017244022072347,0.5187077291601034,0.0,18299.761291308725,221.9775603329085,404.4736842105263,425.57894736842104
NewYork_Test,SV_NewYork_40.7334_-73.9972.tif,skyscraper,Baseline_A,0.48748179937159936,0.6554457332890267,0.0072702203002099584,39400.22753125421,218.96440835193147,374.1764705882353,400.88235294117646
NewYork_Test,SV_NewYork_40.7334_-73.9972.tif,skyscraper,Augmented_D,0.500738080202084,0.6673224152940217,0.019162928443883107,38192.736174690086,219.31082614787536,374.1764705882353,400.88235294117646
NewYork_Test,SV_NewYork_40.7344_-73.9853.tif,skyscraper,Baseline_A,0.30865767634062413,0.47171644949001185,0.008325074331020811,57775.29913298955,255.91034104788122,424.875,426.625
NewYork_Test,SV_NewYork_40.7344_-73.9853.tif,skyscraper,Augmented_D,0.3329174284725997,0.49953196103691483,0.0,53573.389008318554,255.97363782190817,424.875,426.625
NewYork_Test,SV_NewYork_40.7359_-73.9971.tif,skyscraper,Baseline_A,0.5080140891933134,0.6737524441367347,0.008998295274746588,12952.638064852159,234.7041479829485,381.65,411.05
NewYork_Test,SV_NewYork_40.7359_-73.9971.tif,skyscraper,Augmented_D,0.5128900052882073,0.6780268274566348,0.02708023052515703,12691.197540085655,234.61996529552644,381.65,411.05
NewYork_Test,SV_NewYork_40.7402_-74.0071.tif,skyscraper,Baseline_A,0.4429779982117338,0.6139774809605016,0.024170595816088557,16355.832848318954,215.4397258896516,417.57142857142856,431.85714285714283
NewYork_Test,SV_NewYork_40.7402_-74.0071.tif,skyscraper,Augmented_D,0.443389892578125,0.6143730046303149,0.0,20065.50590904926,217.39409957630525,418.5,435.3181818181818
NewYork_Test,SV_NewYork_40.7344_-73.9835.tif,skyscraper,Baseline_A,0.38990801093758376,0.5610558509905491,0.009170268017133165,110867.93147456892,235.37574158130784,414.75,432.2
NewYork_Test,SV_NewYork_40.7344_-73.9835.tif,skyscraper,Augmented_D,0.39753816853476537,0.5689120733662111,0.0,108812.37155680415,235.23857688845965,414.75,432.2
NewYork_Test,SV_NewYork_40.7385_-73.9797.tif,skyscraper,Baseline_A,0.3939720211368704,0.565250973711168,0.001448593053996306,63929.093274513674,232.2622684900473,433.0,431.39130434782606
NewYork_Test,SV_NewYork_40.7385_-73.9797.tif,skyscraper,Augmented_D,0.39362335205078125,0.5648920154380971,0.0,63985.80984206186,232.28102367529777,433.0,431.39130434782606
NewYork_Test,SV_NewYork_40.7400_-73.9871.tif,skyscraper,Baseline_A,0.4101067550367508,0.5816676695886935,0.00212592297325513,40182.28599290041,210.02692945631225,435.55172413793105,431.1034482758621
NewYork_Test,SV_NewYork_40.7400_-73.9871.tif,skyscraper,Augmented_D,0.4104655165818766,0.5820284321116891,0.008536097402968582,40153.9537529739,209.95124947883616,435.55172413793105,431.1034482758621
NewYork_Test,SV_NewYork_40.7360_-74.0053.tif,mediumrise,Baseline_A,0.5507205425261373,0.7102769679300291,0.0009270418095856122,57323.173287206875,237.01789055175885,421.46875,442.09375
NewYork_Test,SV_NewYork_40.7360_-74.0053.tif,mediumrise,Augmented_D,0.5503502159283392,0.7099688964132446,0.0,57382.8218792899,237.02742880018175,421.46875,442.09375
NewYork_Test,SV_NewYork_40.7333_-73.9902.tif,skyscraper,Baseline_A,0.4629782422686713,0.6329256702419869,0.009068660221717114,242853.37413079737,251.4974695906996,421.15,424.95
NewYork_Test,SV_NewYork_40.7333_-73.9902.tif,skyscraper,Augmented_D,0.46453394195384035,0.634377843553566,0.00365332550477868,242340.86911497553,251.58077959867666,421.15,424.95
NewYork_Test,SV_NewYork_40.7335_-74.0072.tif,highrise,Baseline_A,0.4838483764183617,0.6521533926346983,0.006903664850912974,54312.0252955698,218.6609320283437,440.4634146341463,452.7317073170732
NewYork_Test,SV_NewYork_40.7335_-74.0072.tif,highrise,Augmented_D,0.4888443228538749,0.6566762089898547,0.000760914365429124,53804.62297414941,218.84665311352572,440.4634146341463,452.7317073170732
NewYork_Test,SV_NewYork_40.7358_-73.9871.tif,skyscraper,Baseline_A,0.42423882654819806,0.5957411336361167,0.001790281329923274,51098.924159707894,211.31308329025163,411.0,424.54545454545456
NewYork_Test,SV_NewYork_40.7358_-73.9871.tif,skyscraper,Augmented_D,0.4324259976269281,0.6037673127174733,0.0,50052.55943265305,211.19326012098853,411.0,424.54545454545456
NewYork_Test,SV_NewYork_40.7333_-73.9853.tif,skyscraper,Baseline_A,0.44207905099090633,0.6131134776379108,0.008609458151417008,174551.49408443857,243.1235708838076,426.1904761904762,432.1904761904762
NewYork_Test,SV_NewYork_40.7333_-73.9853.tif,skyscraper,Augmented_D,0.45460497428177143,0.6250562624484879,0.0,170177.59647091213,242.8499365462744,426.1904761904762,432.1904761904762
NewYork_Test,SV_NewYork_40.7373_-73.9989.tif,skyscraper,Baseline_A,0.45952347298572405,0.6296897329724807,0.010668474479510462,34489.54076473986,224.59652105990773,417.962962962963,424.7037037037037
NewYork_Test,SV_NewYork_40.7373_-73.9989.tif,skyscraper,Augmented_D,0.4604039878895379,0.6305159280684763,0.00041876046901172535,34485.83880334007,224.7264547766266,417.962962962963,424.7037037037037
NewYork_Test,SV_NewYork_40.7372_-73.9871.tif,skyscraper,Baseline_A,0.4369468688964844,0.6081600904729921,0.000985585807564371,31579.711766191816,219.8572614205205,422.32142857142856,430.89285714285717
NewYork_Test,SV_NewYork_40.7372_-73.9871.tif,skyscraper,Augmented_D,0.4372825622558594,0.6084851701944131,0.0,31590.350006245182,219.86916056859224,422.32142857142856,430.89285714285717
NewYork_Test,SV_NewYork_40.7334_-73.9953.tif,skyscraper,Baseline_A,0.5108493298829709,0.6762412634786565,0.012305600035096186,220043.05176227805,214.41628470162254,392.76190476190476,412.42857142857144
NewYork_Test,SV_NewYork_40.7334_-73.9953.tif,skyscraper,Augmented_D,0.5124468286136297,0.6776394633104018,0.011746218817521114,220902.386134137,214.69475997579661,392.76190476190476,412.42857142857144
NewYork_Test,SV_NewYork_40.7344_-73.9902.tif,skyscraper,Baseline_A,0.43522705159170777,0.6064922635189025,0.0012969748062643884,85539.1606545543,239.43080040212573,420.6,423.35
NewYork_Test,SV_NewYork_40.7344_-73.9902.tif,skyscraper,Augmented_D,0.436455463728191,0.6076839480917983,0.0,85307.79884867407,239.41710703318208,420.6,423.35
NewYork_Test,SV_NewYork_40.7335_-74.0035.tif,skyscraper,Baseline_A,0.4898264923947107,0.6575617964846034,0.0068056457588203546,184328.5674928607,238.2295308800444,420.42857142857144,427.0357142857143
NewYork_Test,SV_NewYork_40.7335_-74.0035.tif,skyscraper,Augmented_D,0.5031916103999027,0.66949763013384,0.0037061058093208555,179615.1077819179,238.39315528599653,420.42857142857144,427.0357142857143
NewYork_Test,SV_NewYork_40.7372_-73.9916.tif,skyscraper,Baseline_A,0.2201364275238328,0.36083903825506086,0.0,21365.03905942603,259.442569448338,436.73333333333335,433.93333333333334
NewYork_Test,SV_NewYork_40.7372_-73.9916.tif,skyscraper,Augmented_D,0.2214899471224791,0.3626553745190508,0.0,21233.86673567006,259.2588283814564,436.73333333333335,433.93333333333334
NewYork_Test,SV_NewYork_40.7401_-73.9989.tif,skyscraper,Baseline_A,0.5569990913741629,0.7154777346498917,0.0011165698972755694,155704.7354023768,236.14311128561084,389.63157894736844,418.89473684210526
NewYork_Test,SV_NewYork_40.7401_-73.9989.tif,skyscraper,Augmented_D,0.5573802399780173,0.7157921048052912,0.0,155847.57505833963,236.19883124081136,389.63157894736844,418.89473684210526
NewYork_Test,SV_NewYork_40.7374_-74.0089.tif,skyscraper,Baseline_A,0.5268152666620802,0.6900838341940377,0.009517285136943159,43011.82904412037,229.24021606020588,411.27272727272725,437.90909090909093
NewYork_Test,SV_NewYork_40.7374_-74.0089.tif,skyscraper,Augmented_D,0.5271229840250707,0.6903477840870699,0.00021070375052675936,74614.78749037633,234.39734512365058,415.1304347826087,441.0
NewYork_Test,SV_NewYork_40.7385_-73.9783.tif,skyscraper,Baseline_A,0.39942699977079993,0.5708436379121149,0.00030039050765995795,245026.29589867638,239.3758631610304,421.6111111111111,424.5
NewYork_Test,SV_NewYork_40.7385_-73.9783.tif,skyscraper,Augmented_D,0.39887237548828125,0.5702770066483778,0.0,245367.13924693485,239.3536686702681,421.6111111111111,424.5
NewYork_Test,SV_NewYork_40.7358_-73.9834.tif,skyscraper,Baseline_A,0.4627115135437671,0.6326763811720306,0.0037408149632598532,84414.38048857357,232.61909273595182,394.75,421.4
NewYork_Test,SV_NewYork_40.7358_-73.9834.tif,skyscraper,Augmented_D,0.4609219966417341,0.6310015150723578,0.0,84822.72514466531,232.9403166171639,394.75,421.4
NewYork_Test,SV_NewYork_40.7373_-73.9934.tif,skyscraper,Baseline_A,0.4239887571795185,0.5954945290710149,0.007724095315336191,176222.50823448814,242.92524690394086,375.45454545454544,407.54545454545456
NewYork_Test,SV_NewYork_40.7373_-73.9934.tif,skyscraper,Augmented_D,0.42398143057846194,0.595487302676733,0.0,176297.93340911792,243.00131772871546,375.45454545454544,407.54545454545456
NewYork_Test,SV_NewYork_40.7346_-74.0108.tif,skyscraper,Baseline_A,0.3294134771550271,0.49557715912430633,0.012669713558669414,26024.3801336118,188.76753970918423,442.6923076923077,448.5769230769231
NewYork_Test,SV_NewYork_40.7346_-74.0108.tif,skyscraper,Augmented_D,0.33311971833704584,0.49975964462154165,0.017371803207894845,25845.618975269525,189.05138376192104,442.6923076923077,448.5769230769231
NewYork_Test,SV_NewYork_40.7373_-73.9971.tif,skyscraper,Baseline_A,0.5514101854150356,0.7108502839531398,0.007425149700598802,92954.58199699635,241.39961268252043,413.0869565217391,424.60869565217394
NewYork_Test,SV_NewYork_40.7373_-73.9971.tif,skyscraper,Augmented_D,0.5510292053222656,0.7105336294525484,0.0,93083.97258392777,241.40333887850932,413.0869565217391,424.60869565217394
NewYork_Test,SV_NewYork_40.7359_-73.9934.tif,skyscraper,Baseline_A,0.46425490001450725,0.6341175979809357,0.0050668281097191814,82163.10538548254,232.43984030110533,407.6875,405.6875
NewYork_Test,SV_NewYork_40.7359_-73.9934.tif,skyscraper,Augmented_D,0.464935302734375,0.6347519946669999,0.0,82314.00994470748,232.27553697413205,407.6875,405.6875
NewYork_Test,SV_NewYork_40.7388_-74.0052.tif,skyscraper,Baseline_A,0.525128067895099,0.6886347172403076,0.003031984463556736,19783.685650858868,206.91821285143251,394.88,440.8
NewYork_Test,SV_NewYork_40.7388_-74.0052.tif,skyscraper,Augmented_D,0.5242955919164785,0.6879185306273672,0.0,19823.218259285928,206.87996774795891,394.88,440.8
NewYork_Test,SV_NewYork_40.7333_-73.9835.tif,skyscraper,Baseline_A,0.373628729950261,0.5440024976236337,0.006394528507781168,149630.51450800235,221.78212621646097,418.6666666666667,424.6111111111111
NewYork_Test,SV_NewYork_40.7333_-73.9835.tif,skyscraper,Augmented_D,0.38575546955216805,0.5567439249246938,0.0,145099.4830799275,221.09297929456605,418.6666666666667,424.6111111111111
NewYork_Test,SV_NewYork_40.7346_-74.0071.tif,skyscraper,Baseline_A,0.5007698332346368,0.667350611859406,0.002926740038413463,143800.02248500256,215.9806650592659,429.6060606060606,448.8181818181818
NewYork_Test,SV_NewYork_40.7346_-74.0071.tif,skyscraper,Augmented_D,0.5033078041166341,0.6696004673672072,0.007159640635798204,266865.8544348672,217.13022345440774,431.94117647058823,450.61764705882354
NewYork_Test,SV_NewYork_40.7359_-73.9953.tif,skyscraper,Baseline_A,0.5045737759995114,0.6707198863203837,0.0030448351982948923,225551.92052990737,216.0358156314286,406.04545454545456,414.6818181818182
NewYork_Test,SV_NewYork_40.7359_-73.9953.tif,skyscraper,Augmented_D,0.506787295653373,0.6726726421377477,0.0004988775255674731,224945.0790903282,216.20928876622884,406.04545454545456,414.6818181818182
NewYork_Test,SV_NewYork_40.7359_-73.9990.tif,skyscraper,Baseline_A,0.5107380242952098,0.6761437338329781,0.007769128341698248,25807.020903547214,222.87668035499382,391.3636363636364,417.54545454545456
NewYork_Test,SV_NewYork_40.7359_-73.9990.tif,skyscraper,Augmented_D,0.5112119258108948,0.6765588824169526,0.0017509088919421714,25865.275440103353,222.8798609798829,391.3636363636364,417.54545454545456
NewYork_Test,SV_NewYork_40.7373_-73.9953.tif,skyscraper,Baseline_A,0.5277196413021892,0.6908592742217734,0.007876653418195975,15218.054701831705,233.92930100201394,395.70588235294116,398.52941176470586
NewYork_Test,SV_NewYork_40.7373_-73.9953.tif,skyscraper,Augmented_D,0.532327353914851,0.6947958640232322,0.0,15104.277217381059,234.01362686759776,395.70588235294116,398.52941176470586
NewYork_Test,SV_NewYork_40.7357_-73.9783.tif,skyscraper,Baseline_A,0.19527634714428474,0.32674677719647444,0.002092487968194183,30551.50911485509,219.23681170330758,440.6666666666667,430.72222222222223
NewYork_Test,SV_NewYork_40.7357_-73.9783.tif,skyscraper,Augmented_D,0.22893460942287588,0.3725741104002053,0.006480916184176099,26044.613378449918,218.55938596422664,440.6666666666667,430.72222222222223
NewYork_Test,SV_NewYork_40.7357_-73.9797.tif,skyscraper,Baseline_A,0.21502956762153444,0.3539495224671163,0.0032290615539858725,145692.39567791202,216.26181914697867,425.88235294117646,432.1764705882353
NewYork_Test,SV_NewYork_40.7357_-73.9797.tif,skyscraper,Augmented_D,0.23062794451948737,0.37481343658182353,0.0,135823.46154556135,217.08299926787873,425.88235294117646,432.1764705882353
NewYork_Test,SV_NewYork_40.7358_-73.9853.tif,skyscraper,Baseline_A,0.3891818251592601,0.560303652280569,0.0015332720024532353,13089.259777236404,227.5092503950101,389.3333333333333,410.06666666666666
NewYork_Test,SV_NewYork_40.7358_-73.9853.tif,skyscraper,Augmented_D,0.4002406501499132,0.5716740906030152,0.0,12731.862932117465,225.77304936441448,389.3333333333333,410.06666666666666
NewYork_Test,SV_NewYork_40.7386_-73.9815.tif,skyscraper,Baseline_A,0.4496863744582138,0.6203912547998852,0.0010206424944502566,191948.23363294773,242.679632282076,417.09090909090907,425.59090909090907
NewYork_Test,SV_NewYork_40.7386_-73.9815.tif,skyscraper,Augmented_D,0.4496192932128906,0.6203274132981061,0.0,191986.33669656244,242.68797991607653,417.09090909090907,425.59090909090907
NewYork_Test,SV_NewYork_40.7373_-74.0020.tif,skyscraper,Baseline_A,0.4228071380594737,0.5943281091998573,0.005026027643152037,221212.36921849387,236.22245137685013,417.22727272727275,430.04545454545456
NewYork_Test,SV_NewYork_40.7373_-74.0020.tif,skyscraper,Augmented_D,0.4243195846288156,0.5958207542858371,0.0,220502.82894375172,236.00576589056666,417.22727272727275,430.04545454545456
NewYork_Test,SV_NewYork_40.7387_-74.0020.tif,skyscraper,Baseline_A,0.4455141914393083,0.6164092944611036,0.0009660669001328342,97485.81508177338,221.45900307697215,418.96,431.72
NewYork_Test,SV_NewYork_40.7387_-74.0020.tif,skyscraper,Augmented_D,0.44632234880342536,0.6171823994459849,0.0,97420.20014475421,221.47442441716603,418.96,431.72
NewYork_Test,SV_NewYork_40.7358_-73.9916.tif,skyscraper,Baseline_A,0.30636789032144796,0.4690376923548884,0.005997462611971858,33102.07194187306,242.0036339570069,439.1111111111111,432.27777777777777
NewYork_Test,SV_NewYork_40.7358_-73.9916.tif,skyscraper,Augmented_D,0.3063011169433594,0.46895943511107085,0.0,33123.36377046131,241.97146043932136,439.1111111111111,432.27777777777777
NewYork_Test,SV_NewYork_40.7386_-73.9834.tif,skyscraper,Baseline_A,0.459885047820412,0.6300291225079865,0.0011424654404204272,298066.5801101518,217.5968422661047,430.7142857142857,437.82142857142856
NewYork_Test,SV_NewYork_40.7386_-73.9834.tif,skyscraper,Augmented_D,0.45973968505859375,0.6298926990398838,0.0,298225.90333123016,217.59955075341028,430.7142857142857,437.82142857142856
NewYork_Test,SV_NewYork_40.7344_-73.9871.tif,skyscraper,Baseline_A,0.39864268436679623,0.5700422113847793,0.008287512949238983,82233.29707436347,227.836781656024,386.3333333333333,416.0
NewYork_Test,SV_NewYork_40.7344_-73.9871.tif,skyscraper,Augmented_D,0.40360910047018067,0.5751018575399373,0.0,81284.18831100009,227.32662716471248,386.3333333333333,416.0
NewYork_Test,SV_NewYork_40.7345_-74.0020.tif,skyscraper,Baseline_A,0.4756790322209701,0.6446917274484134,0.01072769723817725,214980.14769598044,231.7898851527759,426.64285714285717,428.7857142857143
NewYork_Test,SV_NewYork_40.7345_-74.0020.tif,skyscraper,Augmented_D,0.47474438721706835,0.6438327771674923,0.0,215798.45732623065,231.55473601056445,426.64285714285717,428.7857142857143
NewYork_Test,SV_NewYork_40.7388_-74.0071.tif,skyscraper,Baseline_A,0.46423311310974325,0.6340972744753783,0.004044704630122405,71684.41871690778,217.77194873205116,424.59090909090907,430.6818181818182
NewYork_Test,SV_NewYork_40.7388_-74.0071.tif,skyscraper,Augmented_D,0.4632181277180133,0.6331497935177074,0.0,71908.56990728063,217.75904066467785,424.59090909090907,430.6818181818182
NewYork_Test,SV_NewYork_40.7402_-74.0107.tif,skyscraper,Baseline_A,0.29441354459142066,0.4548987390028459,0.011443661971830986,16295.057242243269,215.53751089686017,412.46153846153845,439.46153846153845
NewYork_Test,SV_NewYork_40.7402_-74.0107.tif,skyscraper,Augmented_D,0.2944145202636719,0.454899903631643,0.0,16354.058458946334,215.45286613972985,412.46153846153845,439.46153846153845
NewYork_Test,SV_NewYork_40.7401_-73.9971.tif,skyscraper,Baseline_A,0.5154995092554049,0.6803031028478261,0.009506811282473724,39792.09973611847,228.67502995960226,392.5,412.44444444444446
NewYork_Test,SV_NewYork_40.7401_-73.9971.tif,skyscraper,Augmented_D,0.5159388546309298,0.6806855739000637,0.0,143855.43932135706,230.3092349375736,398.5263157894737,417.5263157894737
NewYork_Test,SV_NewYork_40.7387_-73.9989.tif,skyscraper,Baseline_A,0.4459205212922173,0.6167981085069583,0.0026072529035316423,40996.131077269965,220.3124825845942,427.0,431.2692307692308
NewYork_Test,SV_NewYork_40.7387_-73.9989.tif,skyscraper,Augmented_D,0.44897833342325744,0.6197171111075648,0.00848356309650053,159210.72728454368,224.98162878419473,430.037037037037,434.14814814814815
NewYork_Test,SV_NewYork_40.7346_-74.0090.tif,skyscraper,Baseline_A,0.45775251655375665,0.6280250061044932,0.009491839333256164,16035.521578345824,217.09680975830418,440.741935483871,434.1290322580645
NewYork_Test,SV_NewYork_40.7346_-74.0090.tif,skyscraper,Augmented_D,0.4563391786971226,0.626693541411658,0.015029522275899087,117789.32074795655,221.5786543840262,442.84375,436.5
NewYork_Test,SV_NewYork_40.7401_-74.0019.tif,skyscraper,Baseline_A,0.49006533949791753,0.6577769799853833,0.009026289066907368,346000.2850009345,245.9006324429965,411.32,426.56
NewYork_Test,SV_NewYork_40.7401_-74.0019.tif,skyscraper,Augmented_D,0.49731971549836235,0.6642799267928378,0.005515602791743567,341153.06065592717,245.99425167728523,411.32,426.56
NewYork_Test,SV_NewYork_40.7386_-73.9871.tif,skyscraper,Baseline_A,0.3524853019775521,0.5212408614898242,0.009365611582545095,49972.992306381,229.29018207284852,444.0,445.47058823529414
NewYork_Test,SV_NewYork_40.7386_-73.9871.tif,skyscraper,Augmented_D,0.360594244716525,0.5300540497165686,0.0,48941.66371530102,229.07540745957738,444.0,445.47058823529414
NewYork_Test,SV_NewYork_40.7386_-73.9901.tif,skyscraper,Baseline_A,0.47249232929826435,0.6417586290903625,0.0,46996.0184426163,223.0463563204861,417.625,427.875
NewYork_Test,SV_NewYork_40.7386_-73.9901.tif,skyscraper,Augmented_D,0.47229766845703125,0.641579048280365,0.0,47015.42940138457,223.07608590092158,417.625,427.875
NewYork_Test,SV_NewYork_40.7333_-73.9816.tif,skyscraper,Baseline_A,0.2607607761267346,0.4136562321169838,0.005291880271208863,112603.76481048681,245.25390188718598,423.11764705882354,433.29411764705884
NewYork_Test,SV_NewYork_40.7333_-73.9816.tif,skyscraper,Augmented_D,0.27460679242843056,0.430888638064197,0.0,106916.58393678488,245.09777092095433,423.11764705882354,433.29411764705884
NewYork_Test,SV_NewYork_40.7332_-73.9784.tif,skyscraper,Baseline_A,0.20868541965851337,0.34530973281281524,0.0015464913976416007,7879.315301044011,215.18477905972236,392.5,411.0
NewYork_Test,SV_NewYork_40.7332_-73.9784.tif,skyscraper,Augmented_D,0.2511505496553009,0.4014713492704684,0.0,6529.043764361396,209.5693251334119,392.5,411.0
NewYork_Test,SV_NewYork_40.7334_-73.9916.tif,skyscraper,Baseline_A,0.48762640278056596,0.655576429497526,0.017480314960629923,38455.90049393295,225.74197985199945,419.2105263157895,417.4736842105263
NewYork_Test,SV_NewYork_40.7334_-73.9916.tif,skyscraper,Augmented_D,0.48138054196754404,0.6499080126004393,0.0002324770428920144,165825.68267521245,226.80000171237026,423.65,422.05
NewYork_Test,SV_NewYork_40.7372_-73.9853.tif,skyscraper,Baseline_A,0.4390521254674502,0.6101962780880255,0.00025670645616737264,26470.56155430059,223.66810462365027,397.7142857142857,423.0
NewYork_Test,SV_NewYork_40.7372_-73.9853.tif,skyscraper,Augmented_D,0.43909454345703125,0.6102372432074221,0.0,26483.947636331824,223.68317767033426,397.7142857142857,423.0
NewYork_Test,SV_NewYork_40.7343_-73.9816.tif,skyscraper,Baseline_A,0.25765444865755105,0.40973806268101265,0.009138436432866942,87139.48414089788,235.3130375543547,435.57142857142856,437.57142857142856
NewYork_Test,SV_NewYork_40.7343_-73.9816.tif,skyscraper,Augmented_D,0.2630153369916983,0.41648795432391034,0.0,85392.47561021389,234.87255962004093,435.57142857142856,437.57142857142856
NewYork_Test,SV_NewYork_40.7387_-73.9952.tif,skyscraper,Baseline_A,0.5320432951392339,0.6945538638852646,0.0017937219730941704,79784.33971282364,231.6562360671033,408.1904761904762,414.7142857142857
NewYork_Test,SV_NewYork_40.7387_-73.9952.tif,skyscraper,Augmented_D,0.531486655673629,0.6940793818929528,0.0,79897.93149903059,231.64489027810626,408.1904761904762,414.7142857142857
NewYork_Test,SV_NewYork_40.7372_-73.9816.tif,skyscraper,Baseline_A,0.45502362757746717,0.6254518743933472,0.0013404825737265416,26959.327905966446,225.14850244726992,400.42105263157896,423.63157894736844
NewYork_Test,SV_NewYork_40.7372_-73.9816.tif,skyscraper,Augmented_D,0.45475006103515625,0.6251933898687309,0.0,26976.267098945216,225.13716529861,400.42105263157896,423.63157894736844
NewYork_Test,SV_NewYork_40.7399_-73.9783.tif,skyscraper,Baseline_A,0.3989431564800391,0.5703493449781659,0.0006403073475268129,158749.15319861347,234.78971956190782,425.7,422.9
NewYork_Test,SV_NewYork_40.7399_-73.9783.tif,skyscraper,Augmented_D,0.3989919046891706,0.5703991614988209,0.0,158729.74525662395,234.77956124894672,425.7,422.9
NewYork_Test,SV_NewYork_40.7345_-73.9934.tif,skyscraper,Baseline_A,0.59222412109375,0.7438954268409552,0.0,119289.44816679593,245.8284336802124,418.5,412.72727272727275
NewYork_Test,SV_NewYork_40.7345_-73.9934.tif,skyscraper,Augmented_D,0.5922693076559186,0.743931073478815,0.0,119280.33947476663,245.82759634649318,418.5,412.72727272727275
NewYork_Test,SV_NewYork_40.7371_-73.9797.tif,skyscraper,Baseline_A,0.2516592155597548,0.4021209805852949,0.004325032765399738,30612.085797249074,217.05982905990507,431.2631578947368,428.7368421052632
NewYork_Test,SV_NewYork_40.7371_-73.9797.tif,skyscraper,Augmented_D,0.28030847405430376,0.43787646451587037,0.0,27480.71295634034,215.90370952402665,431.2631578947368,428.7368421052632
NewYork_Test,SV_NewYork_40.7334_-73.9935.tif,skyscraper,Baseline_A,0.5140682505732509,0.6790555846853221,0.01159556877611212,24339.290780666193,213.49311138202054,399.5263157894737,409.42105263157896
NewYork_Test,SV_NewYork_40.7334_-73.9935.tif,skyscraper,Augmented_D,0.5470594061040226,0.7072248214199978,0.03616046025863386,28516.664553922194,217.14163786570163,403.75,414.05
NewYork_Test,SV_NewYork_40.7401_-73.9915.tif,skyscraper,Baseline_A,0.5138423619006921,0.6788584793670877,0.001897083234526915,83810.94448715815,222.30581831363978,432.38709677419354,436.93548387096774
NewYork_Test,SV_NewYork_40.7401_-73.9915.tif,skyscraper,Augmented_D,0.5138130187988281,0.6788328709268541,0.0,83832.71658466087,222.3202530903691,432.38709677419354,436.93548387096774
NewYork_Test,SV_NewYork_40.7401_-73.9934.tif,skyscraper,Baseline_A,0.5577156419081343,0.7160686159958652,0.002316714127129688,78310.81671197704,220.39813881409916,412.4,424.4
NewYork_Test,SV_NewYork_40.7401_-73.9934.tif,skyscraper,Augmented_D,0.5576438903808594,0.7160094727999863,0.0,78335.95030200909,220.40508244208792,412.4,424.4
NewYork_Test,SV_NewYork_40.7360_-74.0108.tif,skyscraper,Baseline_A,0.30991005553695344,0.4731776112825033,0.012286000541169071,16575.74177179688,211.6352926082007,427.0,443.75
NewYork_Test,SV_NewYork_40.7360_-74.0108.tif,skyscraper,Augmented_D,0.3256033730735679,0.491253084727173,0.0,15797.581580080245,208.05594267665361,427.0,443.75
NewYork_Test,SV_NewYork_40.7345_-73.9953.tif,skyscraper,Baseline_A,0.5249322254893338,0.688466302587171,0.01775179538316346,36144.87243109621,236.17739873538866,402.7391304347826,418.39130434782606
NewYork_Test,SV_NewYork_40.7345_-73.9953.tif,skyscraper,Augmented_D,0.5317064495426322,0.6942667763805523,0.018863342518087994,35779.60369894433,236.08812197798687,402.7391304347826,418.39130434782606
NewYork_Test,SV_NewYork_40.7360_-74.0090.tif,skyscraper,Baseline_A,0.4770435360788105,0.6459437713599756,0.005996359353249812,375963.52883362724,240.65777865841721,437.25925925925924,440.7037037037037
NewYork_Test,SV_NewYork_40.7360_-74.0090.tif,skyscraper,Augmented_D,0.4797771532129254,0.648445142123221,0.00927295055261773,374347.39945619367,240.58174437960471,437.25925925925924,440.7037037037037
NewYork_Test,SV_NewYork_40.7335_-74.0090.tif,skyscraper,Baseline_A,0.4873000687728843,0.6552814445506445,0.02432016864985456,47507.92932985574,229.95967840356042,443.2857142857143,433.57142857142856
NewYork_Test,SV_NewYork_40.7335_-74.0090.tif,skyscraper,Augmented_D,0.4964515275551336,0.6635049895217443,0.00025990903183885643,47250.076402260165,234.15039142000617,444.6551724137931,435.58620689655174
