tile_id,comp_idx,true_p95,true_max,pred_p95_phase18,pred_p95_oots
SV_NewYork_40.7374_-74.0071.tif,0,20.290618896484375,20.29884910583496,2.0,2.0
SV_NewYork_40.7374_-74.0071.tif,1,20.152854919433594,20.15387535095215,2.0,2.0
SV_NewYork_40.7374_-74.0071.tif,2,14.549839973449707,14.557836532592773,2.274782735192032,2.7588328442120353
SV_NewYork_40.7374_-74.0071.tif,3,19.02452850341797,19.03183364868164,3.7294888985498567,4.339388432394471
SV_NewYork_40.7374_-74.0071.tif,5,22.85598373413086,22.949220657348633,7.0171309372234605,7.568637109256036
SV_NewYork_40.7374_-74.0071.tif,6,20.61812973022461,20.63233757019043,5.7936437873243145,5.917577855908349
SV_NewYork_40.7374_-74.0071.tif,7,13.498910903930664,15.66974925994873,2.0,2.0
SV_NewYork_40.7374_-74.0071.tif,8,22.103729248046875,22.2667293548584,2.0,2.3160906705781326
SV_NewYork_40.7374_-74.0071.tif,9,20.098663330078125,20.119413375854492,4.258950978483892,4.524466257625732
SV_NewYork_40.7374_-74.0071.tif,10,24.462549209594727,24.51082420349121,5.627333734145703,5.541348182068927
SV_NewYork_40.7400_-73.9852.tif,0,63.473793029785156,63.76051330566406,7.354631822465624,8.27310839577552
SV_NewYork_40.7400_-73.9852.tif,1,22.321304321289062,34.90223693847656,6.400135175283611,7.389151960903605
SV_NewYork_40.7400_-73.9852.tif,2,71.77938079833984,73.35582733154297,9.127731898222313,9.943351253328796
SV_NewYork_40.7400_-73.9852.tif,3,49.21343231201172,49.26286315917969,4.807946687075861,6.036684092283992
SV_NewYork_40.7400_-73.9852.tif,4,76.68939208984375,76.70183563232422,3.880845606653889,4.861967989295009
SV_NewYork_40.7400_-73.9852.tif,5,50.77617263793945,58.965702056884766,10.66177034236933,10.750122376902311
SV_NewYork_40.7400_-73.9852.tif,6,97.03429412841797,97.09562683105469,7.891649103235487,8.561906154617894
SV_NewYork_40.7400_-73.9852.tif,7,39.638328552246094,61.17674255371094,5.844509344598221,7.0406145638096875
SV_NewYork_40.7400_-73.9852.tif,8,69.90760040283203,69.9237060546875,2.5369316548814442,3.925286025832343
SV_NewYork_40.7400_-73.9852.tif,9,50.70442199707031,50.70962905883789,5.140007872830903,6.117747499003844
SV_NewYork_40.7335_-74.0090.tif,0,20.893146514892578,20.90644073486328,2.0,2.0
SV_NewYork_40.7335_-74.0090.tif,1,25.74085235595703,25.76115608215332,2.0647841087908194,2.5146869875778
SV_NewYork_40.7335_-74.0090.tif,2,26.23186492919922,26.24708366394043,4.832708796659549,5.498582327072101
SV_NewYork_40.7335_-74.0090.tif,3,21.283308029174805,25.017507553100586,8.790778267310957,9.534794077981696
SV_NewYork_40.7335_-74.0090.tif,4,12.881367683410645,12.891892433166504,3.8042895926792415,4.6553619250801175
SV_NewYork_40.7335_-74.0090.tif,5,12.201868057250977,12.227794647216797,4.211149268976067,5.044950309599259
SV_NewYork_40.7335_-74.0090.tif,6,40.49101638793945,40.81849670410156,12.964291007395111,12.831886855993188
SV_NewYork_40.7335_-74.0090.tif,7,22.552858352661133,23.848005294799805,11.504722244771926,12.064646365148974
SV_NewYork_40.7359_-73.9971.tif,0,42.47279357910156,49.99089431762695,2.0,2.0
SV_NewYork_40.7359_-73.9971.tif,2,31.36778450012207,36.33566665649414,2.223306968949739,2.0
SV_NewYork_40.7359_-73.9971.tif,3,50.050846099853516,52.26254653930664,2.3816426335948364,2.0
SV_NewYork_40.7359_-73.9971.tif,4,81.92778778076172,81.9803466796875,10.231826659514937,9.220719181426514
SV_NewYork_40.7359_-73.9971.tif,5,57.57520294189453,57.62074661254883,7.856604987945447,7.412749670767428
SV_NewYork_40.7359_-73.9971.tif,6,49.96516418457031,49.97728729248047,4.667097217439254,4.304426729933913
SV_NewYork_40.7359_-73.9971.tif,7,33.8563346862793,37.16484069824219,9.89464048782241,9.513788772468178
SV_NewYork_40.7359_-73.9971.tif,8,72.71930694580078,72.74207305908203,4.460770842248552,4.347517872398638
SV_NewYork_40.7359_-73.9971.tif,9,19.493335723876953,19.496246337890625,2.9750580165969307,2.696172838926877
SV_NewYork_40.7359_-73.9971.tif,10,61.000362396240234,61.2707633972168,5.268787829958967,5.548954025800023
SV_NewYork_40.7359_-73.9971.tif,11,22.991748809814453,49.01055908203125,2.0,2.398610533776809
SV_NewYork_40.7359_-73.9971.tif,12,23.47271156311035,23.589616775512695,6.5214110404392365,6.659298517710687
SV_NewYork_40.7388_-74.0071.tif,0,11.48086929321289,21.482322692871094,3.4737310359763995,2.0
SV_NewYork_40.7388_-74.0071.tif,1,18.066621780395508,18.07468605041504,2.0,2.0
SV_NewYork_40.7388_-74.0071.tif,3,12.794661521911621,12.804788589477539,3.6422380133808367,2.222444703452462
SV_NewYork_40.7388_-74.0071.tif,4,11.434697151184082,11.43826675415039,2.0,2.0
SV_NewYork_40.7388_-74.0071.tif,5,14.375593185424805,14.390594482421875,3.41862699559414,2.0
SV_NewYork_40.7388_-74.0071.tif,6,16.215524673461914,16.236003875732422,5.24489966006815,3.5265332995840373
SV_NewYork_40.7388_-74.0071.tif,7,15.816268920898438,16.223806381225586,5.723626404616823,4.447395175192347
SV_NewYork_40.7388_-74.0071.tif,8,20.571218490600586,20.595483779907227,2.1419128583569194,2.0
SV_NewYork_40.7388_-74.0071.tif,9,17.00973129272461,17.022235870361328,3.629772354193075,2.2090109336051
SV_NewYork_40.7388_-74.0071.tif,10,18.642486572265625,18.645545959472656,2.0,2.0
SV_NewYork_40.7388_-74.0071.tif,11,23.70921516418457,23.727453231811523,2.0,2.0
SV_NewYork_40.7388_-74.0071.tif,12,29.081222534179688,29.544626235961914,7.8166169404649555,6.083794258974446
SV_NewYork_40.7388_-74.0071.tif,14,13.407405853271484,13.413498878479004,2.05629688437055,2.0
SV_NewYork_40.7388_-74.0071.tif,15,14.293451309204102,14.296648979187012,2.2229502619183457,2.0
SV_NewYork_40.7388_-74.0071.tif,16,21.438232421875,21.446455001831055,2.6655272969931474,2.0
SV_NewYork_40.7359_-74.0020.tif,0,28.028297424316406,28.061321258544922,11.174723781326604,10.922021374059149
SV_NewYork_40.7386_-73.9901.tif,0,43.402793884277344,45.827789306640625,11.238518402193607,11.672409337701511
SV_NewYork_40.7386_-73.9901.tif,1,95.50794219970703,95.61112976074219,11.027499208552042,11.817391373401573
SV_NewYork_40.7386_-73.9901.tif,2,38.134254455566406,38.15190124511719,2.242494878841409,4.006798489145502
SV_NewYork_40.7386_-73.9901.tif,3,65.88182830810547,65.96293640136719,10.034297323432924,10.787179302436542
SV_NewYork_40.7386_-73.9901.tif,4,17.929847717285156,17.93562126159668,2.0,2.7476209023587117
SV_NewYork_40.7386_-73.9901.tif,5,20.07658576965332,20.077266693115234,2.9037220698633686,4.0547458824258245
SV_NewYork_40.7386_-73.9901.tif,6,54.75178909301758,54.80018615722656,8.511152753737878,9.445242226519916
SV_NewYork_40.7388_-74.0108.tif,0,33.93579864501953,33.94779586791992,2.0,2.0
SV_NewYork_40.7388_-74.0108.tif,3,26.851247787475586,26.895050048828125,6.649272416361697,6.004113384409679
SV_NewYork_40.7388_-74.0108.tif,4,27.60671615600586,27.635957717895508,4.993355091727345,4.672696002663826
SV_NewYork_40.7388_-74.0108.tif,5,18.332698822021484,18.387815475463867,4.52205665277809,4.14109872927794
SV_NewYork_40.7388_-74.0108.tif,6,57.18069076538086,57.187740325927734,2.8839176668097632,3.1502996810262367
SV_NewYork_40.7388_-74.0108.tif,7,59.820064544677734,59.90854263305664,12.664460589249666,11.056479390044036
SV_NewYork_40.7334_-73.9972.tif,0,20.811233520507812,20.824705123901367,3.219681111721462,3.1568533752486347
SV_NewYork_40.7334_-73.9972.tif,1,23.155012130737305,23.18065643310547,4.554775439915578,4.365899936194615
SV_NewYork_40.7334_-73.9972.tif,2,52.71012496948242,52.79013442993164,8.80330622132451,9.013565514228066
SV_NewYork_40.7334_-73.9972.tif,3,48.371551513671875,50.1962776184082,6.646416199722314,6.570588415718013
SV_NewYork_40.7334_-73.9972.tif,4,19.49728775024414,19.522010803222656,2.6510369677639307,3.1681421606156457
SV_NewYork_40.7334_-73.9972.tif,5,34.844337463378906,34.84790802001953,2.8979406626123723,3.1238882700859563
SV_NewYork_40.7334_-73.9972.tif,6,57.797061920166016,67.7341079711914,3.5942932179701232,4.374433688431586
SV_NewYork_40.7334_-73.9972.tif,7,80.10126495361328,80.13731384277344,10.578440107533268,9.691525119079264
SV_NewYork_40.7334_-73.9972.tif,8,20.646896362304688,20.695688247680664,4.359727746185464,4.429613833707108
SV_NewYork_40.7334_-73.9972.tif,9,20.796171188354492,23.201013565063477,7.07419026669637,6.737795206479461
SV_NewYork_40.7334_-73.9972.tif,10,31.799144744873047,31.82271957397461,5.826702085933465,5.973954480504941
SV_NewYork_40.7334_-73.9972.tif,11,20.595178604125977,22.148656845092773,7.1920785759367,6.7726526654032
SV_NewYork_40.7334_-73.9972.tif,12,10.450106620788574,10.469696044921875,3.2748081406903324,3.981741765980325
SV_NewYork_40.7334_-73.9972.tif,13,9.354798316955566,9.385069847106934,4.7400776657612305,4.796708001180954
SV_NewYork_40.7334_-73.9972.tif,15,0.0,0.0,3.345444909714182,3.2964745565415976
SV_NewYork_40.7401_-73.9934.tif,0,52.35653305053711,52.35750198364258,2.0161855050861384,3.0919349503226545
SV_NewYork_40.7401_-73.9934.tif,1,43.75325012207031,43.767520904541016,3.4676159838429124,4.19170137889797
SV_NewYork_40.7401_-73.9934.tif,2,63.02265548706055,63.05200958251953,5.057390585085745,6.407478476888743
SV_NewYork_40.7401_-73.9934.tif,3,53.70410919189453,54.2696533203125,5.646273966223898,6.138035795530158
SV_NewYork_40.7401_-73.9934.tif,4,45.391510009765625,45.4140510559082,7.655650342473098,8.448115505868795
SV_NewYork_40.7401_-73.9934.tif,5,86.50186920166016,87.96581268310547,11.305738227464492,10.907630480470573
SV_NewYork_40.7401_-73.9934.tif,6,48.85090255737305,48.85789108276367,3.153373949853423,4.223116157630877
SV_NewYork_40.7401_-73.9934.tif,7,54.236812591552734,54.277584075927734,2.9320740489539645,4.137406920726941
SV_NewYork_40.7401_-73.9934.tif,8,40.599708557128906,48.65139389038086,6.155301592998606,7.117821079986606
SV_NewYork_40.7401_-73.9934.tif,11,35.389495849609375,35.40036392211914,4.768922675032986,5.485321172618777
SV_NewYork_40.7401_-73.9934.tif,12,24.671863555908203,24.673994064331055,3.6076155130853653,4.172453438802363
SV_NewYork_40.7402_-74.0071.tif,0,43.01411056518555,43.97367858886719,26.63067945589351,24.34262231447859
SV_NewYork_40.7402_-74.0071.tif,1,26.42947006225586,26.4405517578125,3.232692816830319,3.433570830783757
SV_NewYork_40.7402_-74.0071.tif,2,24.69733428955078,24.71354103088379,3.685819280469853,3.7042754845079626
SV_NewYork_40.7402_-74.0071.tif,3,17.029478073120117,17.03008270263672,2.0,2.0
SV_NewYork_40.7402_-74.0071.tif,4,24.6867733001709,24.716615676879883,2.0,2.778452301523716
SV_NewYork_40.7402_-74.0071.tif,5,19.086463928222656,19.08906364440918,3.3293995684803797,3.0666857358188153
SV_NewYork_40.7402_-74.0071.tif,7,12.322794914245605,14.030430793762207,2.081470188008364,2.5919304581189913
SV_NewYork_40.7402_-74.0071.tif,8,17.737430572509766,20.378028869628906,6.447316428302181,6.4572968133182576
SV_NewYork_40.7400_-73.9901.tif,0,38.541961669921875,38.578590393066406,4.2564640655009915,5.703851355736425
SV_NewYork_40.7400_-73.9901.tif,1,64.00076293945312,64.04744720458984,4.929515194926237,6.712856742652487
SV_NewYork_40.7400_-73.9901.tif,2,20.56922721862793,32.91319274902344,2.241954562609214,3.7138774053146983
SV_NewYork_40.7400_-73.9901.tif,3,42.07511520385742,42.1092529296875,2.1997314659928637,4.232735049521053
SV_NewYork_40.7400_-73.9901.tif,4,81.19624328613281,93.88541412353516,4.130881326533447,5.803233921570842
SV_NewYork_40.7400_-73.9901.tif,5,50.07282257080078,50.085262298583984,2.7672004102913483,4.625464293628393
SV_NewYork_40.7400_-73.9901.tif,6,46.56621551513672,47.6161003112793,8.324102013152954,8.564329604540383
SV_NewYork_40.7400_-73.9901.tif,7,60.915679931640625,60.92203140258789,2.1831019445828037,3.6803177775377867
SV_NewYork_40.7400_-73.9901.tif,8,95.52305603027344,95.58829498291016,4.700780368428896,5.962300358398546
SV_NewYork_40.7388_-74.0052.tif,0,18.080902099609375,21.50265121459961,11.019247857671987,11.676058744431533
SV_NewYork_40.7388_-74.0052.tif,1,20.502986907958984,23.93186378479004,2.0,2.0
SV_NewYork_40.7388_-74.0052.tif,2,11.77029800415039,11.773320198059082,2.498919670635159,4.207946703812177
SV_NewYork_40.7388_-74.0052.tif,3,13.077634811401367,13.121700286865234,6.182147614738797,7.354628248575936
SV_NewYork_40.7388_-74.0052.tif,4,21.716419219970703,24.506486892700195,12.281646513933069,13.269104238703877
SV_NewYork_40.7360_-74.0071.tif,0,23.415145874023438,23.453580856323242,7.243594876744192,8.901488120832589
SV_NewYork_40.7360_-74.0071.tif,1,21.03554344177246,21.05904769897461,3.8976702707189146,5.55109047006109
SV_NewYork_40.7360_-74.0071.tif,2,29.84608268737793,35.810333251953125,5.75501311140516,7.579430962978882
SV_NewYork_40.7360_-74.0071.tif,3,15.302626609802246,15.30618667602539,2.0,3.7717557875530074
SV_NewYork_40.7360_-74.0071.tif,4,21.93130111694336,21.957679748535156,5.439778106604775,7.008931127338296
SV_NewYork_40.7360_-74.0071.tif,5,12.874813079833984,12.874898910522461,4.596698688730069,5.783115685357763
SV_NewYork_40.7359_-73.9934.tif,0,80.97945404052734,80.9991226196289,3.6817285952003793,5.260465054848663
SV_NewYork_40.7359_-73.9934.tif,1,43.322853088378906,43.40818405151367,4.421256436610007,5.990344437028701
SV_NewYork_40.7359_-73.9934.tif,2,35.109519958496094,41.987361907958984,7.687807940007078,8.837124186188692
SV_NewYork_40.7359_-73.9934.tif,3,40.31735610961914,42.46644592285156,4.140176536307385,6.077761957274926
SV_NewYork_40.7359_-73.9934.tif,4,51.54081344604492,51.58475875854492,10.251431048117702,10.986478919099623
SV_NewYork_40.7359_-73.9934.tif,5,50.79873275756836,50.940120697021484,9.810961443690747,10.425604802602756
SV_NewYork_40.7359_-73.9934.tif,6,33.52233123779297,33.54620361328125,3.8164323237450386,5.237924387813325
SV_NewYork_40.7374_-74.0108.tif,0,29.108720779418945,29.707014083862305,2.4208675762006227,3.4404246552725004
SV_NewYork_40.7374_-74.0089.tif,0,18.345008850097656,18.435152053833008,6.504505878314064,4.89792138426128
SV_NewYork_40.7374_-74.0089.tif,2,49.80441665649414,49.88697052001953,8.968896327685588,7.753251481794355
SV_NewYork_40.7374_-74.0089.tif,3,19.31294059753418,19.346961975097656,2.0,2.0
SV_NewYork_40.7374_-74.0089.tif,4,17.56117057800293,18.470430374145508,8.032788414807293,6.933507550064299
SV_NewYork_40.7374_-74.0089.tif,5,17.599987030029297,17.60651206970215,2.0,2.0
SV_NewYork_40.7374_-74.0089.tif,6,35.88554000854492,35.88898468017578,3.0522758869165294,2.0
SV_NewYork_40.7374_-74.0089.tif,7,13.058879852294922,13.060409545898438,2.0,2.0
SV_NewYork_40.7374_-74.0089.tif,8,17.966753005981445,18.784650802612305,5.600222074757265,4.896990497255608
SV_NewYork_40.7374_-74.0089.tif,9,18.54139518737793,18.57632064819336,4.723503043934709,3.867862846440235
SV_NewYork_40.7374_-74.0089.tif,11,20.793272018432617,20.895437240600586,2.0,2.0
SV_NewYork_40.7374_-74.0089.tif,12,19.241411209106445,19.837717056274414,3.298697508615634,2.5529274860810993
SV_NewYork_40.7335_-74.0035.tif,0,20.34328269958496,20.366050720214844,6.718373471998138,6.491311375667965
SV_NewYork_40.7335_-74.0035.tif,1,17.078786849975586,18.026826858520508,6.672333292188058,7.250518140012743
SV_NewYork_40.7335_-74.0035.tif,3,20.160951614379883,20.18970489501953,6.169529545628315,6.845760899028055
SV_NewYork_40.7335_-74.0035.tif,4,8.191068649291992,8.191926956176758,3.9719794612718786,3.5711098325344883
SV_NewYork_40.7335_-74.0035.tif,5,49.860496520996094,57.3455810546875,11.039428003496248,10.672743511222967
SV_NewYork_40.7335_-74.0035.tif,6,22.01671028137207,22.021669387817383,2.0218590131229437,2.4244041956957627
SV_NewYork_40.7335_-74.0035.tif,7,22.389963150024414,22.407424926757812,8.622414362614624,8.182813425585106
SV_NewYork_40.7335_-74.0035.tif,8,25.33672332763672,25.343690872192383,6.982455420597168,7.040868465842422
SV_NewYork_40.7360_-74.0108.tif,0,23.20299530029297,23.99422836303711,2.0,2.0972889075229304
SV_NewYork_40.7360_-74.0108.tif,1,58.48060607910156,58.55178451538086,3.155490349583375,3.614445082706715
SV_NewYork_40.7360_-74.0108.tif,2,0.0,0.0,3.0828682984558533,3.3026144554382535
SV_NewYork_40.7360_-74.0108.tif,3,16.12262535095215,16.12867546081543,2.3416105203770083,2.6608528458503606
SV_NewYork_40.7360_-74.0108.tif,4,64.89929962158203,68.06610870361328,7.969295898376288,8.07446275160872
SV_NewYork_40.7360_-74.0108.tif,5,17.37257957458496,17.38273048400879,4.5150956204286805,4.820342441093051
SV_NewYork_40.7373_-73.9934.tif,0,85.42652893066406,85.45503997802734,7.555432096209314,7.736132952857871
SV_NewYork_40.7373_-73.9934.tif,1,30.0004940032959,30.011144638061523,2.8293200860791234,3.9170038890716254
SV_NewYork_40.7373_-73.9934.tif,2,50.377532958984375,50.451053619384766,3.753548126790795,4.853600725488916
SV_NewYork_40.7373_-73.9934.tif,3,54.17704391479492,63.09746170043945,5.390272905352277,6.087586414753766
SV_NewYork_40.7373_-73.9934.tif,4,42.54060745239258,42.56031036376953,4.065795488211313,5.310619261368389
SV_NewYork_40.7373_-73.9934.tif,5,42.23561096191406,54.65066909790039,6.942872167622108,7.643265402227453
SV_NewYork_40.7373_-73.9934.tif,6,68.58563995361328,68.61161804199219,5.726053254743748,6.647110377464519
SV_NewYork_40.7373_-73.9934.tif,7,66.7592544555664,67.87528228759766,5.416042553066292,6.100834051965448
SV_NewYork_40.7373_-73.9934.tif,8,56.32450485229492,60.962215423583984,10.253777269897526,10.329352457883312
SV_NewYork_40.7401_-74.0019.tif,0,19.331449508666992,19.331918716430664,2.0,2.0
SV_NewYork_40.7401_-74.0019.tif,1,16.891027450561523,16.892358779907227,2.0,2.0
SV_NewYork_40.7401_-74.0019.tif,2,18.968597412109375,19.023727416992188,5.778586550140204,4.163172839213559
SV_NewYork_40.7401_-74.0019.tif,3,19.432268142700195,19.43882942199707,2.0,2.0
SV_NewYork_40.7401_-74.0019.tif,5,20.80034065246582,20.852346420288086,4.277657084874883,2.762339068050741
SV_NewYork_40.7401_-74.0019.tif,7,21.1845645904541,21.20515251159668,2.5509703930862777,2.0
SV_NewYork_40.7401_-74.0019.tif,8,19.253522872924805,19.25860595703125,3.678847608691923,2.0
SV_NewYork_40.7401_-74.0019.tif,9,19.567258834838867,19.587888717651367,3.1843600784762316,2.0
SV_NewYork_40.7401_-74.0019.tif,10,19.20262908935547,19.217056274414062,2.0,2.0
SV_NewYork_40.7401_-74.0019.tif,11,21.6071834564209,22.035140991210938,4.248666595069687,2.632908153412531
SV_NewYork_40.7401_-74.0019.tif,12,55.87740707397461,55.882083892822266,4.106319813119615,2.0640104825462178
SV_NewYork_40.7401_-74.0019.tif,13,35.11204528808594,41.1487922668457,10.166013748859168,8.144458551102984
SV_NewYork_40.7401_-74.0019.tif,14,20.9400691986084,20.96572494506836,3.6601462206659505,2.7636662323417447
SV_NewYork_40.7401_-74.0019.tif,15,58.55558776855469,58.55940628051758,3.812096699055708,2.650801936040196
SV_NewYork_40.7401_-74.0019.tif,16,25.176864624023438,25.189435958862305,3.219344458296593,2.0465724707114
SV_NewYork_40.7401_-74.0019.tif,17,16.97058868408203,16.980178833007812,2.6999736849129814,2.0
SV_NewYork_40.7401_-74.0019.tif,18,69.11054229736328,69.1866683959961,7.060788954612899,5.613549729773671
SV_NewYork_40.7401_-74.0019.tif,19,21.122135162353516,21.14321517944336,4.9436732345099195,3.743332084858853
SV_NewYork_40.7401_-74.0019.tif,20,53.29248809814453,61.38017272949219,10.071221932704725,8.255008901906605
SV_NewYork_40.7401_-74.0019.tif,21,27.30527687072754,27.44295310974121,18.43317621421388,15.685313324176054
SV_NewYork_40.7401_-74.0019.tif,22,65.43405151367188,65.4464111328125,5.95615699658057,4.899120451189427
SV_NewYork_40.7401_-74.0019.tif,23,47.456844329833984,47.45721435546875,2.0,2.0
SV_NewYork_40.7401_-73.9989.tif,0,33.882164001464844,33.9102783203125,4.504577157348682,4.1130652602689155
SV_NewYork_40.7401_-73.9989.tif,1,58.86884307861328,58.91532897949219,4.154960125793328,4.0228890452322625
SV_NewYork_40.7401_-73.9989.tif,2,19.010385513305664,38.05209732055664,2.821957641025806,3.1377824644309253
SV_NewYork_40.7401_-73.9989.tif,3,25.510549545288086,25.512048721313477,2.0,2.0
SV_NewYork_40.7401_-73.9989.tif,5,19.10856056213379,19.114688873291016,5.436757275813919,5.627104710752575
SV_NewYork_40.7401_-73.9989.tif,6,18.62853240966797,18.63179588317871,2.0,2.0
SV_NewYork_40.7401_-73.9989.tif,7,45.60378646850586,45.610748291015625,3.332385816717421,3.769578050445557
SV_NewYork_40.7401_-73.9989.tif,8,24.956008911132812,25.015024185180664,2.6646706592209437,3.126178899299866
SV_NewYork_40.7401_-73.9989.tif,9,19.813312530517578,19.828006744384766,3.476604920037629,3.595561577902976
SV_NewYork_40.7401_-73.9989.tif,10,45.173583984375,45.19896697998047,7.378072862007022,7.158424883771304
SV_NewYork_40.7401_-73.9989.tif,11,50.2995491027832,50.3052978515625,3.701154401574975,4.051366777932098
SV_NewYork_40.7374_-74.0052.tif,0,20.61861801147461,20.631916046142578,6.365804283077866,7.377764551538596
SV_NewYork_40.7374_-74.0052.tif,1,21.58460235595703,21.682157516479492,6.091255413920244,6.991569544827816
SV_NewYork_40.7374_-74.0052.tif,2,21.948823928833008,21.96177101135254,5.3849365889238126,6.210152667971635
SV_NewYork_40.7374_-74.0052.tif,3,14.415877342224121,14.418575286865234,2.2034507442171627,3.475976984786489
SV_NewYork_40.7343_-73.9798.tif,0,37.52707290649414,39.510826110839844,5.775151446189264,8.021853557643794
SV_NewYork_40.7343_-73.9798.tif,1,60.6005859375,60.61927032470703,5.262251312832765,7.648188293319686
SV_NewYork_40.7343_-73.9798.tif,2,39.65785217285156,41.6506233215332,18.410238829036548,19.441415216935624
SV_NewYork_40.7343_-73.9798.tif,3,39.284629821777344,41.800785064697266,20.59932413981909,21.72518800411734
SV_NewYork_40.7343_-73.9798.tif,4,41.16682815551758,42.59110641479492,14.521446295953377,16.44296171075944
SV_NewYork_40.7343_-73.9798.tif,5,41.336158752441406,45.048954010009766,17.426977620817333,19.38043069155958
SV_NewYork_40.7343_-73.9798.tif,6,41.82344055175781,44.314884185791016,19.03642424296207,20.72173564333766
SV_NewYork_40.7343_-73.9798.tif,7,43.92524719238281,56.225189208984375,21.450329150927438,23.153874759210787
SV_NewYork_40.7343_-73.9798.tif,8,42.53055953979492,44.924652099609375,21.237289353330752,22.758397749053238
SV_NewYork_40.7343_-73.9798.tif,9,42.71464920043945,56.24441909790039,19.499211190044,21.34753081490144
SV_NewYork_40.7343_-73.9798.tif,10,39.174705505371094,39.17770767211914,5.814540689399077,8.554518630672618
SV_NewYork_40.7345_-73.9971.tif,1,21.083398818969727,21.361927032470703,2.7122233891067307,2.17085622826173
SV_NewYork_40.7345_-73.9971.tif,2,32.783447265625,37.163780212402344,3.935675582793273,4.547002952062985
SV_NewYork_40.7345_-73.9971.tif,3,23.456064224243164,24.479572296142578,6.132008215353977,6.436014722746443
SV_NewYork_40.7345_-73.9971.tif,4,23.16019630432129,23.241477966308594,8.511447104189575,8.728443157316203
SV_NewYork_40.7345_-73.9971.tif,5,48.76787185668945,50.07188415527344,4.498694457435389,5.187742697871378
SV_NewYork_40.7345_-73.9971.tif,6,43.44119644165039,50.1960563659668,11.060417979792435,11.383210500290717
SV_NewYork_40.7345_-73.9971.tif,8,19.970165252685547,20.502714157104492,7.454793668474269,8.044144581661612
SV_NewYork_40.7345_-73.9971.tif,9,19.533273696899414,19.569597244262695,2.834498932041072,3.9039857798057467
SV_NewYork_40.7345_-73.9971.tif,10,67.81288146972656,67.84122467041016,7.271496277362217,8.124472064337674
SV_NewYork_40.7345_-73.9971.tif,11,36.35722351074219,57.845909118652344,4.648742852378149,5.495887652642636
SV_NewYork_40.7345_-73.9971.tif,12,36.697906494140625,36.7313117980957,3.7337762853837813,4.60070082870981
SV_NewYork_40.7345_-73.9971.tif,13,70.98954010009766,79.04228973388672,3.9469629571890144,4.84355384513271
SV_NewYork_40.7359_-73.9953.tif,0,65.354248046875,67.86981201171875,3.9139264837627525,4.209152687780969
SV_NewYork_40.7359_-73.9953.tif,1,68.06729125976562,72.13197326660156,4.549653969956136,4.971064554151847
SV_NewYork_40.7359_-73.9953.tif,2,54.51634216308594,54.586875915527344,2.0,2.0
SV_NewYork_40.7359_-73.9953.tif,3,57.304603576660156,60.82693099975586,2.0,2.0
SV_NewYork_40.7359_-73.9953.tif,4,87.242431640625,87.2626724243164,2.427678688446086,3.306411967854527
SV_NewYork_40.7359_-73.9953.tif,5,43.339298248291016,43.415340423583984,6.96053301682634,7.437633226008802
SV_NewYork_40.7359_-73.9953.tif,6,32.790435791015625,37.167137145996094,5.487440501350364,6.496943344487704
SV_NewYork_40.7359_-73.9953.tif,8,50.81880187988281,50.94369888305664,8.025630746028217,8.046634801409667
SV_NewYork_40.7359_-73.9953.tif,9,31.27311897277832,33.55757141113281,7.133187415781783,7.277302500599983
SV_NewYork_40.7359_-73.9953.tif,10,61.002586364746094,61.157562255859375,4.394485275677952,5.308416509831994
SV_NewYork_40.7359_-73.9953.tif,11,23.473630905151367,23.587352752685547,4.355059326545706,5.1066999391079975
SV_NewYork_40.7335_-74.0053.tif,0,57.84888458251953,57.851806640625,2.6736897660333465,2.9117058304536183
SV_NewYork_40.7335_-74.0053.tif,1,21.315540313720703,33.055198669433594,6.448589490781033,6.64042200371541
SV_NewYork_40.7335_-74.0053.tif,2,19.870805740356445,19.937673568725586,6.505560740754002,6.684701033229987
SV_NewYork_40.7335_-74.0053.tif,3,26.45648193359375,26.470338821411133,3.641499076039688,4.193980650087664
SV_NewYork_40.7335_-74.0053.tif,4,22.302440643310547,23.077421188354492,5.799753936426274,6.067747030018457
SV_NewYork_40.7335_-74.0053.tif,5,21.28672218322754,22.774669647216797,11.876390616208685,11.766053306119364
SV_NewYork_40.7335_-74.0053.tif,6,12.23070240020752,18.74826431274414,5.3359723327197806,5.189967201102055
SV_NewYork_40.7335_-74.0053.tif,7,19.474945068359375,19.497838973999023,3.500473371277441,3.8833291524020117
SV_NewYork_40.7335_-74.0053.tif,8,18.23947525024414,18.91762924194336,2.740524881136258,3.4166514715382172
SV_NewYork_40.7387_-73.9915.tif,0,59.31306076049805,63.055850982666016,16.55499830072212,17.27383677449056
SV_NewYork_40.7387_-73.9915.tif,1,57.69772720336914,65.68523406982422,14.61035711901108,14.750754792213748
SV_NewYork_40.7387_-73.9915.tif,2,37.13982009887695,40.59541320800781,3.4070561378682758,5.715759764560736
SV_NewYork_40.7387_-73.9915.tif,3,78.32479858398438,86.81673431396484,10.794579984189017,12.467543452295615
SV_NewYork_40.7387_-73.9915.tif,4,0.0,0.0,3.008171910517369,5.44557848436937
SV_NewYork_40.7387_-73.9934.tif,0,55.409515380859375,59.322566986083984,2.0,2.221904254954419
SV_NewYork_40.7387_-73.9934.tif,1,57.72859191894531,58.56074523925781,8.923074444355672,9.901581498398269
SV_NewYork_40.7387_-73.9934.tif,2,85.42029571533203,85.45557403564453,8.455861450014682,9.189035151866491
SV_NewYork_40.7387_-73.9934.tif,3,77.05712127685547,77.92463684082031,5.051540677369595,6.952677078446382
SV_NewYork_40.7387_-73.9934.tif,4,67.97504425048828,67.98753356933594,2.0,3.628996765431327
SV_NewYork_40.7387_-73.9934.tif,5,49.73675537109375,69.1163101196289,10.750986911192019,11.434309487093067
SV_NewYork_40.7387_-73.9934.tif,6,68.59729766845703,68.61356353759766,2.2231194350000614,3.8587274056779597
SV_NewYork_40.7387_-73.9934.tif,7,18.856765747070312,18.858137130737305,2.0,2.606255503203185
SV_NewYork_40.7387_-73.9934.tif,8,52.64422607421875,52.656288146972656,3.0023505055334656,4.489259636193686
SV_NewYork_40.7343_-73.9816.tif,0,39.56643295288086,41.647701263427734,13.11749124338706,14.297326657057127
SV_NewYork_40.7343_-73.9816.tif,1,37.52644348144531,39.51218795776367,10.595873922997127,11.867330143227491
SV_NewYork_40.7343_-73.9816.tif,2,40.64790344238281,41.488590240478516,11.807860542616183,12.698108963674287
SV_NewYork_40.7343_-73.9816.tif,3,39.00670623779297,41.92747497558594,12.511598434879017,14.009863995007501
SV_NewYork_40.7343_-73.9816.tif,4,39.03958511352539,41.62779235839844,19.35441549482333,20.193080010606923
SV_NewYork_40.7343_-73.9816.tif,5,37.58355712890625,40.58896255493164,11.418611759784735,13.326220126576128
SV_NewYork_40.7343_-73.9816.tif,6,40.48894500732422,43.43718338012695,26.057049746526964,26.527213911398967
SV_NewYork_40.7343_-73.9816.tif,7,44.30903244018555,56.22365951538086,21.85067529944437,22.757525378397336
SV_NewYork_40.7343_-73.9816.tif,8,37.78041458129883,40.12511444091797,13.78018839970508,15.738625662928017
SV_NewYork_40.7343_-73.9816.tif,9,39.81791687011719,42.36983871459961,18.701506429632985,20.243089957652174
SV_NewYork_40.7343_-73.9816.tif,10,56.207489013671875,56.24579620361328,20.102640781142867,21.13125622210415
SV_NewYork_40.7343_-73.9816.tif,11,37.742210388183594,37.747764587402344,7.323335366919833,10.083179724569419
SV_NewYork_40.7343_-73.9816.tif,12,39.16319274902344,39.166419982910156,5.143028835327148,7.263650897365111
SV_NewYork_40.7334_-73.9953.tif,0,20.865842819213867,20.86827278137207,2.0,2.0
SV_NewYork_40.7334_-73.9953.tif,1,20.80135154724121,20.80800437927246,2.0523846354283766,2.005550190563646
SV_NewYork_40.7334_-73.9953.tif,2,23.19352912902832,23.221059799194336,2.3946392683022726,2.5994682045955617
SV_NewYork_40.7334_-73.9953.tif,3,28.41364860534668,28.46466636657715,5.130547981854281,5.972790126510669
SV_NewYork_40.7334_-73.9953.tif,4,50.274436950683594,50.352054595947266,4.160019301691909,5.740820301363392
SV_NewYork_40.7334_-73.9953.tif,5,40.0973014831543,40.190181732177734,7.174236678163075,8.403622191291607
SV_NewYork_40.7334_-73.9953.tif,6,41.22767639160156,43.98112106323242,3.3208017958657035,4.879817640163368
SV_NewYork_40.7334_-73.9953.tif,7,19.72502326965332,37.69661331176758,14.982502800438903,14.836712002891602
SV_NewYork_40.7334_-73.9953.tif,8,31.8048095703125,31.82122039794922,5.079842238173665,6.209462891145717
SV_NewYork_40.7372_-73.9816.tif,0,34.14487838745117,34.290985107421875,20.540565013383336,21.60264118836594
SV_NewYork_40.7372_-73.9816.tif,1,50.77155685424805,50.795249938964844,5.036240019251167,7.099590838986242
SV_NewYork_40.7372_-73.9816.tif,2,19.37295913696289,19.396888732910156,3.3864296667684943,5.861361606052694
SV_NewYork_40.7372_-73.9816.tif,3,22.8236083984375,23.004093170166016,11.212667060669148,13.077427997505225
SV_NewYork_40.7372_-73.9816.tif,4,44.5679931640625,44.57316589355469,2.0,2.2613973633638036
SV_NewYork_40.7372_-73.9816.tif,5,19.84929084777832,20.287921905517578,17.75386772921796,17.906527316119135
SV_NewYork_40.7372_-73.9816.tif,6,46.61518478393555,49.016578674316406,8.080569590678568,9.964496149248053
SV_NewYork_40.7372_-73.9816.tif,7,21.576833724975586,26.857545852661133,10.358228030674411,12.21798984922429
SV_NewYork_40.7372_-73.9816.tif,8,47.85274887084961,48.33754348754883,8.48736084536371,10.712372940589985
SV_NewYork_40.7372_-73.9816.tif,9,43.50096893310547,43.50876998901367,9.040120771132411,11.032229783969912
SV_NewYork_40.7372_-73.9816.tif,10,21.1450252532959,21.156574249267578,4.340054767757959,7.096146679759416
SV_NewYork_40.7345_-74.0020.tif,0,11.639104843139648,11.65278148651123,3.421886048300193,3.4824678557702002
SV_NewYork_40.7345_-74.0020.tif,1,61.2686653137207,61.29823303222656,5.32230926534492,5.269955482419438
SV_NewYork_40.7345_-74.0020.tif,2,24.022884368896484,28.053295135498047,7.77141882831244,6.823460757169745
SV_NewYork_40.7345_-74.0020.tif,3,20.00833511352539,20.01902198791504,5.3576861687665485,5.2151754823930965
SV_NewYork_40.7345_-74.0020.tif,4,45.90935134887695,45.94896697998047,5.960859228099849,5.882251096296769
SV_NewYork_40.7345_-74.0020.tif,5,11.510085105895996,11.511725425720215,4.481979067817446,4.698945533612346
SV_NewYork_40.7345_-74.0020.tif,6,22.96982192993164,41.58241271972656,11.380170897603175,10.620460895984293
SV_NewYork_40.7345_-74.0020.tif,7,16.87871551513672,16.96816062927246,8.742986204337136,8.21671291775339
SV_NewYork_40.7345_-74.0020.tif,8,16.004436492919922,16.024707794189453,7.7310423697424815,7.580045625277358
SV_NewYork_40.7345_-74.0020.tif,9,18.076271057128906,18.396345138549805,6.667516313093629,6.535792426130947
SV_NewYork_40.7345_-74.0020.tif,10,18.614704132080078,18.617116928100586,3.535044278773471,2.8749177913819146
SV_NewYork_40.7345_-74.0020.tif,11,52.34386444091797,57.3424186706543,8.3851570138129,8.10618045863452
SV_NewYork_40.7345_-74.0020.tif,12,15.989615440368652,15.998796463012695,2.25492460353515,2.3880543511763612
SV_NewYork_40.7345_-74.0020.tif,13,19.15584945678711,19.66909408569336,4.387921109521995,4.702732866581905
SV_NewYork_40.7345_-74.0020.tif,14,13.79355239868164,13.816167831420898,3.7296310770040755,3.8983872472853536
SV_NewYork_40.7345_-74.0020.tif,15,14.9735689163208,15.067618370056152,4.162319820002034,4.285932948951828
SV_NewYork_40.7359_-74.0034.tif,0,20.480695724487305,20.491104125976562,3.460298600980595,4.391648382583376
SV_NewYork_40.7359_-74.0034.tif,1,21.010990142822266,21.079824447631836,8.870493897674638,9.28689007535344
SV_NewYork_40.7359_-74.0034.tif,2,2.611302375793457,9.032209396362305,3.869789815369762,4.819571435831185
SV_NewYork_40.7401_-73.9915.tif,0,47.41634750366211,47.42182922363281,3.568338764295161,3.651303386787757
SV_NewYork_40.7401_-73.9915.tif,1,62.1840705871582,63.303489685058594,6.797738541115157,8.057574598540299
SV_NewYork_40.7401_-73.9915.tif,2,40.65706253051758,40.70240783691406,3.9585681532561097,5.305461574036061
SV_NewYork_40.7401_-73.9915.tif,3,42.59546661376953,42.634708404541016,2.470489590933761,3.802635404302671
SV_NewYork_40.7401_-73.9915.tif,4,39.67382049560547,65.6736068725586,5.135479873410997,6.28504201288775
SV_NewYork_40.7401_-73.9915.tif,5,45.397796630859375,45.42463684082031,8.044425554471696,9.26274480698047
SV_NewYork_40.7401_-73.9915.tif,6,52.67808151245117,52.71795654296875,5.512480270903545,6.608012671914879
SV_NewYork_40.7401_-73.9915.tif,7,48.691184997558594,50.19862747192383,8.409993063419584,9.145940604429857
SV_NewYork_40.7401_-73.9915.tif,8,61.8126106262207,61.894161224365234,7.667165799888362,8.380366065424713
SV_NewYork_40.7401_-73.9915.tif,9,35.38894271850586,35.400360107421875,5.152365300365059,6.07653183699193
SV_NewYork_40.7400_-73.9834.tif,0,21.865243911743164,21.973112106323242,2.0,2.0
SV_NewYork_40.7400_-73.9834.tif,1,20.129968643188477,20.154752731323242,3.941829712943722,4.265653211727778
SV_NewYork_40.7400_-73.9834.tif,2,73.29244995117188,73.3156967163086,3.865517477185877,3.3703750753105846
SV_NewYork_40.7400_-73.9834.tif,3,49.29824447631836,54.281036376953125,9.174656789843507,9.079876185150482
SV_NewYork_40.7400_-73.9834.tif,4,58.85813903808594,58.89656448364258,4.793194520762737,4.29534424038141
SV_NewYork_40.7400_-73.9834.tif,5,40.0922737121582,40.096134185791016,2.0,2.214959643740496
SV_NewYork_40.7400_-73.9834.tif,6,83.50965118408203,83.63521575927734,8.43579018107514,8.66424586224596
SV_NewYork_40.7400_-73.9834.tif,7,73.83575439453125,78.8245849609375,23.283895836739003,22.417414141308438
SV_NewYork_40.7400_-73.9834.tif,8,19.128705978393555,19.14537811279297,6.249189519291266,6.980199994316256
SV_NewYork_40.7400_-73.9834.tif,9,57.76462936401367,57.771148681640625,2.5157224448162925,3.0468157746153857
SV_NewYork_40.7400_-73.9834.tif,10,46.92972183227539,47.57475662231445,4.141966154273133,4.466531078025262
SV_NewYork_40.7400_-73.9834.tif,11,47.48234939575195,48.62225341796875,3.3342063194990486,3.7165551551099627
SV_NewYork_40.7334_-73.9990.tif,0,21.11829376220703,22.17474937438965,7.823710501395835,8.967979669478781
SV_NewYork_40.7402_-74.0052.tif,0,29.53778839111328,32.9338264465332,9.734351086593772,9.257158392022031
SV_NewYork_40.7402_-74.0052.tif,1,34.50794219970703,44.96105194091797,10.45896110614509,10.967879928942443
SV_NewYork_40.7402_-74.0052.tif,2,20.810504913330078,20.858741760253906,2.5760265493676844,3.624440667521305
SV_NewYork_40.7402_-74.0052.tif,3,13.669740676879883,13.7359619140625,5.520452882681404,6.249872548961115
SV_NewYork_40.7402_-74.0052.tif,4,16.736644744873047,16.75181770324707,3.2783552589725353,4.202762511464232
SV_NewYork_40.7402_-74.0052.tif,5,11.424229621887207,11.427614212036133,2.437471716152972,2.9286633359033125
SV_NewYork_40.7402_-74.0052.tif,6,15.103137016296387,16.062761306762695,4.040832160596468,4.236182034266126
SV_NewYork_40.7334_-73.9916.tif,0,69.70616149902344,69.74003601074219,8.16574347232321,8.727845279335385
SV_NewYork_40.7334_-73.9916.tif,1,55.73511505126953,55.776275634765625,13.612739042957882,13.637855218567644
SV_NewYork_40.7334_-73.9916.tif,2,42.071598052978516,42.12314987182617,9.435174599911198,10.409014662596434
SV_NewYork_40.7334_-73.9916.tif,3,35.15196990966797,38.79616165161133,5.301106650412658,6.551705728577098
SV_NewYork_40.7334_-73.9916.tif,4,64.62212371826172,64.6303939819336,5.520561419792638,6.566724909984472
SV_NewYork_40.7334_-73.9916.tif,5,49.67702865600586,55.134315490722656,10.533455552352631,11.096544823823638
SV_NewYork_40.7334_-73.9916.tif,6,38.04745864868164,38.7172737121582,5.2095801675294675,6.00509123660315
SV_NewYork_40.7334_-73.9916.tif,7,65.62960052490234,65.63162994384766,2.3716395910577965,3.6592070766133054
SV_NewYork_40.7334_-73.9916.tif,8,31.21120834350586,31.23867416381836,8.38526069347154,9.265071866935127
SV_NewYork_40.7334_-73.9916.tif,9,82.69818878173828,87.84745025634766,7.962287307951126,8.214301867963378
SV_NewYork_40.7334_-73.9916.tif,10,34.844154357910156,34.88658905029297,5.284942013054042,6.111597397987213
SV_NewYork_40.7334_-73.9916.tif,11,32.911865234375,33.62158203125,8.948366364610976,9.114186954455898
SV_NewYork_40.7400_-73.9871.tif,0,64.42234802246094,64.4329605102539,2.8437261020908533,4.602157993024917
SV_NewYork_40.7400_-73.9871.tif,1,64.24191284179688,64.26548767089844,5.757432452668183,7.5647541764878925
SV_NewYork_40.7400_-73.9871.tif,2,49.82205581665039,61.63410568237305,6.912970395622414,8.637858638845493
SV_NewYork_40.7400_-73.9871.tif,3,62.27079391479492,66.75511932373047,8.086264289815794,9.181771468666133
SV_NewYork_40.7400_-73.9871.tif,4,76.53404998779297,76.70292663574219,19.227478442415553,18.951093423992344
SV_NewYork_40.7400_-73.9871.tif,5,80.30693054199219,80.36864471435547,7.112832108146941,8.860626863377442
SV_NewYork_40.7400_-73.9871.tif,6,60.928489685058594,64.42082214355469,9.66912234343252,10.775916686511433
SV_NewYork_40.7400_-73.9871.tif,7,20.4713134765625,20.481517791748047,2.8237723918516835,4.795301315040496
SV_NewYork_40.7400_-73.9871.tif,8,20.24367904663086,20.252939224243164,3.3428639293348335,5.013049689502183
SV_NewYork_40.7400_-73.9871.tif,9,32.26704406738281,32.40452575683594,8.577289716590627,9.471251381425159
SV_NewYork_40.7400_-73.9871.tif,10,64.95552825927734,69.90845489501953,8.078972243651108,10.029942732185162
SV_NewYork_40.7400_-73.9871.tif,11,50.44572448730469,61.96474838256836,6.562029446796701,8.260902943428484
SV_NewYork_40.7400_-73.9871.tif,12,20.143590927124023,20.144723892211914,2.0,3.028915999560068
SV_NewYork_40.7399_-73.9783.tif,0,60.65709686279297,60.98302459716797,12.365861072803508,12.286723000274499
SV_NewYork_40.7399_-73.9783.tif,1,37.36192321777344,37.386104583740234,4.516183390352116,5.266542121637088
SV_NewYork_40.7399_-73.9783.tif,2,52.128665924072266,52.21247100830078,6.166656888029291,7.163127570396187
SV_NewYork_40.7399_-73.9783.tif,3,83.7474365234375,83.77677917480469,16.984877242933678,16.796336441998008
SV_NewYork_40.7399_-73.9783.tif,4,58.407066345214844,58.459251403808594,13.232815866655125,14.2881215052021
SV_NewYork_40.7399_-73.9783.tif,5,0.0,0.0,2.9062349845509132,4.565485580123549
SV_NewYork_40.7385_-73.9783.tif,0,83.75735473632812,83.77677917480469,6.097917813548781,5.84403052793439
SV_NewYork_40.7385_-73.9783.tif,1,44.9485969543457,44.953636169433594,3.167076581376981,3.3393184840478005
SV_NewYork_40.7385_-73.9783.tif,2,26.584362030029297,27.582061767578125,3.54252950626098,3.8449906073383238
SV_NewYork_40.7385_-73.9783.tif,3,8.210551261901855,22.645437240600586,2.6870808453487687,2.595056720048966
SV_NewYork_40.7385_-73.9783.tif,4,74.44544982910156,74.50525665283203,6.734950725739736,6.156893195927094
SV_NewYork_40.7385_-73.9783.tif,5,9.492746353149414,9.551225662231445,7.463943874259558,7.110257267647221
SV_NewYork_40.7385_-73.9783.tif,6,11.375956535339355,14.367616653442383,8.80859320044499,8.406564096601056
SV_NewYork_40.7385_-73.9783.tif,7,44.819580078125,45.98992156982422,12.598435067298855,11.61794832307334
SV_NewYork_40.7385_-73.9783.tif,8,44.58655548095703,44.5928840637207,5.163159052327554,4.874957003846872
SV_NewYork_40.7373_-73.9971.tif,0,37.98000717163086,37.99209213256836,2.0,3.2135933334018416
SV_NewYork_40.7373_-73.9971.tif,2,69.01587677001953,69.04945373535156,7.239334727114009,8.544175764944423
SV_NewYork_40.7373_-73.9971.tif,3,61.71989059448242,61.76414108276367,4.884428136575622,5.440594575711329
SV_NewYork_40.7373_-73.9971.tif,4,69.30209350585938,77.90689849853516,13.50901221624049,13.671390334514467
SV_NewYork_40.7373_-73.9971.tif,5,50.24909591674805,54.68037033081055,15.519689183311929,15.335479785310152
SV_NewYork_40.7373_-73.9971.tif,6,42.41503143310547,42.44490432739258,4.357891471851881,6.239944025190384
SV_NewYork_40.7373_-73.9971.tif,7,18.79880714416504,18.806922912597656,2.995407171052932,4.488992223794269
SV_NewYork_40.7373_-73.9971.tif,8,30.769878387451172,30.79173469543457,3.0756697026586846,4.710971358776056
SV_NewYork_40.7373_-73.9971.tif,9,22.63019371032715,22.658790588378906,4.54326457253611,5.8399101383597385
SV_NewYork_40.7373_-73.9971.tif,10,81.71388244628906,81.74205017089844,4.113969169186632,6.042465415603954
SV_NewYork_40.7371_-73.9797.tif,0,46.784053802490234,48.69194030761719,14.582954186388971,14.131486703544084
SV_NewYork_40.7371_-73.9797.tif,1,49.22333526611328,49.698062896728516,12.053060714803546,12.409667833197734
SV_NewYork_40.7371_-73.9797.tif,2,60.85528564453125,60.88949966430664,11.781457666903163,12.332569997085274
SV_NewYork_40.7371_-73.9797.tif,3,48.071617126464844,48.92988586425781,16.35706360916558,16.28527739206829
SV_NewYork_40.7371_-73.9797.tif,4,46.523353576660156,49.01348114013672,13.033356430442524,13.377195112849172
SV_NewYork_40.7371_-73.9797.tif,5,46.91279983520508,49.07426834106445,14.779414956178677,14.960045017921416
SV_NewYork_40.7371_-73.9797.tif,6,46.742671966552734,48.80396270751953,15.366099216099553,15.641244629300651
SV_NewYork_40.7371_-73.9797.tif,7,46.04694747924805,48.336631774902344,17.147903976368426,17.327703210249876
SV_NewYork_40.7371_-73.9797.tif,8,43.54536437988281,60.03960037231445,12.062671953446076,12.705012228512073
SV_NewYork_40.7371_-73.9797.tif,9,43.612674713134766,43.62778091430664,8.9144231802326,9.37174990410313
SV_NewYork_40.7387_-74.0020.tif,0,33.362335205078125,33.373661041259766,2.588341768124394,2.412591346817786
SV_NewYork_40.7387_-74.0020.tif,1,17.06828498840332,17.080245971679688,2.0,2.0
SV_NewYork_40.7387_-74.0020.tif,2,25.10649871826172,25.11114501953125,2.499327850656611,2.0
SV_NewYork_40.7387_-74.0020.tif,5,21.108837127685547,21.125816345214844,3.2528950242067722,2.9605738216622868
SV_NewYork_40.7387_-74.0020.tif,6,55.809837341308594,65.43541717529297,11.316591866380524,10.478903766691126
SV_NewYork_40.7387_-74.0020.tif,7,22.373546600341797,22.395095825195312,2.0,2.0
SV_NewYork_40.7387_-74.0020.tif,8,27.34444236755371,27.565099716186523,21.898496519112594,19.137673900276237
SV_NewYork_40.7387_-74.0020.tif,9,29.85296058654785,29.8563289642334,3.7297414706371264,3.6798625667399962
SV_NewYork_40.7387_-74.0020.tif,10,16.942838668823242,16.97569465637207,14.535500821927453,13.971865709016484
SV_NewYork_40.7387_-74.0020.tif,11,17.13292694091797,21.239280700683594,5.516031007190392,5.567333895091683
SV_NewYork_40.7387_-74.0020.tif,12,23.376522064208984,23.381807327270508,4.412971412244998,4.358253541498946
SV_NewYork_40.7387_-74.0020.tif,13,16.2928466796875,16.345792770385742,8.628397325301112,8.297647223689692
SV_NewYork_40.7387_-74.0020.tif,14,24.66451644897461,25.547849655151367,7.351120038221296,7.602181258346978
SV_NewYork_40.7387_-74.0020.tif,15,22.33806610107422,22.351882934570312,13.360614968909765,12.719058904504399
SV_NewYork_40.7387_-74.0020.tif,16,23.30853843688965,23.33773422241211,12.688978383629824,11.743718800062066
SV_NewYork_40.7387_-74.0020.tif,17,63.293975830078125,63.296112060546875,2.364444168123258,2.134751416813005
SV_NewYork_40.7387_-74.0020.tif,18,63.365177154541016,63.3747673034668,4.46894361600747,4.019974471486509
SV_NewYork_40.7387_-74.0020.tif,19,51.65606689453125,51.6690673828125,4.684190129987849,4.516121356678039
SV_NewYork_40.7401_-73.9952.tif,0,50.174896240234375,57.11362838745117,7.439932308945982,8.471560246008274
SV_NewYork_40.7401_-73.9952.tif,1,48.966026306152344,48.98968505859375,2.625101836167591,4.400149077167238
SV_NewYork_40.7401_-73.9952.tif,3,48.15692901611328,48.16738510131836,2.0,2.5151950001452192
SV_NewYork_40.7401_-73.9952.tif,5,63.81867980957031,63.84902572631836,6.43636819549498,7.33431199799255
SV_NewYork_40.7401_-73.9952.tif,6,42.46092987060547,47.376461029052734,2.0,3.5102703591078823
SV_NewYork_40.7401_-73.9952.tif,7,67.3924560546875,74.26322937011719,13.156707200219522,13.397055315981627
SV_NewYork_40.7401_-73.9952.tif,8,53.181884765625,53.200347900390625,2.762355916494842,4.5702563395121745
SV_NewYork_40.7401_-73.9952.tif,9,30.322219848632812,31.100666046142578,3.742398387597839,4.871708810732481
SV_NewYork_40.7401_-73.9952.tif,10,43.713199615478516,43.71903610229492,2.0,2.0672638192264667
SV_NewYork_40.7401_-73.9952.tif,11,86.48077392578125,87.96260833740234,8.537159804987716,9.705087526035769
SV_NewYork_40.7346_-74.0071.tif,0,4.970005035400391,4.984761714935303,7.435159928315337,7.988835256453713
SV_NewYork_40.7346_-74.0071.tif,1,21.030797958374023,25.000282287597656,2.572028129638797,3.6895848852656856
SV_NewYork_40.7386_-73.9815.tif,0,28.0411319732666,28.114660263061523,7.9064223872815695,8.822694762320896
SV_NewYork_40.7386_-73.9815.tif,2,83.5418472290039,83.64022827148438,7.3003263372756635,7.832027024891046
SV_NewYork_40.7386_-73.9815.tif,3,81.53211975097656,81.70989227294922,16.667250642911657,17.56207692710763
SV_NewYork_40.7386_-73.9815.tif,4,73.90191650390625,78.83039855957031,41.82703834316265,40.026234069869034
SV_NewYork_40.7386_-73.9815.tif,5,75.43543243408203,75.4464340209961,2.0,3.066335002825115
SV_NewYork_40.7386_-73.9815.tif,6,45.47572708129883,53.925018310546875,32.16452056751868,30.943139947121452
SV_NewYork_40.7386_-73.9815.tif,7,71.9759292602539,72.05349731445312,5.400553622137208,6.5280374411174344
SV_NewYork_40.7386_-73.9815.tif,8,15.953352928161621,15.978377342224121,2.3468952026116394,3.9398812346204606
SV_NewYork_40.7386_-73.9815.tif,9,20.582181930541992,20.61176300048828,4.2521798450397865,5.317169609439538
SV_NewYork_40.7386_-73.9815.tif,10,19.366554260253906,19.402402877807617,4.162340887667071,5.347108033328266
SV_NewYork_40.7386_-73.9815.tif,11,20.211862564086914,20.218978881835938,2.0,3.180647711331095
SV_NewYork_40.7386_-73.9815.tif,12,44.56258010864258,44.565223693847656,6.010323364004465,7.522130324868225
SV_NewYork_40.7386_-73.9834.tif,0,83.48680877685547,83.63920593261719,14.247705659163994,16.066199631103707
SV_NewYork_40.7386_-73.9834.tif,1,23.89858627319336,23.924196243286133,2.473625567802914,4.4879614829459085
SV_NewYork_40.7386_-73.9834.tif,2,18.18182373046875,18.193647384643555,2.4465499760864002,5.245634275907783
SV_NewYork_40.7386_-73.9834.tif,3,24.75731658935547,24.799314498901367,4.94113188457041,7.120692390994754
SV_NewYork_40.7386_-73.9834.tif,4,39.34325408935547,39.34980392456055,2.0,3.4950022414916555
SV_NewYork_40.7386_-73.9834.tif,5,30.228248596191406,30.29288673400879,4.279777392507254,6.443411078448881
SV_NewYork_40.7386_-73.9834.tif,6,39.642940521240234,39.658233642578125,5.250961041681132,7.422009765575031
SV_NewYork_40.7386_-73.9834.tif,7,32.31343460083008,32.316184997558594,3.5212603299305805,5.520508401447436
SV_NewYork_40.7386_-73.9834.tif,8,78.70046997070312,78.82084655761719,14.633746572666094,17.59223554554685
SV_NewYork_40.7386_-73.9834.tif,9,51.032371520996094,51.55152893066406,9.813581310243533,11.631580172941561
SV_NewYork_40.7386_-73.9834.tif,10,28.240989685058594,30.03961944580078,15.736235121295804,17.198279756625837
SV_NewYork_40.7386_-73.9834.tif,11,66.28557586669922,75.4663314819336,31.0682769434462,30.98266789118111
SV_NewYork_40.7386_-73.9834.tif,12,49.84980773925781,49.93284225463867,18.52857322698143,19.788897830058644
SV_NewYork_40.7386_-73.9834.tif,13,24.818891525268555,24.82901954650879,4.255021102916993,6.724423229404027
SV_NewYork_40.7386_-73.9834.tif,14,40.396034240722656,40.51202392578125,22.276577963009622,23.276257817872505
SV_NewYork_40.7386_-73.9834.tif,15,50.753334045410156,50.929534912109375,26.14383325176876,26.520588974543656
SV_NewYork_40.7386_-73.9834.tif,16,36.74842834472656,39.71006774902344,7.704663375764644,10.342198033230995
SV_NewYork_40.7346_-74.0090.tif,0,0.0,0.0,4.630543618424501,4.042719892376801
SV_NewYork_40.7346_-74.0090.tif,1,14.996513366699219,15.01230239868164,3.688548663262609,3.7630883012094207
SV_NewYork_40.7346_-74.0090.tif,2,15.106344223022461,15.125420570373535,3.9083351089621736,4.113712062213113
SV_NewYork_40.7346_-74.0090.tif,3,28.76239013671875,30.145105361938477,5.920063370581182,5.902628603646781
SV_NewYork_40.7346_-74.0090.tif,4,16.957239151000977,17.012182235717773,4.127144193020911,4.017816402466273
SV_NewYork_40.7346_-74.0090.tif,5,21.107486724853516,25.00262451171875,4.389584008871267,4.682548600294644
SV_NewYork_40.7346_-74.0090.tif,6,11.682628631591797,11.706530570983887,4.376884585487405,4.622938295999481
SV_NewYork_40.7333_-73.9902.tif,0,38.02444839477539,52.10346603393555,5.040696602199116,4.854348551069138
SV_NewYork_40.7333_-73.9902.tif,2,55.12403106689453,55.12660598754883,2.895135176501393,2.222646495077294
SV_NewYork_40.7333_-73.9902.tif,3,52.25119400024414,57.906890869140625,2.7252566825217155,3.0642809125158124
SV_NewYork_40.7333_-73.9902.tif,4,30.774063110351562,30.791528701782227,4.861531741037608,4.417306686096259
SV_NewYork_40.7333_-73.9902.tif,5,23.528419494628906,26.34792709350586,3.368644438967399,3.3290625242652476
SV_NewYork_40.7333_-73.9902.tif,6,18.2356014251709,18.237640380859375,2.0,2.0
SV_NewYork_40.7333_-73.9902.tif,7,24.234712600708008,26.49949073791504,9.883666423474253,8.562423670002428
SV_NewYork_40.7333_-73.9902.tif,8,85.45649719238281,87.84417724609375,7.27654884484162,6.30703617135958
SV_NewYork_40.7333_-73.9902.tif,9,19.630268096923828,19.631729125976562,4.080400880058296,3.369204922823708
SV_NewYork_40.7333_-73.9902.tif,10,20.81828498840332,20.831846237182617,2.0,2.0
SV_NewYork_40.7333_-73.9902.tif,11,32.89800262451172,33.622886657714844,4.748113708460259,4.1783259833982465
SV_NewYork_40.7333_-73.9902.tif,12,41.74653244018555,41.81554412841797,4.293341194166777,3.9218267646903238
SV_NewYork_40.7333_-73.9902.tif,13,45.393585205078125,45.403839111328125,2.5901682640089874,2.0
SV_NewYork_40.7333_-73.9902.tif,17,22.90658950805664,22.934934616088867,3.2863762134523054,2.8758890277530966
SV_NewYork_40.7343_-73.9783.tif,0,60.60211181640625,60.61943054199219,4.631695206873247,6.04221839947554
SV_NewYork_40.7343_-73.9783.tif,1,0.0,0.0,8.143247044299994,8.597649420621863
SV_NewYork_40.7343_-73.9783.tif,2,47.465599060058594,48.896575927734375,8.600048384396366,9.436310047036766
SV_NewYork_40.7343_-73.9783.tif,3,40.28959655761719,41.650901794433594,10.549771934788307,11.740865484849177
SV_NewYork_40.7343_-73.9783.tif,4,61.671234130859375,61.698463439941406,8.339646912004984,9.193005926589795
SV_NewYork_40.7343_-73.9783.tif,5,41.39756774902344,42.59138107299805,10.077296639397987,11.707472293755078
SV_NewYork_40.7343_-73.9783.tif,6,36.86077117919922,41.80201721191406,10.58152830085964,12.04533907469924
SV_NewYork_40.7343_-73.9783.tif,7,40.622535705566406,42.62134552001953,12.342895281732915,13.709374037437579
SV_NewYork_40.7343_-73.9783.tif,8,41.81651306152344,45.194278717041016,16.894508968752003,18.02018610850761
SV_NewYork_40.7343_-73.9783.tif,9,41.161746978759766,44.31515884399414,19.477605581333414,20.41115636578524
SV_NewYork_40.7343_-73.9783.tif,10,37.83624267578125,37.846195220947266,6.343969329828957,8.362172708980452
SV_NewYork_40.7343_-73.9783.tif,11,39.36112594604492,42.58028793334961,16.83363972836456,18.146494074961424
SV_NewYork_40.7343_-73.9783.tif,12,41.589385986328125,45.150596618652344,18.363251798053767,19.294629393305208
SV_NewYork_40.7358_-73.9916.tif,0,0.0,0.0,4.8328062076732525,5.5406006016349965
SV_NewYork_40.7358_-73.9916.tif,1,96.15736389160156,101.14806365966797,12.235849493003233,11.931152910989447
SV_NewYork_40.7358_-73.9916.tif,2,57.182674407958984,79.69155883789062,6.812393926234089,7.987313008843258
SV_NewYork_40.7358_-73.9916.tif,3,44.5299072265625,44.532997131347656,2.0394589336584534,3.158329838460266
SV_NewYork_40.7345_-73.9990.tif,0,24.667125701904297,24.674602508544922,2.0,2.0
SV_NewYork_40.7345_-73.9990.tif,1,45.191715240478516,45.21031951904297,3.770674465635512,2.595036292253246
SV_NewYork_40.7345_-73.9990.tif,2,60.70217514038086,60.708187103271484,4.357679579568755,3.8183580491904605
SV_NewYork_40.7345_-73.9990.tif,3,14.777763366699219,14.791473388671875,3.042999133271513,2.6226770522617144
SV_NewYork_40.7345_-73.9990.tif,4,35.321529388427734,36.27980041503906,6.887611421517923,6.52423970247735
SV_NewYork_40.7345_-73.9990.tif,5,17.874298095703125,17.896928787231445,3.8554002094629034,3.5072157036078435
SV_NewYork_40.7345_-73.9990.tif,6,11.531346321105957,11.537144660949707,2.0,2.0
SV_NewYork_40.7345_-73.9990.tif,7,26.980623245239258,27.035131454467773,4.249940215895805,4.212417924395951
SV_NewYork_40.7345_-73.9990.tif,8,38.708457946777344,38.71214294433594,4.252314068250659,3.984753567355649
SV_NewYork_40.7345_-73.9990.tif,9,64.66847229003906,64.70672607421875,5.0802604216286,4.697202713022697
SV_NewYork_40.7345_-73.9990.tif,11,19.627330780029297,19.647459030151367,2.0,2.0866972536550783
SV_NewYork_40.7345_-73.9990.tif,12,10.113688468933105,10.120513916015625,2.0,2.0
SV_NewYork_40.7345_-73.9990.tif,13,50.333648681640625,50.3349609375,2.6215615960111744,2.3369834528734366
SV_NewYork_40.7333_-73.9835.tif,0,38.109195709228516,40.12374496459961,9.946805288249436,11.315167664153217
SV_NewYork_40.7333_-73.9835.tif,1,38.909122467041016,42.88037109375,8.127569282865466,9.432064022879363
SV_NewYork_40.7333_-73.9835.tif,2,40.077823638916016,42.37186050415039,12.288992127621215,13.499419670018371
SV_NewYork_40.7333_-73.9835.tif,3,39.999908447265625,42.864959716796875,19.19550519996083,19.93660653898931
SV_NewYork_40.7333_-73.9835.tif,4,38.644344329833984,43.124080657958984,28.08171939959268,27.346630431245586
SV_NewYork_40.7333_-73.9835.tif,5,12.902411460876465,12.904860496520996,2.3096897522554,4.22663988006324
SV_NewYork_40.7333_-73.9835.tif,6,16.261981964111328,16.90016746520996,4.020231677704921,5.746988816446071
SV_NewYork_40.7333_-73.9835.tif,7,12.753512382507324,12.753522872924805,3.2149443434548086,4.461444668056827
SV_NewYork_40.7346_-74.0053.tif,1,20.241079330444336,22.146907806396484,5.075764520480275,5.727052079446463
SV_NewYork_40.7346_-74.0053.tif,2,15.298188209533691,15.31097412109375,3.1155031357660388,4.248402948311507
SV_NewYork_40.7346_-74.0053.tif,3,21.64650535583496,22.89780616760254,7.922345162299769,8.183454851145097
SV_NewYork_40.7346_-74.0053.tif,4,22.4207763671875,22.44513702392578,4.69869722603319,5.386602668291647
SV_NewYork_40.7346_-74.0053.tif,5,13.116484642028809,13.191651344299316,2.4800840406390527,3.2078895041359514
SV_NewYork_40.7346_-74.0053.tif,6,18.231521606445312,18.23432159423828,5.007500183921294,4.9756107041907915
SV_NewYork_40.7360_-74.0053.tif,0,27.094982147216797,27.291669845581055,2.0,2.033483356611338
SV_NewYork_40.7360_-74.0053.tif,1,20.62306022644043,20.632169723510742,4.296910763277734,4.080309493595695
SV_NewYork_40.7360_-74.0053.tif,2,21.468252182006836,21.540714263916016,3.5317646209561104,3.432368748890595
SV_NewYork_40.7360_-74.0053.tif,3,14.501548767089844,14.509037971496582,2.0675028067520547,2.205573622464737
SV_NewYork_40.7360_-74.0053.tif,4,15.409950256347656,17.289066314697266,3.3373142304601906,3.147338347463151
SV_NewYork_40.7360_-74.0053.tif,5,13.401999473571777,22.524446487426758,6.262374433556523,5.770325742275754
SV_NewYork_40.7360_-74.0053.tif,6,20.675704956054688,20.72286033630371,5.449866401964464,5.1448721854188495
SV_NewYork_40.7360_-74.0053.tif,7,21.644771575927734,21.67511749267578,5.370660092155842,4.898300803562305
SV_NewYork_40.7360_-74.0053.tif,8,22.136093139648438,22.156320571899414,6.2837815946937985,5.765307511722637
SV_NewYork_40.7360_-74.0053.tif,9,20.242481231689453,20.24725341796875,2.0,2.0
SV_NewYork_40.7360_-74.0053.tif,10,23.427745819091797,23.45294952392578,5.068776010944273,5.207697533453156
SV_NewYork_40.7360_-74.0053.tif,11,18.954280853271484,18.976282119750977,5.074764007135363,4.999876329503938
SV_NewYork_40.7400_-73.9797.tif,0,42.9980583190918,43.16456604003906,11.41168118735371,11.038649042571588
SV_NewYork_40.7400_-73.9797.tif,1,60.61063003540039,60.991641998291016,18.54966424838369,18.020990476124254
SV_NewYork_40.7400_-73.9797.tif,2,98.68141174316406,98.858642578125,11.844213968018861,11.861253208286142
SV_NewYork_40.7400_-73.9797.tif,3,46.249839782714844,46.462120056152344,21.756390278843895,21.307577269787153
SV_NewYork_40.7400_-73.9797.tif,4,0.0,0.0,4.072367917755944,5.065271247936403
SV_NewYork_40.7400_-73.9797.tif,6,28.31060218811035,28.440662384033203,14.5724415657205,15.191922430406628
SV_NewYork_40.7400_-73.9797.tif,7,52.07476043701172,66.6452865600586,22.021983243412095,21.220403121827147
SV_NewYork_40.7400_-73.9797.tif,8,28.009998321533203,28.114137649536133,16.93543969295715,17.092909026200328
SV_NewYork_40.7400_-73.9797.tif,9,18.427818298339844,18.456438064575195,4.845710269510615,5.9506134160975686
SV_NewYork_40.7400_-73.9797.tif,10,81.52481079101562,81.70367431640625,18.159361428981203,18.398862973128484
SV_NewYork_40.7400_-73.9797.tif,11,49.53971481323242,49.596778869628906,11.26014592331588,11.670542467378253
SV_NewYork_40.7400_-73.9797.tif,12,7.4007720947265625,7.7423481941223145,4.103207040348683,5.088534770971574
SV_NewYork_40.7400_-73.9797.tif,13,40.07655715942383,40.11032485961914,14.471664687064617,14.752155415647637
SV_NewYork_40.7346_-74.0108.tif,0,58.4317512512207,58.447662353515625,2.0,2.0
SV_NewYork_40.7346_-74.0108.tif,1,46.48160171508789,46.49105453491211,3.9529279674437596,2.731054029956878
SV_NewYork_40.7346_-74.0108.tif,2,24.207334518432617,24.2171630859375,4.708412899488131,4.074906165544371
SV_NewYork_40.7346_-74.0108.tif,4,25.35901641845703,25.372623443603516,4.430000324492024,3.7073741181866895
SV_NewYork_40.7346_-74.0108.tif,5,21.570646286010742,21.595741271972656,2.0,2.0
SV_NewYork_40.7346_-74.0108.tif,7,18.532461166381836,18.549570083618164,3.305810511967051,2.592223840380248
SV_NewYork_40.7346_-74.0108.tif,8,57.98360824584961,58.11129379272461,5.862197684523572,5.786452106173482
SV_NewYork_40.7346_-74.0108.tif,9,54.69608688354492,54.72980499267578,3.195104832022702,2.894656301299017
SV_NewYork_40.7346_-74.0108.tif,10,17.40241050720215,17.564592361450195,3.2715444082831127,2.929909635616072
SV_NewYork_40.7346_-74.0108.tif,11,25.276857376098633,25.3043270111084,5.511272193255339,4.798681680754537
SV_NewYork_40.7346_-74.0108.tif,12,24.48927116394043,24.490808486938477,2.134556439150222,2.0
SV_NewYork_40.7402_-74.0107.tif,0,13.53158187866211,14.906291961669922,10.234951992509279,8.504082769073008
SV_NewYork_40.7402_-74.0107.tif,1,57.03343200683594,57.60350799560547,16.012224512780687,14.69716172472313
SV_NewYork_40.7402_-74.0107.tif,2,27.348546981811523,27.3671875,5.4988612930305205,4.856980054793849
SV_NewYork_40.7402_-74.0107.tif,3,34.211795806884766,34.216209411621094,3.563160778627423,3.2447346359288245
SV_NewYork_40.7402_-74.0107.tif,4,25.413732528686523,25.438392639160156,3.229157434931345,3.1791812560682677
SV_NewYork_40.7402_-74.0107.tif,5,0.0,0.0,5.234215833437662,5.514758142410335
SV_NewYork_40.7402_-74.0107.tif,6,36.30243682861328,36.335174560546875,8.638910703930222,8.217529052587672
SV_NewYork_40.7402_-74.0107.tif,7,42.684776306152344,45.01547622680664,8.604057450739639,7.9919342075407505
SV_NewYork_40.7402_-74.0107.tif,8,26.47457504272461,28.122005462646484,9.123794371289499,8.183722954446743
SV_NewYork_40.7402_-74.0107.tif,9,0.0,0.0,5.520395314435316,5.8466867778062115
SV_NewYork_40.7402_-74.0107.tif,10,26.838274002075195,26.894268035888672,10.162082602374827,8.945403747410712
SV_NewYork_40.7344_-73.9916.tif,0,38.461734771728516,38.61555862426758,6.891481282529631,6.179585692017551
SV_NewYork_40.7344_-73.9916.tif,1,101.03333282470703,101.14839172363281,6.3575097095597775,6.083005426474503
SV_NewYork_40.7344_-73.9916.tif,2,80.91847229003906,80.97349548339844,2.462581170730754,2.838051980954196
SV_NewYork_40.7344_-73.9916.tif,4,34.89216995239258,37.988731384277344,7.6949666481357735,6.762861767849765
SV_NewYork_40.7344_-73.9916.tif,5,48.00663757324219,48.03348159790039,3.5634107643779434,3.2854316817247406
SV_NewYork_40.7344_-73.9916.tif,6,42.97904968261719,57.24861526489258,6.432768900931666,5.9567325780408895
SV_NewYork_40.7344_-73.9916.tif,7,51.27827072143555,51.28864288330078,4.490255882708158,4.133865137160522
SV_NewYork_40.7344_-73.9916.tif,8,55.75504684448242,55.77470779418945,3.5620552329528206,3.499191793996725
SV_NewYork_40.7344_-73.9916.tif,9,69.71852111816406,69.74018096923828,4.553642181384507,4.416404618574208
SV_NewYork_40.7344_-73.9916.tif,10,23.541465759277344,23.560802459716797,4.31860518710883,3.502801620267255
SV_NewYork_40.7344_-73.9916.tif,11,31.206771850585938,31.211589813232422,3.243632770616639,2.177922966602953
SV_NewYork_40.7344_-73.9916.tif,12,87.8038558959961,87.84699249267578,4.462959983966472,3.53352188607374
SV_NewYork_40.7344_-73.9871.tif,0,22.499618530273438,24.910898208618164,4.676781341842279,6.178976749650038
SV_NewYork_40.7344_-73.9871.tif,1,48.159481048583984,48.20295715332031,2.4218042488543414,4.534362318916478
SV_NewYork_40.7344_-73.9871.tif,2,50.83512878417969,50.845577239990234,3.5962076773842533,5.5781360184102065
SV_NewYork_40.7344_-73.9871.tif,3,24.01116180419922,31.71897315979004,9.949924796543755,11.465169079705822
SV_NewYork_40.7344_-73.9871.tif,4,28.284347534179688,35.39921951293945,16.303304462350162,17.101339881728727
SV_NewYork_40.7344_-73.9871.tif,5,24.282028198242188,26.18233299255371,10.545685137770754,12.429466595027995
SV_NewYork_40.7344_-73.9871.tif,6,19.676340103149414,19.713520050048828,5.050055112486178,7.288908715417983
SV_NewYork_40.7359_-73.9990.tif,0,19.97960662841797,20.28279685974121,10.043880197191704,10.295488589049688
SV_NewYork_40.7359_-73.9990.tif,1,0.0,0.0,3.533442335880066,3.9735998865301356
SV_NewYork_40.7359_-73.9990.tif,2,24.522235870361328,24.527605056762695,2.0,2.434387239067238
SV_NewYork_40.7359_-73.9990.tif,3,16.07573127746582,16.076950073242188,2.0,2.9370830478610372
SV_NewYork_40.7359_-73.9990.tif,5,12.310687065124512,12.319744110107422,2.0,3.0537089369989516
SV_NewYork_40.7359_-73.9990.tif,6,45.08049392700195,45.21068572998047,6.6296376385060185,7.130628183523033
SV_NewYork_40.7359_-73.9990.tif,7,16.825929641723633,16.853012084960938,2.0,2.0
SV_NewYork_40.7359_-73.9990.tif,8,20.599689483642578,20.609600067138672,2.8557103741324674,3.1983871318383654
SV_NewYork_40.7359_-73.9990.tif,9,27.101512908935547,29.923452377319336,6.611771717512234,6.8113957066324
SV_NewYork_40.7358_-73.9853.tif,0,34.21770095825195,34.219505310058594,2.0,2.0
SV_NewYork_40.7358_-73.9853.tif,1,24.659839630126953,24.726285934448242,3.3679689340040824,3.922978580870276
SV_NewYork_40.7358_-73.9853.tif,2,20.097593307495117,20.154088973999023,9.320310938324697,9.659543017475285
SV_NewYork_40.7358_-73.9853.tif,3,18.670654296875,18.68410873413086,4.79069741078241,4.622069395718317
SV_NewYork_40.7358_-73.9853.tif,4,18.33873748779297,18.350065231323242,2.0,2.0
SV_NewYork_40.7358_-73.9853.tif,5,32.64696502685547,32.671627044677734,5.697394902465449,6.246187875693114
SV_NewYork_40.7358_-73.9853.tif,6,22.087757110595703,22.179805755615234,9.332806952799242,9.702966069963923
SV_NewYork_40.7358_-73.9853.tif,7,31.947650909423828,31.995967864990234,7.261044883843112,7.773790643334451
SV_NewYork_40.7388_-74.0034.tif,0,18.905004501342773,18.92875862121582,6.727584760671383,6.759819426563889
SV_NewYork_40.7388_-74.0034.tif,1,18.58135986328125,20.580095291137695,5.450517489161054,5.558621983290451
SV_NewYork_40.7388_-74.0034.tif,2,17.195415496826172,17.200098037719727,2.0,2.580198992386048
SV_NewYork_40.7388_-74.0034.tif,3,14.983524322509766,14.989703178405762,2.667482263440654,3.1926577974337773
SV_NewYork_40.7388_-74.0034.tif,4,22.133481979370117,23.631366729736328,7.746002686711302,8.022135596694136
SV_NewYork_40.7388_-74.0034.tif,6,22.477331161499023,22.489364624023438,7.2379726686373544,7.847170730768526
SV_NewYork_40.7388_-74.0034.tif,7,11.390766143798828,11.3916597366333,2.600379105852113,3.335066766654651
SV_NewYork_40.7388_-74.0034.tif,8,20.675973892211914,20.6795597076416,5.972964842409173,6.6013629947895085
SV_NewYork_40.7333_-73.9816.tif,0,40.82305908203125,43.43701171875,26.004419666713872,27.50180657101329
SV_NewYork_40.7333_-73.9816.tif,1,40.66618728637695,41.62662887573242,6.637461594249799,9.180485371564636
SV_NewYork_40.7333_-73.9816.tif,2,44.31295394897461,56.223487854003906,18.734479887459123,20.724564470003177
SV_NewYork_40.7333_-73.9816.tif,3,37.93397521972656,40.12510299682617,12.776159181924509,15.678976943111014
SV_NewYork_40.7333_-73.9816.tif,4,39.89189147949219,42.369728088378906,17.672250782420544,20.40613569205469
SV_NewYork_40.7333_-73.9816.tif,5,43.63438415527344,56.24578857421875,21.34526722925071,23.209911881134556
SV_NewYork_40.7333_-73.9816.tif,6,40.570987701416016,43.60944747924805,25.92964094880989,27.864898066179364
SV_NewYork_40.7333_-73.9816.tif,7,37.17153549194336,39.530311584472656,19.48794956407243,21.984506037571975
SV_NewYork_40.7333_-73.9816.tif,8,39.93794631958008,43.79851150512695,21.63853861787002,23.97435479765321
SV_NewYork_40.7333_-73.9816.tif,9,38.51581954956055,43.12779998779297,25.58890296757273,27.03229308023636
SV_NewYork_40.7333_-73.9816.tif,10,39.28177261352539,39.2916259765625,7.769576750314973,11.791841128943378
SV_NewYork_40.7335_-74.0072.tif,0,26.008195877075195,26.00978660583496,2.0,2.0
SV_NewYork_40.7335_-74.0072.tif,1,17.752952575683594,17.770751953125,7.322494249298581,6.699976097134157
SV_NewYork_40.7335_-74.0072.tif,2,13.301530838012695,18.262144088745117,6.275803524687632,6.382169814677316
SV_NewYork_40.7335_-74.0072.tif,3,14.307538032531738,14.313850402832031,2.1629563004532333,2.486460599620523
SV_NewYork_40.7335_-74.0072.tif,4,22.651817321777344,22.669450759887695,4.87651573437211,4.838431005335438
SV_NewYork_40.7335_-74.0072.tif,5,18.74740982055664,18.77504539489746,4.730549297085026,4.4227074844363345
SV_NewYork_40.7335_-74.0072.tif,6,0.0,0.0,2.94164114304842,3.441018836173911
SV_NewYork_40.7335_-74.0072.tif,7,19.480356216430664,19.504520416259766,4.0751255121184045,4.256078043568537
SV_NewYork_40.7372_-73.9916.tif,0,43.4636344909668,48.062400817871094,10.098847822868079,10.000713314225344
SV_NewYork_40.7372_-73.9916.tif,1,33.51074981689453,47.587242126464844,5.90153149560091,6.720088296644226
SV_NewYork_40.7372_-73.9916.tif,2,33.20020294189453,33.220951080322266,4.109712527875892,4.970340644573953
SV_NewYork_40.7372_-73.9916.tif,3,0.0,0.0,4.4509338200103254,5.18813371959648
SV_NewYork_40.7344_-73.9853.tif,0,27.827320098876953,27.835447311401367,3.5049490969868424,4.529575188316126
SV_NewYork_40.7344_-73.9853.tif,1,28.198774337768555,28.38518524169922,18.234153571568257,18.652424897813315
SV_NewYork_40.7344_-73.9853.tif,2,19.456035614013672,19.467384338378906,3.068412095637326,4.2115187592455845
SV_NewYork_40.7344_-73.9853.tif,3,33.61371612548828,33.652000427246094,5.848552991014984,7.380217600035564
SV_NewYork_40.7344_-73.9853.tif,4,22.272621154785156,22.314489364624023,4.653644684395294,6.319930993429375
SV_NewYork_40.7344_-73.9853.tif,5,19.502843856811523,46.652278900146484,11.42457562547895,12.188360810191577
SV_NewYork_40.7335_-74.0108.tif,0,30.15806007385254,30.176807403564453,6.450693060048526,7.4063163267176035
SV_NewYork_40.7335_-74.0108.tif,1,25.739839553833008,25.761810302734375,4.841924624205781,5.6265787738151465
SV_NewYork_40.7335_-74.0108.tif,2,25.36109161376953,25.37733268737793,5.141362282610539,5.982574830573062
SV_NewYork_40.7335_-74.0108.tif,3,57.88319778442383,57.94728469848633,8.150449920736712,8.82413604456397
SV_NewYork_40.7335_-74.0108.tif,4,64.61173248291016,64.74529266357422,7.955836701680236,8.518248157040563
SV_NewYork_40.7335_-74.0108.tif,5,43.15980529785156,43.22517776489258,13.432478076055876,13.48045332879757
SV_NewYork_40.7387_-73.9971.tif,0,21.018550872802734,21.019187927246094,2.2227512166450474,3.6962534362047785
SV_NewYork_40.7387_-73.9971.tif,1,40.62929153442383,49.060386657714844,3.4310884775956048,4.898746918192374
SV_NewYork_40.7387_-73.9971.tif,2,16.90849494934082,16.920989990234375,3.13781025941422,5.02855208060815
SV_NewYork_40.7387_-73.9971.tif,4,97.88751220703125,99.3161849975586,7.892427359109072,9.68004779735595
SV_NewYork_40.7387_-73.9971.tif,5,64.45194244384766,64.47528076171875,4.035215093297407,5.954359394072246
SV_NewYork_40.7387_-73.9971.tif,6,69.16424560546875,75.69678497314453,9.92980620801379,11.299188284181534
SV_NewYork_40.7387_-73.9971.tif,7,24.15715217590332,24.99015998840332,6.81127180438123,8.342972737177583
SV_NewYork_40.7387_-73.9971.tif,8,42.14993667602539,46.13301086425781,17.65968792585619,17.30619373437745
SV_NewYork_40.7387_-73.9971.tif,9,69.00057220458984,69.0489273071289,7.455547632504725,9.283425816583708
SV_NewYork_40.7345_-74.0034.tif,0,20.483163833618164,20.491994857788086,4.34238432202539,4.60386531283078
SV_NewYork_40.7345_-74.0034.tif,1,21.06053352355957,21.06731605529785,2.172872163544586,2.896133215952892
SV_NewYork_40.7345_-74.0034.tif,2,22.2165584564209,22.70193099975586,2.0,2.0
SV_NewYork_40.7345_-74.0034.tif,3,18.74201011657715,18.750446319580078,2.195356494789907,2.896236173344345
SV_NewYork_40.7345_-74.0034.tif,4,42.99713134765625,43.006011962890625,4.365019283018804,4.234385158923362
SV_NewYork_40.7345_-74.0034.tif,5,20.346160888671875,20.361366271972656,4.745004278887043,5.111229551151404
SV_NewYork_40.7345_-74.0034.tif,6,12.7004976272583,12.718091011047363,4.806454268942086,4.665260024194278
SV_NewYork_40.7345_-74.0034.tif,7,57.8281135559082,57.85590744018555,6.554537338205171,6.566291232337297
SV_NewYork_40.7345_-74.0034.tif,8,33.22315979003906,38.06376647949219,10.9729565601415,10.416371726182945
SV_NewYork_40.7372_-73.9901.tif,0,83.22929382324219,83.27091217041016,5.3664221174745865,7.324671566616202
SV_NewYork_40.7372_-73.9901.tif,1,53.91504669189453,54.0450439453125,13.696626537846559,15.189536444000812
SV_NewYork_40.7372_-73.9901.tif,2,36.78887939453125,36.78903579711914,2.0,3.202419870782516
SV_NewYork_40.7372_-73.9901.tif,3,45.93065643310547,51.2085075378418,19.996554919764584,20.274380273450127
SV_NewYork_40.7372_-73.9901.tif,4,53.78702926635742,55.63166809082031,16.785782332317446,17.648657128199986
SV_NewYork_40.7400_-73.9815.tif,0,43.03667068481445,43.16277313232422,8.825756761797587,9.1324336051027
SV_NewYork_40.7400_-73.9815.tif,1,22.141359329223633,22.19718360900879,2.0,2.0
SV_NewYork_40.7400_-73.9815.tif,4,98.69560241699219,98.86045837402344,9.000336840374983,9.74736601136944
SV_NewYork_40.7400_-73.9815.tif,5,46.30860900878906,46.46393966674805,21.157057668054918,21.120847999407754
SV_NewYork_40.7400_-73.9815.tif,6,55.1999626159668,55.4478874206543,9.374061690541412,9.880678420156045
SV_NewYork_40.7400_-73.9815.tif,7,27.56564712524414,28.33236312866211,16.58127826515415,16.95203603973585
SV_NewYork_40.7400_-73.9815.tif,8,54.211875915527344,54.23914337158203,4.15105099791507,4.864434956944228
SV_NewYork_40.7400_-73.9815.tif,9,27.98007583618164,28.111125946044922,12.927872362812021,13.805601028700348
SV_NewYork_40.7400_-73.9815.tif,10,83.51383209228516,83.63623809814453,9.116698163860697,9.995840216673782
SV_NewYork_40.7400_-73.9815.tif,11,81.5240249633789,81.70344543457031,24.264473077080776,24.39018624671673
SV_NewYork_40.7400_-73.9815.tif,12,77.0701904296875,78.83587646484375,31.60212502817504,30.73702887159797
SV_NewYork_40.7400_-73.9815.tif,13,53.89848327636719,53.92337417602539,5.384185194814892,6.756274616936742
SV_NewYork_40.7400_-73.9815.tif,14,19.12497329711914,47.57367706298828,8.11050215944229,9.331259660792993
SV_NewYork_40.7357_-73.9797.tif,0,46.51161575317383,49.013999938964844,10.346490992938525,11.194004503988861
SV_NewYork_40.7357_-73.9797.tif,1,48.88135528564453,48.92943572998047,11.34980304267217,12.333255499259044
SV_NewYork_40.7357_-73.9797.tif,2,44.382568359375,44.39239501953125,8.93199914518271,10.196639423262667
SV_NewYork_40.7357_-73.9797.tif,3,47.104530334472656,49.07516098022461,12.660752669682013,13.326939295451886
SV_NewYork_40.7357_-73.9797.tif,4,46.76674270629883,48.80308151245117,13.707375836158079,14.518383766779655
SV_NewYork_40.7357_-73.9797.tif,5,46.95786666870117,48.337501525878906,13.261711010057358,14.30450189585879
SV_NewYork_40.7357_-73.9797.tif,6,57.958309173583984,60.05933380126953,12.230665078363568,13.239902277945554
SV_NewYork_40.7357_-73.9797.tif,7,46.877986907958984,48.54304885864258,11.646629538560688,12.692863461934966
SV_NewYork_40.7357_-73.9797.tif,8,46.456451416015625,48.828609466552734,13.48493454439727,14.281751163111574
SV_NewYork_40.7357_-73.9797.tif,9,39.452842712402344,41.99980163574219,14.3779701734576,15.609431845964073
SV_NewYork_40.7357_-73.9797.tif,10,56.11520767211914,60.6185188293457,9.779372461934557,10.999629252384423
SV_NewYork_40.7357_-73.9797.tif,11,39.6536865234375,41.65108108520508,15.037222892701834,16.1648284375477
SV_NewYork_40.7357_-73.9797.tif,12,37.37137222290039,41.34041976928711,14.484572640263279,15.583295600374772
SV_NewYork_40.7357_-73.9797.tif,13,40.84317398071289,42.59110641479492,13.623025009307039,14.718523997737172
SV_NewYork_40.7357_-73.9797.tif,14,40.098289489746094,41.800785064697266,12.291742338946642,13.756015510814908
SV_NewYork_40.7371_-73.9783.tif,0,44.818023681640625,46.008018493652344,14.244953101350191,13.695147840591586
SV_NewYork_40.7371_-73.9783.tif,1,49.44482421875,49.69839096069336,12.597013669030124,12.566520064843935
SV_NewYork_40.7371_-73.9783.tif,2,60.859130859375,60.88818359375,11.895105542808658,12.157391291144558
SV_NewYork_40.7371_-73.9783.tif,3,48.24192810058594,48.930213928222656,17.141148682125362,16.28931129004252
SV_NewYork_40.7371_-73.9783.tif,4,49.00714874267578,49.033138275146484,13.265488610114495,13.280494075354564
SV_NewYork_40.7371_-73.9783.tif,5,47.053829193115234,49.074466705322266,15.967468152790818,15.848744418597342
SV_NewYork_40.7371_-73.9783.tif,6,46.54357147216797,49.060245513916016,15.461041145827249,15.419826043975398
SV_NewYork_40.7371_-73.9783.tif,7,46.72901916503906,48.804161071777344,18.127104885351663,18.01858202874655
SV_NewYork_40.7371_-73.9783.tif,8,46.93199157714844,48.823638916015625,16.97346241421171,17.066507459354096
SV_NewYork_40.7371_-73.9783.tif,9,43.6612663269043,43.67314910888672,12.28744542718977,12.546503974362615
SV_NewYork_40.7332_-73.9784.tif,0,40.59471893310547,42.62124252319336,13.64836483194982,14.974026323759553
SV_NewYork_40.7332_-73.9784.tif,1,41.898433685302734,45.19417953491211,15.907128615251835,17.29804358182453
SV_NewYork_40.7332_-73.9784.tif,2,41.823951721191406,44.31505584716797,16.045258986654346,17.5031646990004
SV_NewYork_40.7332_-73.9784.tif,3,37.836875915527344,37.846092224121094,8.709562591682513,10.325737751961634
SV_NewYork_40.7332_-73.9784.tif,4,39.605438232421875,42.58003616333008,17.06482634207061,18.326585257002904
SV_NewYork_40.7332_-73.9784.tif,5,41.810577392578125,45.15034866333008,18.5411423315472,19.903498393284917
SV_NewYork_40.7332_-73.9784.tif,6,44.28327941894531,57.79109573364258,17.904114665738426,19.192522251331212
SV_NewYork_40.7332_-73.9784.tif,7,41.55421829223633,44.58037567138672,16.32081887895265,17.987045278297387
SV_NewYork_40.7332_-73.9784.tif,8,41.20848846435547,44.58243942260742,19.231601692339154,20.739085101429474
SV_NewYork_40.7332_-73.9784.tif,9,44.57186508178711,44.60075378417969,12.584740809928155,14.352991298478843
SV_NewYork_40.7402_-74.0034.tif,0,18.707120895385742,18.93152618408203,5.981700791943807,5.363837819394365
SV_NewYork_40.7402_-74.0034.tif,1,20.38028907775879,20.38968276977539,5.019347147217537,4.601195009044624
SV_NewYork_40.7402_-74.0034.tif,2,41.883277893066406,41.914024353027344,3.8328763327681106,4.347352347874277
SV_NewYork_40.7402_-74.0034.tif,3,14.175933837890625,19.144010543823242,2.203186213662663,2.1778246582214997
SV_NewYork_40.7402_-74.0034.tif,4,22.869386672973633,22.89942741394043,6.314126015065028,5.779374532087371
SV_NewYork_40.7402_-74.0034.tif,5,55.91796875,55.93010330200195,4.2523678412452215,3.912409942938731
SV_NewYork_40.7402_-74.0034.tif,6,35.10612869262695,41.14905548095703,8.901190375013536,8.307770018650189
SV_NewYork_40.7402_-74.0034.tif,7,20.951629638671875,20.95476531982422,2.0,2.0
SV_NewYork_40.7402_-74.0034.tif,8,18.336231231689453,18.34825897216797,2.0,2.0
SV_NewYork_40.7402_-74.0034.tif,9,21.125972747802734,21.159502029418945,5.123611703496186,5.446847988439978
SV_NewYork_40.7402_-74.0034.tif,10,27.319908142089844,27.440832138061523,12.339838733504722,11.299255311355969
SV_NewYork_40.7402_-74.0034.tif,11,20.02242660522461,20.031686782836914,4.005508116787923,3.685650328826438
SV_NewYork_40.7345_-73.9953.tif,0,43.34073257446289,43.41535949707031,7.614570644310771,7.565030020524807
SV_NewYork_40.7345_-73.9953.tif,1,47.611244201660156,47.6396369934082,2.0,2.0
SV_NewYork_40.7345_-73.9953.tif,2,50.83747482299805,56.50838088989258,8.427897340615607,8.254776636790819
SV_NewYork_40.7345_-73.9953.tif,3,33.52490997314453,33.536197662353516,2.080071984119769,2.573244854550662
SV_NewYork_40.7345_-73.9953.tif,4,59.51679611206055,59.53155517578125,3.3172165335804022,3.5791386710905053
SV_NewYork_40.7345_-73.9953.tif,5,51.60895538330078,55.93482971191406,13.452676469760146,12.868172392310248
SV_NewYork_40.7345_-73.9953.tif,6,48.27093505859375,54.88508605957031,17.79055540427757,16.346546197312485
SV_NewYork_40.7345_-73.9953.tif,7,19.957229614257812,20.06675148010254,5.871201983798319,6.31882392745017
SV_NewYork_40.7345_-73.9953.tif,8,31.51757049560547,31.55008888244629,2.644022235910212,3.295632718874759
SV_NewYork_40.7345_-73.9953.tif,9,41.04640579223633,41.05363464355469,3.2910552473074777,3.610372375385629
SV_NewYork_40.7345_-73.9953.tif,10,38.20890808105469,41.02348327636719,5.074201426692735,5.650178327318531
SV_NewYork_40.7345_-73.9953.tif,11,37.685386657714844,37.69312286376953,6.330407713982515,6.893112938655679
SV_NewYork_40.7345_-73.9953.tif,12,50.21610641479492,50.35205078125,11.91121783523945,11.498940600386762
SV_NewYork_40.7345_-73.9953.tif,13,49.54762268066406,49.610923767089844,6.97198246603232,7.192872104077019
SV_NewYork_40.7345_-73.9953.tif,14,70.99493408203125,78.5937271118164,5.378338128654795,5.935686779001515
SV_NewYork_40.7333_-73.9872.tif,0,22.201229095458984,22.241655349731445,3.2570235443339683,4.075311473498348
SV_NewYork_40.7333_-73.9872.tif,1,19.084049224853516,30.41326904296875,2.0,2.0
SV_NewYork_40.7333_-73.9872.tif,2,22.405242919921875,22.415821075439453,2.0,2.0
SV_NewYork_40.7333_-73.9872.tif,3,27.153770446777344,27.187185287475586,3.1836672364074836,3.961496820517989
SV_NewYork_40.7333_-73.9872.tif,4,27.624727249145508,31.40803337097168,8.572846162266792,9.545683783594432
SV_NewYork_40.7333_-73.9872.tif,5,22.63184928894043,22.63959312438965,2.0,2.0
SV_NewYork_40.7333_-73.9872.tif,6,24.12344741821289,24.139266967773438,2.430136856922351,3.544798499070624
SV_NewYork_40.7333_-73.9872.tif,7,44.8134765625,44.873626708984375,3.811828479440927,5.25627252249331
SV_NewYork_40.7333_-73.9872.tif,8,22.86130714416504,22.90272331237793,2.5452882206868974,3.8985655843443725
SV_NewYork_40.7333_-73.9872.tif,9,24.89190673828125,29.35979461669922,15.924039006897177,15.738582371088619
SV_NewYork_40.7333_-73.9872.tif,10,58.257442474365234,60.578399658203125,12.619956185607599,12.59983957703517
SV_NewYork_40.7333_-73.9872.tif,12,40.492591857910156,40.54728317260742,9.970423411575975,10.830922465849673
SV_NewYork_40.7372_-73.9853.tif,0,22.139509201049805,22.17025375366211,10.537955675697583,10.86096830905261
SV_NewYork_40.7372_-73.9853.tif,1,31.19393539428711,31.21164321899414,2.183142495829083,3.451650232134301
SV_NewYork_40.7372_-73.9853.tif,2,40.41901397705078,40.509429931640625,12.666391219943467,13.047902991589256
SV_NewYork_40.7372_-73.9853.tif,3,36.78070831298828,39.70814514160156,9.222218867834856,9.745774080157403
SV_NewYork_40.7372_-73.9853.tif,4,74.33853149414062,74.34192657470703,2.0,2.779477348169557
SV_NewYork_40.7372_-73.9853.tif,5,60.585445404052734,60.666297912597656,14.487648613429824,15.13391310739081
SV_NewYork_40.7372_-73.9853.tif,6,65.42565155029297,65.51945495605469,7.417354574041492,7.841400876376842
SV_NewYork_40.7372_-73.9853.tif,7,41.65595245361328,41.67991256713867,2.0,3.339228316445708
SV_NewYork_40.7372_-73.9853.tif,8,30.234464645385742,30.263500213623047,3.73971812963819,4.901679777328896
SV_NewYork_40.7372_-73.9853.tif,9,34.9243278503418,34.939292907714844,3.3459749552166365,5.066521705306279
SV_NewYork_40.7372_-73.9853.tif,10,25.031160354614258,25.194869995117188,8.498893214088348,9.645799497888543
SV_NewYork_40.7372_-73.9853.tif,11,21.10133934020996,21.19545555114746,7.967222199586473,9.231428907079563
SV_NewYork_40.7372_-73.9853.tif,12,14.746400833129883,14.760055541992188,3.177033561688895,4.797615137358443
SV_NewYork_40.7372_-73.9853.tif,13,21.09100341796875,21.12822151184082,3.655357668339553,5.405954425306107
SV_NewYork_40.7372_-73.9853.tif,14,21.801305770874023,21.854501724243164,11.149902427581981,11.645276070214507
SV_NewYork_40.7372_-73.9853.tif,15,47.16632080078125,50.491024017333984,11.544664001096901,12.218932318528832
SV_NewYork_40.7372_-73.9853.tif,16,32.660919189453125,32.67477798461914,2.510734775799204,4.229893140602047
SV_NewYork_40.7358_-73.9871.tif,0,15.424484252929688,15.46151065826416,2.5718368185275526,2.938398169176189
SV_NewYork_40.7358_-73.9871.tif,1,64.0378646850586,68.15218353271484,15.734552582590561,15.408257800524604
SV_NewYork_40.7358_-73.9871.tif,2,21.063512802124023,21.091398239135742,4.431123624677797,4.046077247409593
SV_NewYork_40.7358_-73.9871.tif,3,32.68596267700195,32.69921112060547,2.0,2.013800647514177
SV_NewYork_40.7358_-73.9871.tif,4,18.801259994506836,18.8184814453125,4.192286843913209,5.097958643825885
SV_NewYork_40.7358_-73.9871.tif,5,22.12305450439453,22.169069290161133,2.5737151154447435,3.3346417218246325
SV_NewYork_40.7358_-73.9871.tif,6,28.332674026489258,28.340511322021484,2.0,2.0
SV_NewYork_40.7358_-73.9871.tif,8,58.16997146606445,58.17243957519531,2.965650738083843,3.0682713721195647
SV_NewYork_40.7358_-73.9871.tif,9,26.43604278564453,26.460466384887695,5.258824125548021,5.74398933561321
SV_NewYork_40.7358_-73.9871.tif,10,24.227304458618164,25.198728561401367,11.080226112468402,11.014996914899134
SV_NewYork_40.7358_-73.9871.tif,11,0.0,0.0,2.0,3.220630578574057
SV_NewYork_40.7358_-73.9871.tif,12,50.65882110595703,56.7049446105957,10.558796040758361,10.85743471787075
SV_NewYork_40.7358_-73.9871.tif,13,48.11435317993164,48.20307159423828,7.875263650964927,7.987140523328729
SV_NewYork_40.7357_-73.9783.tif,0,48.884464263916016,48.92976379394531,7.50493278490843,7.435262536053152
SV_NewYork_40.7357_-73.9783.tif,1,44.383209228515625,44.391578674316406,3.844312011585857,4.123455967821555
SV_NewYork_40.7357_-73.9783.tif,2,49.01459884643555,49.03403091430664,6.720201844915515,6.875418234429996
SV_NewYork_40.7357_-73.9783.tif,3,48.32902145385742,49.07535934448242,8.95016699364701,8.769100809886886
SV_NewYork_40.7357_-73.9783.tif,4,48.83844757080078,49.060909271240234,6.786988817351643,7.1415140426602965
SV_NewYork_40.7357_-73.9783.tif,5,46.77252197265625,48.803279876708984,11.6655677248115,11.47628675746107
SV_NewYork_40.7357_-73.9783.tif,6,46.82323455810547,48.822757720947266,9.244099486824503,9.136576241553808
SV_NewYork_40.7357_-73.9783.tif,7,46.71452331542969,48.5434455871582,9.734914731675792,9.616159692842169
SV_NewYork_40.7357_-73.9783.tif,8,44.03718566894531,48.261009216308594,8.690988034190113,8.228428699899553
SV_NewYork_40.7357_-73.9783.tif,9,47.372718811035156,48.82876968383789,8.490201638426441,8.7216684144936
SV_NewYork_40.7357_-73.9783.tif,10,0.0,0.0,11.6391256702609,11.618734267956912
SV_NewYork_40.7357_-73.9783.tif,11,57.98632049560547,60.61867904663086,9.157188507585976,9.361835969531837
SV_NewYork_40.7357_-73.9783.tif,12,46.43334197998047,48.896575927734375,11.290402498097382,11.281594456839176
SV_NewYork_40.7357_-73.9783.tif,13,39.74815368652344,41.65135955810547,12.052959476508576,12.239402898758026
SV_NewYork_40.7357_-73.9783.tif,14,58.1541748046875,61.699222564697266,10.773322010600014,10.732922086401851
SV_NewYork_40.7357_-73.9783.tif,15,40.14309310913086,42.59138107299805,12.38484407361693,12.477231571518017
SV_NewYork_40.7357_-73.9783.tif,16,36.888641357421875,36.98661422729492,2.0,2.554477034338067
SV_NewYork_40.7357_-73.9783.tif,17,36.838993072509766,36.84204864501953,3.652520599820508,4.772248891464408
SV_NewYork_40.7334_-74.0020.tif,0,21.04618263244629,22.185100555419922,4.554072824402386,4.110527012823308
SV_NewYork_40.7334_-74.0020.tif,1,14.615673065185547,16.913461685180664,5.960193083069379,5.231017639498007
SV_NewYork_40.7334_-74.0020.tif,2,15.99910831451416,16.028186798095703,7.219910656111342,6.26821345220285
SV_NewYork_40.7334_-74.0020.tif,3,20.160968780517578,20.18499755859375,4.867954120691467,4.5773050693982675
SV_NewYork_40.7334_-74.0020.tif,4,18.07378387451172,18.084611892700195,2.554081254055312,2.241601046984652
SV_NewYork_40.7334_-74.0020.tif,5,9.403998374938965,9.544057846069336,4.801974791562124,4.184844868394195
SV_NewYork_40.7334_-74.0020.tif,6,19.03891372680664,19.048229217529297,3.1934458965856614,2.873410314998795
SV_NewYork_40.7334_-74.0020.tif,7,19.15007781982422,19.667383193969727,3.895704936180673,3.975554227391446
SV_NewYork_40.7334_-74.0020.tif,8,29.122722625732422,29.147048950195312,5.611104092826643,4.998514513200907
SV_NewYork_40.7334_-74.0020.tif,9,26.076086044311523,26.1195011138916,8.066579908842797,7.300377658474307
SV_NewYork_40.7334_-74.0020.tif,10,22.38327407836914,22.40718650817871,6.235503253004518,5.710331388965051
SV_NewYork_40.7334_-74.0020.tif,11,64.32386779785156,64.35064697265625,7.046440076631343,6.364794656537907
SV_NewYork_40.7334_-74.0020.tif,12,11.664158821105957,11.668400764465332,2.0,2.0
SV_NewYork_40.7334_-74.0020.tif,13,17.389816284179688,17.862276077270508,4.542773646513228,3.4099256449912074
SV_NewYork_40.7334_-74.0020.tif,14,19.68129539489746,19.69157600402832,2.0927999401778656,2.0
SV_NewYork_40.7334_-74.0020.tif,15,63.886627197265625,63.89972686767578,4.489373895015106,3.9071719768050572
SV_NewYork_40.7334_-74.0020.tif,17,21.7266902923584,21.728424072265625,2.0,2.0
SV_NewYork_40.7333_-73.9853.tif,0,30.385923385620117,30.411977767944336,3.6569744920410603,5.460167862146563
SV_NewYork_40.7333_-73.9853.tif,2,15.916996002197266,15.929590225219727,2.0,3.8431717782657957
SV_NewYork_40.7333_-73.9853.tif,3,28.010684967041016,28.015195846557617,4.021559863421561,5.459277455029775
SV_NewYork_40.7333_-73.9853.tif,4,19.471439361572266,19.4866886138916,5.458425436896689,6.9742665955824
SV_NewYork_40.7333_-73.9853.tif,5,30.451187133789062,32.13790512084961,8.166722957975242,9.791039110869471
SV_NewYork_40.7333_-73.9853.tif,6,28.414051055908203,28.494035720825195,4.886974730979784,6.854587054478591
SV_NewYork_40.7333_-73.9853.tif,7,28.104387283325195,28.130590438842773,8.16765508618506,10.127210101987334
SV_NewYork_40.7333_-73.9853.tif,8,22.63848304748535,22.651914596557617,2.0,3.8266364775720456
SV_NewYork_40.7333_-73.9853.tif,9,22.35079002380371,22.423521041870117,4.917585753126724,6.876082028881036
SV_NewYork_40.7333_-73.9853.tif,10,46.878990173339844,55.814449310302734,22.06095786537078,22.113002966234205
SV_NewYork_40.7333_-73.9853.tif,11,44.820011138916016,44.88020324707031,12.685451979121359,14.105785756199172
SV_NewYork_40.7333_-73.9853.tif,12,21.296411514282227,27.941984176635742,15.210632916360531,16.24645737665832
SV_NewYork_40.7333_-73.9853.tif,13,58.220218658447266,60.57810974121094,16.559615528616305,17.425469882741837
SV_NewYork_40.7333_-73.9853.tif,14,12.754090309143066,12.755444526672363,2.229309707296702,4.772139617094575
SV_NewYork_40.7373_-73.9953.tif,0,75.86302185058594,75.88069915771484,3.318910895159777,4.308199833690979
SV_NewYork_40.7373_-73.9953.tif,1,74.564697265625,85.45665740966797,3.507807145755409,4.476498110702816
SV_NewYork_40.7373_-73.9953.tif,3,37.89665985107422,37.897674560546875,2.0,2.0
SV_NewYork_40.7373_-73.9953.tif,4,42.85798263549805,42.87186813354492,2.0,2.0
SV_NewYork_40.7373_-73.9953.tif,5,29.963502883911133,29.965322494506836,2.0899894597278497,3.037814708555077
SV_NewYork_40.7373_-73.9953.tif,6,56.31134796142578,56.35358428955078,4.021259983268406,5.012441132531829
SV_NewYork_40.7373_-73.9953.tif,7,42.532920837402344,42.53484344482422,2.0,2.0
SV_NewYork_40.7373_-73.9953.tif,8,69.22718048095703,69.24671173095703,4.7385056940475225,5.6506238055090625
SV_NewYork_40.7373_-73.9953.tif,9,68.61239624023438,68.63219451904297,4.64730825926255,5.890991538178793
SV_NewYork_40.7373_-73.9953.tif,10,50.21419906616211,50.28120040893555,7.655301765040719,8.704277592771511
SV_NewYork_40.7373_-73.9953.tif,11,72.04582214355469,72.14427185058594,11.682934357536045,12.372558720190973
SV_NewYork_40.7373_-73.9953.tif,12,50.2292594909668,54.68266677856445,14.983488392188699,14.896146501835497
SV_NewYork_40.7373_-73.9953.tif,13,27.518787384033203,28.687036514282227,9.768495136534915,10.152962927259379
SV_NewYork_40.7373_-73.9953.tif,14,81.70278930664062,81.70521545410156,4.818817589064435,5.246406588980486
SV_NewYork_40.7385_-73.9797.tif,0,18.54415512084961,18.559181213378906,3.304993125113513,3.734443566356762
SV_NewYork_40.7385_-73.9797.tif,1,81.52918243408203,81.71012115478516,17.583964232901902,17.374768201748594
SV_NewYork_40.7385_-73.9797.tif,2,62.77614212036133,65.88875579833984,25.147957242162953,23.788357250580386
SV_NewYork_40.7385_-73.9797.tif,3,40.15161895751953,40.2280158996582,15.152590457529515,14.94361616774616
SV_NewYork_40.7385_-73.9797.tif,4,69.82647705078125,69.85911560058594,2.1399953494171697,3.3993192523460385
SV_NewYork_40.7385_-73.9797.tif,5,81.96630859375,82.37067413330078,9.933880712672003,10.070364760955176
SV_NewYork_40.7385_-73.9797.tif,6,71.9844970703125,72.04879760742188,3.700191430696891,4.280749928215527
SV_NewYork_40.7385_-73.9797.tif,7,16.37751579284668,16.761886596679688,9.345362383986057,9.539978398228701
SV_NewYork_40.7385_-73.9797.tif,9,19.35970115661621,19.40021514892578,7.520644934669038,7.7606462281019315
SV_NewYork_40.7385_-73.9797.tif,10,48.13524627685547,48.69142532348633,22.614344980324898,21.528752667080898
SV_NewYork_40.7385_-73.9797.tif,11,44.58579635620117,44.59374237060547,9.689803151182474,9.975649967996711
SV_NewYork_40.7385_-73.9797.tif,12,0.0,0.0,2.455987807902014,3.114145362758631
SV_NewYork_40.7345_-73.9934.tif,0,55.75086975097656,55.764957427978516,2.0,2.3314411505828545
SV_NewYork_40.7345_-73.9934.tif,1,51.533443450927734,51.53890609741211,2.0,2.401825800453743
SV_NewYork_40.7345_-73.9934.tif,2,48.43757629394531,54.88151168823242,7.4544879402609725,8.75732626350162
SV_NewYork_40.7345_-73.9934.tif,3,49.448184967041016,49.484375,2.922727481542122,4.43652316812297
SV_NewYork_40.7345_-73.9934.tif,4,31.524669647216797,31.532028198242188,2.5296872762696427,3.6961261187360064
SV_NewYork_40.7345_-73.9934.tif,5,38.90525436401367,45.06295394897461,10.591923291881203,11.889054149055323
SV_NewYork_40.7345_-73.9934.tif,6,25.71605110168457,25.717069625854492,3.3732809336743514,4.022489858385824
SV_NewYork_40.7345_-73.9934.tif,7,41.33917236328125,41.34818649291992,5.16940133337217,6.247359201022833
SV_NewYork_40.7345_-73.9934.tif,8,26.728857040405273,26.737672805786133,9.123498195919115,9.884142098092687
SV_NewYork_40.7345_-73.9934.tif,9,36.27544403076172,36.279178619384766,2.628267983928053,4.252527935359551
SV_NewYork_40.7345_-73.9934.tif,10,50.220272064208984,50.35567855834961,12.237035938725578,12.571574997228923
SV_NewYork_40.7345_-73.9934.tif,11,64.73872375488281,64.78253936767578,6.693646619101974,8.166960758265304
SV_NewYork_40.7386_-73.9852.tif,0,20.95965576171875,20.961551666259766,2.0,4.211214215255432
SV_NewYork_40.7386_-73.9852.tif,1,22.153642654418945,26.507915496826172,7.4988377966449775,9.480096449415981
SV_NewYork_40.7386_-73.9852.tif,2,37.02850341796875,37.03326416015625,2.0,3.823149202813746
SV_NewYork_40.7386_-73.9852.tif,3,40.37689208984375,42.57265090942383,14.32982538713548,15.789870303749852
SV_NewYork_40.7386_-73.9852.tif,4,77.23086547851562,79.16116333007812,8.049133461240526,10.196672293877741
SV_NewYork_40.7386_-73.9852.tif,5,37.082923889160156,37.09207534790039,2.5126477660629742,4.975512410979893
SV_NewYork_40.7360_-74.0090.tif,0,13.113120079040527,16.04566764831543,6.748024975123023,6.801193314515486
SV_NewYork_40.7360_-74.0090.tif,1,0.0,0.0,6.069770782155798,5.849647798740389
SV_NewYork_40.7360_-74.0090.tif,2,0.0,10.884443283081055,4.897687383256102,4.7305731719045605
SV_NewYork_40.7360_-74.0090.tif,3,17.69546127319336,18.799293518066406,4.734870640131927,4.499123915487604
SV_NewYork_40.7360_-74.0090.tif,4,20.529064178466797,23.507404327392578,6.759225243810144,6.277919338893466
SV_NewYork_40.7360_-74.0090.tif,5,20.036998748779297,20.05853271484375,2.626813459747307,2.7987060068585325
SV_NewYork_40.7360_-74.0090.tif,6,14.178077697753906,14.189007759094238,4.763247362832686,4.8839255417719984
SV_NewYork_40.7372_-73.9871.tif,0,20.565282821655273,20.59234619140625,2.0,4.067882537416035
SV_NewYork_40.7372_-73.9871.tif,1,63.958709716796875,68.15312957763672,15.28546802319736,16.683026385379335
SV_NewYork_40.7372_-73.9871.tif,2,29.02123260498047,32.58113098144531,3.8897445243949536,5.580015610475544
SV_NewYork_40.7372_-73.9871.tif,3,23.667617797851562,24.042726516723633,5.618886846662858,7.384250687969707
SV_NewYork_40.7387_-73.9952.tif,0,48.14466857910156,48.162696838378906,3.0365324461624965,5.548893629944655
SV_NewYork_40.7387_-73.9952.tif,1,82.47422790527344,85.44200897216797,2.0,4.313850872848561
SV_NewYork_40.7387_-73.9952.tif,3,75.82121276855469,77.92625427246094,19.854457441851444,19.584913961568756
SV_NewYork_40.7387_-73.9952.tif,4,36.992462158203125,37.000221252441406,3.0991832418757976,5.171860324596429
SV_NewYork_40.7387_-73.9952.tif,5,85.40028381347656,85.45719146728516,11.373672730574857,13.200724390022843
SV_NewYork_40.7387_-73.9952.tif,6,66.39131164550781,69.04568481445312,9.09013119607095,10.704835966534006
SV_NewYork_40.7358_-73.9834.tif,0,13.324585914611816,13.357515335083008,2.0,2.0
SV_NewYork_40.7358_-73.9834.tif,2,18.708446502685547,18.7662410736084,8.04086289682344,7.858578901912172
SV_NewYork_40.7358_-73.9834.tif,3,21.251020431518555,21.259323120117188,2.0,2.0
SV_NewYork_40.7358_-73.9834.tif,4,15.769837379455566,21.964384078979492,5.459785682505083,6.137747133023029
SV_NewYork_40.7358_-73.9834.tif,5,12.957590103149414,12.981772422790527,3.809647270135291,4.658210892949115
SV_NewYork_40.7358_-73.9834.tif,6,76.11434173583984,76.1580581665039,7.622605633223074,7.992688702803275
SV_NewYork_40.7358_-73.9834.tif,7,58.999122619628906,59.018924713134766,5.94561321677095,6.4460228625736
SV_NewYork_40.7358_-73.9834.tif,8,36.1420783996582,37.339576721191406,8.21423968081179,8.327760141085655
SV_NewYork_40.7334_-73.9935.tif,0,50.81832504272461,55.767547607421875,3.3589299219115993,3.5080210718161426
SV_NewYork_40.7334_-73.9935.tif,1,69.69776153564453,69.7166748046875,6.353133096082863,6.151282486702917
SV_NewYork_40.7334_-73.9935.tif,2,48.345218658447266,54.8597412109375,4.619556265109045,5.535178168762111
SV_NewYork_40.7334_-73.9935.tif,3,42.40330505371094,42.43935775756836,6.851555619906122,7.689641114155049
SV_NewYork_40.7334_-73.9935.tif,4,26.44710350036621,26.710548400878906,2.0,2.3982250337677424
SV_NewYork_40.7334_-73.9935.tif,5,40.319637298583984,50.355682373046875,14.029658229287856,14.247215027284852
SV_NewYork_40.7334_-73.9935.tif,6,64.7459945678711,64.78252410888672,5.070192137232748,5.6735738392093955
SV_NewYork_40.7334_-73.9935.tif,7,50.23662567138672,51.41471862792969,2.0,2.593684807164328
SV_NewYork_40.7334_-73.9935.tif,8,39.2596435546875,39.29657745361328,4.502509934724757,5.543233710593134
SV_NewYork_40.7334_-73.9935.tif,9,42.88874053955078,43.99348068237305,3.98281775547483,4.981250478536665
SV_NewYork_40.7334_-73.9935.tif,10,19.71402359008789,36.90342712402344,20.835359658570418,19.869206064815344
SV_NewYork_40.7334_-73.9935.tif,11,63.8271598815918,69.5419921875,11.75197985157138,12.398606935817451
SV_NewYork_40.7334_-73.9935.tif,12,47.872406005859375,47.88262939453125,4.445112711903985,5.268166942686535
SV_NewYork_40.7344_-73.9902.tif,0,101.34148406982422,144.93035888671875,12.34441130237369,12.681492836113751
SV_NewYork_40.7344_-73.9902.tif,1,43.01270294189453,43.42888259887695,14.342904585263959,15.783687028133704
SV_NewYork_40.7344_-73.9902.tif,2,42.095008850097656,52.09610366821289,7.90953517507564,10.174688388457843
SV_NewYork_40.7344_-73.9902.tif,3,23.519315719604492,23.540119171142578,3.0310532722092276,5.549469894824628
SV_NewYork_40.7344_-73.9902.tif,4,16.852487564086914,16.877399444580078,3.4422419972158247,5.670062235246683
SV_NewYork_40.7344_-73.9902.tif,5,87.78358459472656,87.84371948242188,6.687913384684537,8.138846753967414
SV_NewYork_40.7344_-73.9902.tif,6,22.445817947387695,22.46001434326172,2.0,3.7392594873504086
SV_NewYork_40.7387_-73.9989.tif,0,27.575481414794922,27.580528259277344,3.255160732881375,3.040688112386272
SV_NewYork_40.7387_-73.9989.tif,1,55.2425422668457,55.256893157958984,5.634652642128708,5.2257916901656625
SV_NewYork_40.7387_-73.9989.tif,2,17.900053024291992,17.925392150878906,7.611934843918153,6.712164372187529
SV_NewYork_40.7387_-73.9989.tif,3,14.774127960205078,40.436954498291016,5.152585464506227,4.598372353477319
SV_NewYork_40.7387_-73.9989.tif,4,22.416406631469727,22.42690658569336,2.4620086721229875,2.7279213750595073
SV_NewYork_40.7387_-73.9989.tif,5,64.50526428222656,64.52737426757812,4.8971901373631495,4.647420263886863
SV_NewYork_40.7387_-73.9989.tif,7,23.22121238708496,23.23545265197754,6.619612463977958,5.998913937507566
SV_NewYork_40.7387_-73.9989.tif,8,21.382558822631836,21.396528244018555,6.40859731384128,7.060882678122711
SV_NewYork_40.7387_-73.9989.tif,9,54.34892654418945,54.38623046875,5.957641414934329,5.65135487763985
SV_NewYork_40.7387_-73.9989.tif,10,46.08628845214844,46.13301086425781,7.425558523533509,6.713038214161383
SV_NewYork_40.7387_-73.9989.tif,11,69.33735656738281,69.34770202636719,4.998566811404491,4.901159644591574
SV_NewYork_40.7387_-73.9989.tif,12,61.363243103027344,61.364593505859375,3.966054239035447,3.5294337032438543
SV_NewYork_40.7373_-73.9989.tif,0,23.22027015686035,23.23545265197754,6.577215009348652,7.329473205014732
SV_NewYork_40.7373_-73.9989.tif,1,17.855594635009766,17.856948852539062,2.0,3.4414564644750714
SV_NewYork_40.7373_-73.9989.tif,2,37.514610290527344,49.08370590209961,10.368608655359562,11.058353894446402
SV_NewYork_40.7373_-73.9989.tif,3,21.99521827697754,22.01083755493164,2.837008658671886,3.708707365480376
SV_NewYork_40.7373_-73.9989.tif,4,16.071636199951172,16.074878692626953,2.0,3.2241537568200718
SV_NewYork_40.7373_-73.9989.tif,5,22.748289108276367,22.76031494140625,2.3168580573302204,3.836107952234655
SV_NewYork_40.7373_-73.9989.tif,6,12.345592498779297,12.357227325439453,2.9948663970095346,4.9273029619097555
SV_NewYork_40.7373_-73.9989.tif,7,20.623001098632812,20.636539459228516,2.5997814846308973,3.6165402400044373
SV_NewYork_40.7358_-73.9902.tif,0,50.31295394897461,50.34532928466797,5.674569033138844,7.679056026228822
SV_NewYork_40.7358_-73.9902.tif,1,45.95441818237305,45.97747802734375,4.537654381523797,6.470010704388167
SV_NewYork_40.7358_-73.9902.tif,2,55.53276062011719,55.632049560546875,4.5683903094553635,6.350224054228377
SV_NewYork_40.7358_-73.9902.tif,3,47.82826614379883,47.856971740722656,4.112954224604825,5.954610024265956
SV_NewYork_40.7358_-73.9902.tif,4,18.608844757080078,18.646102905273438,2.0,4.379346622340013
SV_NewYork_40.7358_-73.9902.tif,5,101.28172302246094,144.93002319335938,16.784624253290477,16.489177012152172
SV_NewYork_40.7358_-73.9902.tif,6,43.04690170288086,43.182769775390625,6.219053715125872,7.572989303220156
SV_NewYork_40.7386_-73.9871.tif,0,22.025327682495117,95.74150848388672,5.177429178547006,6.2581143623928375
SV_NewYork_40.7386_-73.9871.tif,1,32.26106262207031,32.26136016845703,3.3242990520054825,4.151049432857737
SV_NewYork_40.7386_-73.9871.tif,3,16.111791610717773,17.900453567504883,3.734114793776289,4.32098424724865
SV_NewYork_40.7386_-73.9871.tif,4,47.613609313964844,50.61668395996094,9.551594622730168,10.21062113239695
SV_NewYork_40.7386_-73.9871.tif,5,16.434125900268555,16.44891929626465,3.8395343515345894,5.261166229970676
SV_NewYork_40.7388_-74.0089.tif,0,18.47580337524414,18.522937774658203,3.324284761054086,2.0
SV_NewYork_40.7388_-74.0089.tif,2,37.50952911376953,44.27500534057617,2.968808725899118,2.0
SV_NewYork_40.7388_-74.0089.tif,4,26.85584831237793,26.874034881591797,2.460266035171342,2.0
SV_NewYork_40.7388_-74.0089.tif,6,21.460891723632812,21.470378875732422,2.0,2.0
SV_NewYork_40.7388_-74.0089.tif,7,12.14549446105957,12.149406433105469,2.7783452051130553,2.0
SV_NewYork_40.7388_-74.0089.tif,8,27.68185043334961,30.096628189086914,8.095073954464404,6.579889539408959
SV_NewYork_40.7388_-74.0089.tif,9,15.046101570129395,15.060026168823242,4.1969812210742585,2.06638432275847
SV_NewYork_40.7388_-74.0089.tif,11,17.032163619995117,17.041391372680664,3.031596765332358,2.0
SV_NewYork_40.7388_-74.0089.tif,12,17.04850959777832,17.059276580810547,2.341886266189963,2.0
SV_NewYork_40.7388_-74.0089.tif,13,12.79644775390625,12.801396369934082,3.3362508151383263,2.0
SV_NewYork_40.7388_-74.0089.tif,14,28.89858055114746,29.546661376953125,11.177126646430668,9.429124292266339
SV_NewYork_40.7388_-74.0089.tif,15,49.813446044921875,52.381690979003906,10.550460773983527,8.264758231962299
SV_NewYork_40.7388_-74.0089.tif,16,13.60863208770752,13.6333646774292,5.430099392110913,3.871580868817345
SV_NewYork_40.7388_-74.0089.tif,17,31.388517379760742,31.42040252685547,5.478632960865321,4.121615667632033
SV_NewYork_40.7388_-74.0089.tif,18,12.233145713806152,12.249505043029785,3.527082177673539,2.6461903811709853
SV_NewYork_40.7388_-74.0089.tif,19,14.485481262207031,14.514457702636719,6.128017590375924,4.554898541265378
SV_NewYork_40.7344_-73.9835.tif,0,76.09313201904297,76.10340881347656,3.446722699862228,3.360637373046475
SV_NewYork_40.7344_-73.9835.tif,1,38.48141098022461,40.58742904663086,8.871773741003615,8.155560764791831
SV_NewYork_40.7344_-73.9835.tif,2,58.48377227783203,58.4991569519043,2.7073619738550345,2.257056800601509
SV_NewYork_40.7344_-73.9835.tif,3,52.807029724121094,58.845924377441406,2.698620161398301,2.876813745840108
SV_NewYork_40.7344_-73.9835.tif,4,26.234878540039062,27.82892417907715,2.108362471581602,2.0
SV_NewYork_40.7344_-73.9835.tif,5,52.6939811706543,52.71344757080078,5.7259453977001735,5.629540519636505
SV_NewYork_40.7344_-73.9835.tif,6,37.93912124633789,40.123756408691406,11.213131009128247,11.066060057321506
SV_NewYork_40.7344_-73.9835.tif,7,28.619935989379883,28.833555221557617,12.975530207065315,12.157559119232328
SV_NewYork_40.7344_-73.9835.tif,8,28.296052932739258,28.341032028198242,3.7078625175671913,3.990527362532519
SV_NewYork_40.7344_-73.9835.tif,9,38.380672454833984,42.88037872314453,16.941573704779067,15.606729517404975
SV_NewYork_40.7344_-73.9835.tif,10,22.659334182739258,22.68331527709961,2.1050038812848495,2.14880244678171
SV_NewYork_40.7344_-73.9835.tif,11,22.341079711914062,22.398881912231445,4.262666602279952,4.284047258118799
SV_NewYork_40.7344_-73.9835.tif,12,39.839271545410156,42.37196731567383,15.56235320930031,14.855984645545181
SV_NewYork_40.7344_-73.9835.tif,13,25.49386978149414,25.56667137145996,9.364625906617372,8.900063446559649
SV_NewYork_40.7344_-73.9835.tif,14,37.74334716796875,37.751705169677734,6.134007051450637,6.60218017392504
SV_NewYork_40.7373_-74.0034.tif,0,23.19082260131836,23.19557762145996,4.140188927498,4.51414532570521
SV_NewYork_40.7373_-74.0034.tif,1,21.57403564453125,21.68236541748047,7.701378138748778,7.610915312709575
SV_NewYork_40.7373_-74.0034.tif,2,19.763652801513672,19.766090393066406,2.0,2.412441215146078
SV_NewYork_40.7373_-74.0034.tif,4,12.889927864074707,20.8306827545166,2.0,2.0
SV_NewYork_40.7373_-74.0034.tif,5,24.47601890563965,24.492521286010742,2.6701326580893365,2.9551144684493735
SV_NewYork_40.7373_-74.0034.tif,6,14.299638748168945,14.724701881408691,2.315174679682645,3.0211203753024094
SV_NewYork_40.7402_-74.0089.tif,0,0.0,0.0,2.974764511817602,2.2477865004721913
SV_NewYork_40.7402_-74.0089.tif,2,0.0,0.0,4.59739006218545,3.106847107555234
SV_NewYork_40.7402_-74.0089.tif,3,41.12844467163086,49.292869567871094,5.716053446504913,4.532336792993247
SV_NewYork_40.7402_-74.0089.tif,4,9.995468139648438,10.005141258239746,2.683653165842621,2.0
SV_NewYork_40.7402_-74.0089.tif,5,9.967529296875,9.967794418334961,2.0,2.0
SV_NewYork_40.7402_-74.0089.tif,6,13.516989707946777,13.529341697692871,2.4235091973741287,2.0
SV_NewYork_40.7402_-74.0089.tif,7,22.027402877807617,22.02957534790039,2.0,2.0
SV_NewYork_40.7402_-74.0089.tif,8,24.98757553100586,25.021326065063477,7.437704220895924,5.979633703976239
SV_NewYork_40.7402_-74.0089.tif,9,18.384923934936523,18.394479751586914,3.873802736024949,2.5430086600250608
SV_NewYork_40.7402_-74.0089.tif,10,51.81724548339844,51.825103759765625,4.722481432205004,3.932152871036826
SV_NewYork_40.7402_-74.0089.tif,11,51.68313217163086,51.7414665222168,10.267301256640813,9.09266238464961
SV_NewYork_40.7402_-74.0089.tif,12,27.642120361328125,27.70058822631836,6.300075867096215,5.330119776561138
SV_NewYork_40.7402_-74.0089.tif,13,21.55130958557129,21.61376953125,9.58960082860734,8.654275577926153
SV_NewYork_40.7402_-74.0089.tif,14,26.84293556213379,26.892784118652344,10.734955336222624,8.844895185686429
SV_NewYork_40.7402_-74.0089.tif,15,33.10320281982422,33.16272735595703,6.79127659910835,5.643461011500267
SV_NewYork_40.7402_-74.0089.tif,16,19.756027221679688,19.776134490966797,4.14145121229841,3.4043488450329447
SV_NewYork_40.7333_-73.9798.tif,0,36.42229461669922,36.426639556884766,2.224140307099498,3.8307027629957924
SV_NewYork_40.7333_-73.9798.tif,1,38.59682083129883,41.630714416503906,12.52849887879798,13.04809528668352
SV_NewYork_40.7333_-73.9798.tif,2,39.057525634765625,40.580928802490234,2.2678744801450588,3.720575673362327
SV_NewYork_40.7333_-73.9798.tif,3,41.3903923034668,45.048851013183594,15.286154039120879,16.123301528944395
SV_NewYork_40.7333_-73.9798.tif,4,43.9297981262207,56.22501754760742,17.613503352136078,18.389104402126396
SV_NewYork_40.7333_-73.9798.tif,5,41.76123046875,44.314781188964844,18.616753001269828,18.71316265547242
SV_NewYork_40.7333_-73.9798.tif,6,42.12363052368164,44.92440414428711,16.245929635755736,17.086477497822024
SV_NewYork_40.7333_-73.9798.tif,7,41.440311431884766,56.24441146850586,20.40393180158278,20.893167083479486
SV_NewYork_40.7333_-73.9798.tif,8,39.440711975097656,39.45219421386719,12.481328275608051,13.948253391253566
SV_NewYork_40.7333_-73.9798.tif,9,38.28493881225586,38.30121612548828,14.707140100896465,15.782766005220406
SV_NewYork_40.7333_-73.9798.tif,10,39.5839729309082,43.800025939941406,22.406336223832746,23.047764950867816
SV_NewYork_40.7333_-73.9798.tif,11,40.993896484375,44.581634521484375,19.21776805351913,19.988086780596618
SV_NewYork_40.7333_-73.9798.tif,12,41.58646011352539,44.58206558227539,20.519838118912958,21.075896425673648
SV_NewYork_40.7333_-73.9798.tif,13,39.28175735473633,39.287742614746094,7.3634968954114655,9.732284872976026
SV_NewYork_40.7401_-73.9971.tif,0,33.87363052368164,33.91071701049805,6.603746882358099,6.300962326035198
SV_NewYork_40.7401_-73.9971.tif,1,14.375955581665039,14.376786231994629,4.436576860414759,3.6230676084591336
SV_NewYork_40.7401_-73.9971.tif,2,25.890981674194336,25.896339416503906,2.0,2.0
SV_NewYork_40.7401_-73.9971.tif,3,21.739866256713867,21.742801666259766,2.0,2.0
SV_NewYork_40.7401_-73.9971.tif,4,63.849853515625,69.36329650878906,4.22698906002633,4.760929909378085
SV_NewYork_40.7401_-73.9971.tif,5,21.219860076904297,23.25136375427246,2.0,2.0
SV_NewYork_40.7401_-73.9971.tif,6,28.86271095275879,53.66580581665039,6.834408726992446,6.62660110369586
SV_NewYork_40.7401_-73.9971.tif,7,45.17549514770508,45.19935607910156,7.082256851537085,7.509806240708927
SV_NewYork_40.7401_-73.9971.tif,8,24.51157569885254,24.56591796875,2.6629796713195777,3.458085377024733
SV_NewYork_40.7401_-73.9971.tif,9,16.391721725463867,16.39276695251465,4.947635488243151,4.639519811070204
SV_NewYork_40.7401_-73.9971.tif,10,31.01788902282715,31.02986717224121,2.604392066349215,3.3193841583000117
SV_NewYork_40.7401_-73.9971.tif,11,83.10377502441406,100.61981201171875,6.983286594592066,6.966756737396726
SV_NewYork_40.7358_-73.9816.tif,0,46.50996017456055,49.01709747314453,13.140790440472832,12.976163204321834
SV_NewYork_40.7358_-73.9816.tif,1,47.0967903137207,48.3366584777832,14.824941335554355,14.897017372888193
SV_NewYork_40.7358_-73.9816.tif,2,43.51857376098633,43.53560256958008,14.006487023763658,13.847335852352002
SV_NewYork_40.7358_-73.9816.tif,3,39.38093185424805,42.00116729736328,16.74933922881141,17.17373578374255
SV_NewYork_40.7358_-73.9816.tif,4,40.30820846557617,41.48904800415039,15.3697270852714,15.552574057927316
SV_NewYork_40.7358_-73.9816.tif,5,39.10850143432617,41.926944732666016,11.148595015798472,11.988238551082404
SV_NewYork_40.7358_-73.9816.tif,6,37.39448165893555,41.3431510925293,15.418640417888827,15.616366856072396
SV_NewYork_40.7358_-73.9816.tif,7,36.1796760559082,37.3731803894043,9.772185513626393,10.536177030158347
SV_NewYork_40.7372_-73.9834.tif,0,34.21022033691406,34.29644775390625,17.38934783269559,18.482169205001544
SV_NewYork_40.7372_-73.9834.tif,2,22.150033950805664,22.15509605407715,2.0,2.0
SV_NewYork_40.7372_-73.9834.tif,3,40.42416000366211,40.511566162109375,10.575722954209567,12.519618391536824
SV_NewYork_40.7372_-73.9834.tif,4,19.49174690246582,21.771804809570312,2.0,3.7944553428679866
SV_NewYork_40.7372_-73.9834.tif,5,20.547138214111328,20.593896865844727,7.445522374878983,9.652525653531228
SV_NewYork_40.7372_-73.9834.tif,6,17.777584075927734,17.959869384765625,8.003875854610907,9.536563737874957
SV_NewYork_40.7372_-73.9834.tif,7,60.62379837036133,60.66816711425781,3.3993290998439374,5.981680639664331
SV_NewYork_40.7372_-73.9834.tif,8,26.613779067993164,27.039363861083984,14.252843454051204,14.732587958431239
SV_NewYork_40.7372_-73.9834.tif,9,18.689838409423828,18.735977172851562,5.075912065953031,7.37650081758243
SV_NewYork_40.7372_-73.9834.tif,10,21.23567771911621,21.265865325927734,8.269732257457335,10.253495090893963
SV_NewYork_40.7373_-74.0020.tif,0,25.508514404296875,25.53287696838379,5.009044719984662,5.003278964039903
SV_NewYork_40.7373_-74.0020.tif,1,16.20319366455078,16.253610610961914,5.242881606156405,5.431060229429099
SV_NewYork_40.7373_-74.0020.tif,2,17.91688346862793,17.93417739868164,4.74254510168567,5.017004437838952
SV_NewYork_40.7373_-74.0020.tif,3,23.312328338623047,23.336143493652344,7.197025226771804,7.180043036801372
SV_NewYork_40.7373_-74.0020.tif,4,11.616470336914062,11.657548904418945,3.91415623043612,4.332027938796332
