tile_id,comp_idx,true_p95,pred_ridge,pred_rf,pred_gb,pred_gb_geom_only
SV_NewYork_40.7374_-74.0071.tif,0,14.551460266113281,2.700750970631848,2.568767573907731,2.0,3.0737655255651997
SV_NewYork_40.7374_-74.0071.tif,1,19.025602340698242,4.231899170879041,8.516817810494157,4.006535036259675,10.576398481863563
SV_NewYork_40.7374_-74.0071.tif,2,22.94784164428711,2.944798595931154,3.9151620548052786,2.3150071554319807,10.119098329218748
SV_NewYork_40.7374_-74.0071.tif,3,20.612171173095703,4.807588907811953,9.195140487953488,4.447543867142171,8.663471269141876
SV_NewYork_40.7374_-74.0071.tif,4,22.70199966430664,6.504065275150921,9.425624470401985,5.923554047029784,14.36708357567369
SV_NewYork_40.7374_-74.0071.tif,5,20.104297637939453,2.9273016283622404,5.292889466385352,5.7264387671838595,10.530258215349583
SV_NewYork_40.7374_-74.0071.tif,6,21.947153091430664,3.673802411980498,5.137175017745372,2.384433004390526,8.897308637981405
SV_NewYork_40.7374_-74.0071.tif,7,17.72743797302246,2.0,3.8630963400586187,2.0,7.803653048693309
SV_NewYork_40.7400_-73.9852.tif,0,60.896766662597656,6.286673767292446,7.804611913832445,7.1391221276259715,16.076253295588316
SV_NewYork_40.7400_-73.9852.tif,1,22.216358184814453,5.7523798225648655,6.319318978732074,5.007316978684639,9.384736670657343
SV_NewYork_40.7400_-73.9852.tif,2,71.84151458740234,6.831891014352555,8.045548154718873,6.426586023195001,18.951623155082384
SV_NewYork_40.7400_-73.9852.tif,3,49.244903564453125,3.9820999092582117,2.425916140358059,2.306612265336176,3.759971725193606
SV_NewYork_40.7400_-73.9852.tif,4,76.68672180175781,4.869874762314314,7.695338547589281,6.04044753687181,12.61151301058262
SV_NewYork_40.7400_-73.9852.tif,5,58.83000564575195,5.21633094195634,7.157262576128677,5.718945929728769,13.170803421965587
SV_NewYork_40.7400_-73.9852.tif,6,50.18227767944336,2.0,3.037225867363321,2.0,4.3875991522366595
SV_NewYork_40.7400_-73.9852.tif,7,27.27402687072754,8.02129028774387,10.219987776131305,8.031357096692707,29.482947052119954
SV_NewYork_40.7400_-73.9852.tif,8,97.04180908203125,6.83221439853288,8.694342020909923,5.70303265954175,11.884030174491524
SV_NewYork_40.7400_-73.9852.tif,9,39.64371871948242,5.34282036099163,8.560398638589412,6.459404394368197,16.525915883025604
SV_NewYork_40.7400_-73.9852.tif,10,69.88628387451172,4.551314191791159,6.864752360567943,4.9405692211149335,10.350802856101241
SV_NewYork_40.7400_-73.9852.tif,11,50.70445251464844,4.992577425266873,5.376801454009502,3.432820395346433,9.563737510955661
SV_NewYork_40.7335_-74.0090.tif,0,18.03364372253418,3.1192486526621472,2.8745485774778685,2.0,3.1639023579809518
SV_NewYork_40.7335_-74.0090.tif,1,26.217872619628906,4.410099808761225,4.871055609892998,6.737143928611251,6.752084589545735
SV_NewYork_40.7335_-74.0090.tif,2,21.28136444091797,7.760271325599195,9.156288667042634,9.201787345574104,10.845793199756073
SV_NewYork_40.7335_-74.0090.tif,3,21.259449005126953,4.574112831117987,5.440417319659392,5.1884173762861545,7.7845036342637535
SV_NewYork_40.7335_-74.0090.tif,4,40.49067306518555,11.371287533813879,11.607691076723125,9.86738287278976,16.281882338788588
SV_NewYork_40.7335_-74.0090.tif,5,22.656455993652344,10.599486941130554,12.807141323651852,7.489506015794395,15.239043053652233
SV_NewYork_40.7335_-74.0090.tif,6,37.60626220703125,3.063288887363571,3.9184023238624066,4.420199587872701,5.816223254703936
SV_NewYork_40.7359_-73.9971.tif,1,17.79640007019043,2.0,2.8073970855667496,2.0,2.593891257366076
SV_NewYork_40.7359_-73.9971.tif,2,54.590641021728516,2.823607945234338,5.24038305853925,3.224445954818938,6.0358092082198285
SV_NewYork_40.7359_-73.9971.tif,3,81.923095703125,8.370288860911618,11.141753801805287,6.378813677079751,11.185108978700537
SV_NewYork_40.7359_-73.9971.tif,4,15.786766052246094,2.0,3.932053627211759,3.0380047973503967,3.364447018326364
SV_NewYork_40.7359_-73.9971.tif,5,57.58250045776367,4.264323002575364,5.953507619060186,3.9098559835262923,7.086050527813649
SV_NewYork_40.7359_-73.9971.tif,6,33.8563346862793,8.725750213197776,9.828567945516793,14.678318917018201,10.704932602273871
SV_NewYork_40.7359_-73.9971.tif,8,23.470600128173828,5.844025440267499,9.8804764697341,11.573660755301793,9.810629921865932
SV_NewYork_40.7359_-73.9971.tif,9,61.00016403198242,4.584802208717176,4.852392560901456,3.1056330101919274,8.298816280221338
SV_NewYork_40.7359_-73.9971.tif,10,51.361793518066406,4.311029937352759,3.2956590493813747,2.0,3.6465303522133357
SV_NewYork_40.7388_-74.0071.tif,0,11.4856538772583,3.857166664938224,4.825669044782546,4.694048733704586,6.2219634645883986
SV_NewYork_40.7388_-74.0071.tif,1,21.36299705505371,2.0,3.197289563155895,2.1325638727820366,2.788743307227456
SV_NewYork_40.7388_-74.0071.tif,2,11.435729026794434,2.0,3.062315126255706,3.0647360607484453,3.2480562955538703
SV_NewYork_40.7388_-74.0071.tif,3,16.216960906982422,4.343754102717953,6.17462296380409,5.71901937084947,7.7984757843160555
SV_NewYork_40.7388_-74.0071.tif,4,14.374358177185059,2.271337935520185,5.246707439571754,4.56440753415143,8.074145418803255
SV_NewYork_40.7388_-74.0071.tif,5,15.600488662719727,4.509287121980191,5.172989547634585,4.17675974948569,7.687917939652063
SV_NewYork_40.7388_-74.0071.tif,6,23.707006454467773,2.336275518525728,5.363519288420626,4.66254650295746,6.94285435649768
SV_NewYork_40.7388_-74.0071.tif,7,29.090213775634766,5.916156658204826,7.129437962335442,6.2762836282891445,11.094305824024755
SV_NewYork_40.7388_-74.0071.tif,8,13.404508590698242,2.0,4.227272471998885,2.325575242704356,7.101185508684344
SV_NewYork_40.7388_-74.0071.tif,9,14.296506881713867,2.0,4.242052551476387,2.0,7.826859446135122
SV_NewYork_40.7359_-74.0020.tif,0,28.03297233581543,10.376628140183058,12.313371337778422,12.402497149889417,12.59838007292134
SV_NewYork_40.7386_-73.9901.tif,0,43.426841735839844,9.418034081496314,12.834752678698495,11.181738471804971,17.66721133584407
SV_NewYork_40.7386_-73.9901.tif,1,95.5190658569336,9.641745131167184,10.148479460864321,9.431104729126309,16.55807684429958
SV_NewYork_40.7386_-73.9901.tif,2,38.13822937011719,3.4303994004160305,2.5054378797168457,2.6378878471360605,3.2721476613105507
SV_NewYork_40.7386_-73.9901.tif,3,65.89212036132812,8.514507929521567,10.79419877836055,7.679548285879678,21.695412513137573
SV_NewYork_40.7386_-73.9901.tif,4,17.93478775024414,2.892677647231757,4.483187479257639,2.643769806114908,5.915119454530055
SV_NewYork_40.7386_-73.9901.tif,5,20.07656478881836,3.41777692953713,2.52468288410041,2.1491191091940958,7.869329055700064
SV_NewYork_40.7386_-73.9901.tif,6,54.70962142944336,8.727725766563388,12.301544424381216,10.053185874097196,11.841118442956054
SV_NewYork_40.7388_-74.0108.tif,0,33.94404602050781,2.0,5.019075815644005,5.466972545444384,3.9613684680553227
SV_NewYork_40.7388_-74.0108.tif,1,22.679840087890625,3.507169787000816,4.91492262753545,6.092824955149905,8.184982404047958
SV_NewYork_40.7388_-74.0108.tif,2,26.848905563354492,8.111720942538161,8.873821880560486,8.429307738779146,13.680420647133284
SV_NewYork_40.7388_-74.0108.tif,3,27.624544143676758,6.363260162254179,5.173664316524724,5.841721679051751,6.911970828683894
SV_NewYork_40.7388_-74.0108.tif,4,18.377626419067383,6.692746245307595,10.244772610795986,8.178066717849028,14.315443542342594
SV_NewYork_40.7388_-74.0108.tif,5,59.81662368774414,11.806259321808046,12.825883561499513,14.436873671313178,19.407250543714124
SV_NewYork_40.7334_-73.9972.tif,0,20.82149887084961,2.5455447247638716,4.889123172090256,3.045687925421243,6.583414916455932
SV_NewYork_40.7334_-73.9972.tif,2,23.138864517211914,3.496539460407554,8.21728712850102,5.6673740777394634,9.512521184359748
SV_NewYork_40.7334_-73.9972.tif,3,52.76591873168945,7.180524349209725,7.1464743448021855,5.8419084255921465,16.355418786984625
SV_NewYork_40.7334_-73.9972.tif,4,50.146270751953125,4.815090235527013,6.262677860953322,4.611871184900389,7.648208375696007
SV_NewYork_40.7334_-73.9972.tif,5,67.82597351074219,6.667958874484092,8.797058198465647,6.919425627640326,11.503637117196368
SV_NewYork_40.7334_-73.9972.tif,6,56.97560501098633,3.9063414513043053,5.399181054064335,3.430672334476397,6.233103383466353
SV_NewYork_40.7334_-73.9972.tif,7,80.11353302001953,6.113540917269244,7.864245077243258,5.5697229780520585,16.45657373297936
SV_NewYork_40.7334_-73.9972.tif,8,20.639331817626953,2.0,3.228255360174374,2.351658871067263,4.105793177605117
SV_NewYork_40.7334_-73.9972.tif,9,20.719205856323242,5.155579374476597,7.050090834491784,5.49763154661686,10.489892121930094
SV_NewYork_40.7334_-73.9972.tif,10,20.5982666015625,7.316806634782658,9.132687584482285,6.174581822390092,16.15664200734289
SV_NewYork_40.7334_-73.9972.tif,11,18.23166275024414,2.0,3.265655048436509,2.0,3.2352275286273997
SV_NewYork_40.7334_-73.9972.tif,12,9.32036304473877,3.138483100851497,3.8103969848682846,2.99099779186114,3.6523650352363597
SV_NewYork_40.7334_-73.9972.tif,13,31.807205200195312,4.581897373046534,4.992809114404249,3.7456441031892855,6.805785731898452
SV_NewYork_40.7334_-73.9972.tif,14,0.0,2.937658142373449,3.322397786472361,2.7628629536741123,2.9298129430438626
SV_NewYork_40.7401_-73.9934.tif,0,62.76607131958008,7.219132904456756,12.369984959915305,6.306551793331602,11.550219554856984
SV_NewYork_40.7401_-73.9934.tif,1,43.76365661621094,5.416323521628047,6.212859222765887,6.36906824172347,7.311713376764071
SV_NewYork_40.7401_-73.9934.tif,2,53.68796157836914,5.076576911730572,6.648411013589951,5.005736140247114,10.167825505154582
SV_NewYork_40.7401_-73.9934.tif,3,86.47085571289062,8.628347798965097,12.724938153590369,7.674089358307198,14.967116448135403
SV_NewYork_40.7401_-73.9934.tif,4,45.31352996826172,6.448544527555131,9.928863882245544,9.77259954064962,7.044817646947583
SV_NewYork_40.7401_-73.9934.tif,5,40.60723114013672,4.892771313546736,10.02064416770069,8.186192263518935,9.02254629342168
SV_NewYork_40.7401_-73.9934.tif,6,35.392127990722656,4.960977372710283,5.1666120753261975,8.484055842041805,7.471750752164009
SV_NewYork_40.7402_-74.0071.tif,0,29.0589542388916,18.51405685825636,15.574001578227778,20.401915806412564,21.244124481087333
SV_NewYork_40.7402_-74.0071.tif,1,26.427337646484375,3.8549397802209837,3.922482805445756,4.890616874072638,8.637587653047458
SV_NewYork_40.7402_-74.0071.tif,2,17.028852462768555,2.33768980756688,3.6645079703480623,7.251537645780648,5.09254224819734
SV_NewYork_40.7402_-74.0071.tif,3,43.88442611694336,11.440539782448473,12.064857386164476,15.247099867584037,21.579300358911453
SV_NewYork_40.7402_-74.0071.tif,4,24.697866439819336,4.53178632716516,5.929360486770937,6.409247964496461,12.390813139912668
SV_NewYork_40.7402_-74.0071.tif,5,11.02159309387207,3.355432381757808,4.98044929321329,5.417554919313414,7.2757725679772225
SV_NewYork_40.7402_-74.0071.tif,6,16.90961456298828,6.735374920730025,8.597703017189717,8.70779950445578,8.286547594879456
SV_NewYork_40.7400_-73.9901.tif,0,38.54454040527344,3.734688037039562,6.880108770814036,10.760572155174767,8.929947459755644
SV_NewYork_40.7400_-73.9901.tif,1,63.93589401245117,4.614605362296927,6.537373845539301,11.302650107343778,24.893456253541256
SV_NewYork_40.7400_-73.9901.tif,2,20.56728172302246,2.0,4.0744023548158275,8.68383566412656,3.9494870805152327
SV_NewYork_40.7400_-73.9901.tif,3,64.02242279052734,2.7666279925682584,3.1927255192447204,8.753023176680575,5.819817360631334
SV_NewYork_40.7400_-73.9901.tif,4,42.00473403930664,2.0,2.837778463822592,7.768112832086028,3.981386125044672
SV_NewYork_40.7400_-73.9901.tif,5,42.08448791503906,2.0,4.656483366479941,9.418719745425735,5.679055494338031
SV_NewYork_40.7400_-73.9901.tif,6,53.86955261230469,3.3685417325072233,7.641397690729105,10.31884297269704,7.2881731006013935
SV_NewYork_40.7400_-73.9901.tif,7,46.206199645996094,7.0295683472166175,8.104512672343352,5.413243466074403,10.624419991812937
SV_NewYork_40.7400_-73.9901.tif,8,95.47435760498047,2.981302142083667,6.8345534630020985,11.895736291137943,8.790483485623849
SV_NewYork_40.7388_-74.0052.tif,0,18.081653594970703,10.942335137703466,12.58508917150561,7.245480333573426,15.317040241817166
SV_NewYork_40.7388_-74.0052.tif,1,21.37648582458496,2.8009965502340055,7.531715455962128,3.116264555295271,4.9184507819549745
SV_NewYork_40.7388_-74.0052.tif,2,20.424001693725586,2.0,2.631029193395611,2.0,3.171081230932222
SV_NewYork_40.7388_-74.0052.tif,3,11.775246620178223,4.004943919561867,2.421559835037803,2.0,3.2480562955538703
SV_NewYork_40.7388_-74.0052.tif,4,13.091580390930176,4.152997026392401,4.720366903151069,2.2855790048175813,6.851671743043936
SV_NewYork_40.7388_-74.0052.tif,5,23.54400062561035,10.168163587684045,13.40858107955912,7.303957832009234,25.214239343701404
SV_NewYork_40.7388_-74.0052.tif,6,21.462261199951172,7.601082360032852,10.70145243725414,6.970281326454903,15.516552873670008
SV_NewYork_40.7360_-74.0071.tif,0,23.416847229003906,7.3385738706945975,10.665088257061669,12.019106221897733,12.316668310913851
SV_NewYork_40.7360_-74.0071.tif,1,21.042646408081055,3.405814312428758,7.836414045481082,12.29844458615869,8.715741009090234
SV_NewYork_40.7360_-74.0071.tif,2,20.15766143798828,2.237414301913141,3.9219384121859924,8.084331993994935,7.276254008014305
SV_NewYork_40.7360_-74.0071.tif,3,21.934419631958008,4.683941315222608,9.32653797681296,9.883306328974353,12.253483858474839
SV_NewYork_40.7359_-73.9934.tif,0,80.97811889648438,3.4532425200095886,2.55139133132669,2.3502851379628487,4.15783263763776
SV_NewYork_40.7359_-73.9934.tif,1,40.04267120361328,4.195826866771095,3.055436913095712,2.764447597075188,5.09254224819734
SV_NewYork_40.7359_-73.9934.tif,2,24.893007278442383,3.444141164445309,2.96922737666217,2.46510356108827,5.707431334107481
SV_NewYork_40.7359_-73.9934.tif,3,34.92307662963867,4.93049133742988,7.2437443787628615,4.083397029202779,11.942047236043821
SV_NewYork_40.7359_-73.9934.tif,4,51.517906188964844,7.137232507186595,8.89359521194993,6.922005617979297,14.4445603748518
SV_NewYork_40.7359_-73.9934.tif,5,50.82548141479492,7.647419705213705,10.4888106889697,6.01592275565018,15.092733171050076
SV_NewYork_40.7359_-73.9934.tif,6,33.52183532714844,3.3129681202844896,2.7224368041534444,2.526946983399016,4.506518546471932
SV_NewYork_40.7374_-74.0089.tif,0,18.329072952270508,6.091969936674663,8.812315788452969,8.001972186654475,20.208416159702548
SV_NewYork_40.7374_-74.0089.tif,1,49.80436706542969,8.008195264906888,9.718019160430318,9.094790239579918,15.489327604693875
SV_NewYork_40.7374_-74.0089.tif,2,19.333227157592773,3.313243811701419,4.683341941703719,4.880385128838323,7.125653152277411
SV_NewYork_40.7374_-74.0089.tif,3,17.693649291992188,6.595432922997168,7.497500798430905,6.396372528090686,8.809987063141316
SV_NewYork_40.7374_-74.0089.tif,4,13.11233139038086,2.770220769095543,4.8177660214707005,4.530495242142377,6.7496070776486645
SV_NewYork_40.7374_-74.0089.tif,5,17.659914016723633,4.7648861040679,6.487937691857993,5.206552374187542,12.050908879457566
SV_NewYork_40.7374_-74.0089.tif,7,20.882770538330078,2.263404140813412,3.8346324896696347,3.8758086562287,5.620663156201607
SV_NewYork_40.7335_-74.0035.tif,0,20.343019485473633,6.063354575100692,7.569342029700775,7.339806674132593,16.734014425238087
SV_NewYork_40.7335_-74.0035.tif,1,17.085363388061523,7.225661346291684,7.269593765437805,5.500121347369655,11.585772289863602
SV_NewYork_40.7335_-74.0035.tif,2,20.133039474487305,6.162624910281336,8.482857070440268,6.285738470847472,11.383155853398922
SV_NewYork_40.7335_-74.0035.tif,3,50.3017692565918,8.85776188283712,8.251306125797475,8.943604394626917,14.768461175811726
SV_NewYork_40.7335_-74.0035.tif,5,22.391752243041992,7.918686161019884,7.368607637629761,6.160007115065889,11.276585967467426
SV_NewYork_40.7335_-74.0035.tif,6,14.819597244262695,2.0,4.484123273278913,9.732523152744339,3.8323413462311287
SV_NewYork_40.7335_-74.0035.tif,7,25.33637046813965,7.232296788838445,6.839868586666301,5.685525628296087,10.814088667075115
SV_NewYork_40.7360_-74.0108.tif,0,24.64897346496582,4.349939984549046,5.733908822012576,5.491169086906103,6.677691530275513
SV_NewYork_40.7360_-74.0108.tif,1,16.12201499938965,2.2234756118689774,2.8899634517298067,2.581375102012447,2.798861290099393
SV_NewYork_40.7360_-74.0108.tif,2,46.47040557861328,7.766393491700604,9.169332506437819,6.905909638422568,12.134257698452789
SV_NewYork_40.7360_-74.0108.tif,3,17.373743057250977,5.010483243724025,5.444360069887707,3.2231808403351825,6.6794389519847455
SV_NewYork_40.7373_-73.9934.tif,0,85.42564392089844,6.969098561938711,8.617417414615664,5.004519231228133,8.53068520540955
SV_NewYork_40.7373_-73.9934.tif,1,50.349884033203125,9.391976898911551,12.633435156444257,7.873615737060288,13.103940714847065
SV_NewYork_40.7373_-73.9934.tif,2,54.17374801635742,5.570405766832243,5.089037907706001,3.641515093401559,6.811061086942259
SV_NewYork_40.7373_-73.9934.tif,3,42.533226013183594,3.202741992259,5.305596968213514,2.0,6.302895245086326
SV_NewYork_40.7373_-73.9934.tif,4,42.24748992919922,7.198981497119257,9.892449469327248,7.404706563027342,18.083906018460464
SV_NewYork_40.7373_-73.9934.tif,5,57.97953414916992,2.915699423360122,4.722631211358984,3.2104992007442585,6.409872964313598
SV_NewYork_40.7373_-73.9934.tif,6,67.38125610351562,4.583567904560812,7.146074656600564,4.18096314695878,8.475919475873875
SV_NewYork_40.7373_-73.9934.tif,7,57.39134216308594,8.042722475241236,9.724753475776064,7.439161276692047,13.056856356674288
SV_NewYork_40.7401_-74.0019.tif,1,16.92092514038086,2.0,2.9975114784984265,3.2281963354224943,4.0400143696396835
SV_NewYork_40.7401_-74.0019.tif,2,18.970197677612305,4.921853085470317,8.0963481454714,4.540444646502524,18.477062733205194
SV_NewYork_40.7401_-74.0019.tif,4,20.804962158203125,2.6481225781937123,4.765160468683104,5.961286904537889,5.522608436373214
SV_NewYork_40.7401_-74.0019.tif,6,21.206972122192383,3.718415451441115,7.29369849275464,7.176466675290039,9.933506129643975
SV_NewYork_40.7401_-74.0019.tif,7,19.546968460083008,3.0687654569951857,5.721000753481784,5.267733573953402,4.637775413507432
SV_NewYork_40.7401_-74.0019.tif,8,21.592578887939453,2.574521743823402,3.6834467502422052,4.829396952774079,3.3760460237352867
SV_NewYork_40.7401_-74.0019.tif,9,55.91417694091797,3.011810403204054,3.2110608557697105,3.75007032658044,3.9815241991166803
SV_NewYork_40.7401_-74.0019.tif,10,35.59162902832031,8.013052553916063,9.161285983051023,7.757652596608723,15.644779962342893
SV_NewYork_40.7401_-74.0019.tif,11,20.93885040283203,3.592570737214036,7.599396176391747,6.933525377526276,8.760873365469175
SV_NewYork_40.7401_-74.0019.tif,12,60.16057586669922,3.0418567359480253,3.3601948595587636,2.119877773157454,4.939058680872642
SV_NewYork_40.7401_-74.0019.tif,13,69.15690612792969,4.1468049573331855,6.199593507970272,4.847387506100022,7.933679565916632
SV_NewYork_40.7401_-74.0019.tif,14,46.829246520996094,4.433966320926555,6.9296067391447265,5.953788393220228,10.664360905435942
SV_NewYork_40.7401_-74.0019.tif,15,21.108932495117188,2.087858167183253,5.163265162131131,4.225558189454422,5.799579684373386
SV_NewYork_40.7401_-74.0019.tif,16,27.32585334777832,13.432896060559539,14.361263965111204,18.4605326776249,23.053586732169425
SV_NewYork_40.7401_-74.0019.tif,17,13.287511825561523,2.0203287179823324,4.188393305439264,5.574599460803527,3.6873409571030296
SV_NewYork_40.7401_-74.0019.tif,18,65.43586730957031,4.887301217994638,8.23838911206727,5.8738065378983615,8.202127390837399
SV_NewYork_40.7401_-74.0019.tif,19,0.0,3.261897709429034,5.864224692331971,3.954187954523624,5.969230475885718
SV_NewYork_40.7401_-74.0019.tif,20,29.851715087890625,3.0113823872767203,2.9712578560553307,3.088491040118761,3.1565937221547125
SV_NewYork_40.7401_-73.9989.tif,0,33.881324768066406,4.436907797322093,5.992709574948687,5.0649722731373386,10.616611527570297
SV_NewYork_40.7401_-73.9989.tif,1,58.83625030517578,4.555571868951607,4.0901610751557405,3.095797643580914,6.4005526887760915
SV_NewYork_40.7401_-73.9989.tif,2,21.50731086730957,2.0494485886508134,2.443620030744098,2.0,3.1565937221547125
SV_NewYork_40.7401_-73.9989.tif,3,19.108104705810547,5.760663004436348,7.491477902355017,5.691018712058999,7.0982008252118645
SV_NewYork_40.7401_-73.9989.tif,4,45.18081283569336,6.13806027672702,8.009099330135268,6.991101066033758,11.04830406563403
SV_NewYork_40.7401_-73.9989.tif,5,50.302696228027344,4.00697632420973,4.576067670820575,5.053589565992921,8.112705743094631
SV_NewYork_40.7374_-74.0052.tif,0,13.36674976348877,3.6434907905854708,2.643832555627049,2.0,3.8949028202286557
SV_NewYork_40.7374_-74.0052.tif,1,21.597816467285156,5.390523259881694,9.24011101590214,5.615139131703175,17.497899390389268
SV_NewYork_40.7374_-74.0052.tif,2,20.618057250976562,5.489731521018244,9.307486809578966,5.779337553699806,13.260775112363987
SV_NewYork_40.7374_-74.0052.tif,3,21.949909210205078,4.707067655419412,5.264835937080225,3.6440766523446126,7.380609157348766
SV_NewYork_40.7374_-74.0052.tif,4,16.170433044433594,2.0,2.6886630449204976,2.0,3.530583291578591
SV_NewYork_40.7374_-74.0052.tif,5,14.080827713012695,2.0,2.440180358938805,2.0,3.2721476613105507
SV_NewYork_40.7343_-73.9798.tif,0,37.52723693847656,8.595733883444868,13.23270406547766,14.580677614528904,6.234006996050921
SV_NewYork_40.7343_-73.9798.tif,1,60.598392486572266,8.552613214591261,10.494794230490708,9.853397120944893,10.52241716256112
SV_NewYork_40.7343_-73.9798.tif,3,39.6632080078125,18.458192901958448,17.09721445636019,18.538072236975992,13.044247137870743
SV_NewYork_40.7343_-73.9798.tif,4,39.26020050048828,20.95110131630704,18.088340120401874,20.703851738815057,13.090505704635142
SV_NewYork_40.7343_-73.9798.tif,5,40.90010452270508,17.436677194941716,17.295091694846143,18.741187859232255,12.846307727956859
SV_NewYork_40.7343_-73.9798.tif,6,41.0880241394043,20.0615845195074,18.206270416980484,25.791135749367893,17.89545831732534
SV_NewYork_40.7343_-73.9798.tif,7,41.82210159301758,20.535435930840492,20.3122316636831,26.136837049385868,11.31190678139293
SV_NewYork_40.7343_-73.9798.tif,8,43.83342361450195,22.883207603630893,19.523870152414155,27.854623194464814,33.91135913394925
SV_NewYork_40.7343_-73.9798.tif,9,42.41667175292969,21.90398904553866,24.977149958688734,45.14614520858423,11.437010760114074
SV_NewYork_40.7343_-73.9798.tif,10,42.11443328857422,21.632941071399646,24.39320032115128,25.813231271866353,11.857503879413894
SV_NewYork_40.7343_-73.9798.tif,11,39.177528381347656,12.019148178269976,19.508819760235166,15.418308487152984,5.782440577247917
SV_NewYork_40.7345_-73.9971.tif,0,16.826644897460938,2.0,3.981288538775528,3.6665370375293955,2.0335605743626517
SV_NewYork_40.7345_-73.9971.tif,1,19.938085556030273,2.0,4.313179831569617,3.804662801529725,6.133974416216539
SV_NewYork_40.7345_-73.9971.tif,2,18.12091827392578,2.0,3.1814893478805533,2.4885088992886315,3.996340190213497
SV_NewYork_40.7345_-73.9971.tif,3,52.81280517578125,2.7836875265157683,3.006528472588266,2.0833003313235294,4.096365077552563
SV_NewYork_40.7345_-73.9971.tif,4,32.74739074707031,2.423098478105917,4.588229525081748,2.8540615656092565,5.211785438121837
SV_NewYork_40.7345_-73.9971.tif,5,23.45094108581543,4.676146310463667,8.71303859868328,5.593529425352809,10.455951032587071
SV_NewYork_40.7345_-73.9971.tif,6,23.171987533569336,5.619429952060149,9.552622849798201,12.358712002248838,12.993644718303255
SV_NewYork_40.7345_-73.9971.tif,7,46.480247497558594,8.349885077409894,10.050180559807758,14.109417545306917,10.628160432632702
SV_NewYork_40.7345_-73.9971.tif,8,19.998807907104492,2.0,4.604130527416563,4.795190908059743,6.220004278199762
SV_NewYork_40.7345_-73.9971.tif,9,67.81363677978516,6.533861756312638,9.559659516272713,5.765086473590245,11.700329386545917
SV_NewYork_40.7345_-73.9971.tif,10,34.85457992553711,4.400601296051831,5.6767783288860905,3.5230909525063887,6.2252307655834676
SV_NewYork_40.7345_-73.9971.tif,11,36.29846954345703,3.861338117847965,5.241858738182889,5.197729739348521,6.391090517490413
SV_NewYork_40.7345_-73.9971.tif,12,71.00672149658203,4.110983896575857,4.786308487539063,10.417691549165252,7.489984814512515
SV_NewYork_40.7359_-73.9953.tif,0,65.38722229003906,2.480513254013461,5.570951661144872,3.4319521064276057,7.077728156293432
SV_NewYork_40.7359_-73.9953.tif,1,72.0811538696289,4.603641213774302,8.574922419637376,5.359721294004023,9.033564481730693
SV_NewYork_40.7359_-73.9953.tif,2,50.01439666748047,2.0,3.0634785050807216,2.0,4.255315788697674
SV_NewYork_40.7359_-73.9953.tif,3,82.86904907226562,2.044257735460395,3.5239895850716976,2.0,5.181476977992914
SV_NewYork_40.7359_-73.9953.tif,4,43.34075164794922,4.996547244400751,7.69701209670187,5.473435104712347,9.284828179740856
SV_NewYork_40.7359_-73.9953.tif,5,32.764930725097656,4.472394571169029,7.540436922572871,5.110720084563072,8.853457237283198
SV_NewYork_40.7359_-73.9953.tif,6,50.65708923339844,4.439002882337934,7.7066109680870465,4.076393281439686,7.804890460016159
SV_NewYork_40.7359_-73.9953.tif,8,33.08491516113281,5.494743059386775,9.139766962444309,4.737265238777568,19.15910471863792
SV_NewYork_40.7359_-73.9953.tif,9,23.47522735595703,4.0422944632843825,8.450223923080404,5.316331122542142,16.47026774442591
SV_NewYork_40.7359_-73.9953.tif,10,61.003787994384766,4.506119486993023,5.039966679270695,3.7935467166675374,6.810479595543686
SV_NewYork_40.7335_-74.0053.tif,0,22.70218276977539,7.18346488744995,9.174916226967706,7.5347136472877265,16.094229296770227
SV_NewYork_40.7335_-74.0053.tif,1,19.870864868164062,5.95640910922816,7.738411353369943,6.224037736352711,9.880986372795583
SV_NewYork_40.7335_-74.0053.tif,2,21.85489845275879,2.0,3.5612047577478654,4.644525824065483,3.3080963104134846
SV_NewYork_40.7335_-74.0053.tif,3,22.2978572845459,5.337043347762045,8.390595762709955,6.4822597421334045,10.694213992166107
SV_NewYork_40.7335_-74.0053.tif,4,21.314674377441406,9.26127517555786,10.948122595891782,5.982506218168519,13.959726891885037
SV_NewYork_40.7335_-74.0053.tif,5,12.792819023132324,2.73552586220619,3.7795751601914924,2.0,5.587292121008716
SV_NewYork_40.7335_-74.0053.tif,6,12.223237991333008,4.552941129132557,4.8511341862932476,4.422179097831293,9.379691880142918
SV_NewYork_40.7335_-74.0053.tif,7,19.47365379333496,2.940768821505605,4.423699338146967,3.362291493369657,7.548752275077653
SV_NewYork_40.7335_-74.0053.tif,8,17.667068481445312,2.79136401016242,2.2992552748505393,2.0,3.1565937221547125
SV_NewYork_40.7387_-73.9915.tif,0,59.312103271484375,16.433462799437454,12.656332372931098,18.396289457911152,24.447637569160005
SV_NewYork_40.7387_-73.9915.tif,1,43.43186569213867,11.074081791441854,11.291993928475733,11.15748680513959,21.337775286033096
SV_NewYork_40.7387_-73.9915.tif,2,38.142459869384766,6.277510542059779,6.414233329552696,5.255459354383001,10.998597323808093
SV_NewYork_40.7387_-73.9915.tif,3,39.686500549316406,6.678647199252835,6.493467172479079,6.349946745509614,11.833359289024132
SV_NewYork_40.7387_-73.9915.tif,4,38.99806213378906,4.206860478689111,3.917209829805125,4.520650326236366,3.621515627081521
SV_NewYork_40.7387_-73.9915.tif,5,35.09241485595703,4.221143864097855,3.0757824318825056,2.643365090059565,5.53459602668494
SV_NewYork_40.7387_-73.9915.tif,6,61.795406341552734,10.228872952533584,11.484817157420586,11.310060976936766,16.776306768105165
SV_NewYork_40.7387_-73.9915.tif,7,35.0703010559082,4.943641122054932,5.658186362354114,5.467126590217163,6.481074895169258
SV_NewYork_40.7387_-73.9915.tif,8,78.3283462524414,11.008109204546125,13.443449286530795,14.395425380755697,18.127058310020512
SV_NewYork_40.7387_-73.9934.tif,0,59.293617248535156,2.0,6.4923214843303265,4.380548884301794,12.167966654048016
SV_NewYork_40.7387_-73.9934.tif,1,43.758888244628906,2.0,2.3552305369851805,2.0,2.465764271218266
SV_NewYork_40.7387_-73.9934.tif,2,43.72346115112305,2.0,2.3816017167085257,2.0,2.0
SV_NewYork_40.7387_-73.9934.tif,3,83.32943725585938,3.1083960875228023,4.560835847137552,3.201376061966391,5.799579684373386
SV_NewYork_40.7387_-73.9934.tif,4,58.322303771972656,7.51226540066908,11.509306738299783,5.920662795857773,19.66971476459004
SV_NewYork_40.7387_-73.9934.tif,5,85.42381286621094,7.976174893154731,8.73885546560068,5.180530011637761,19.013761262986044
SV_NewYork_40.7387_-73.9934.tif,6,77.03404998779297,6.727980352317645,10.475532613864777,4.913442379831112,14.853975157684355
SV_NewYork_40.7387_-73.9934.tif,7,77.90483093261719,2.6933062262405443,2.4570010095317136,2.0,3.1565937221547125
SV_NewYork_40.7387_-73.9934.tif,8,49.59134292602539,6.775145698130284,7.336636563609176,5.333846758904002,14.983917201293165
SV_NewYork_40.7387_-73.9934.tif,9,36.014793395996094,2.0,2.426383527019978,2.144054388352301,3.2480562955538703
SV_NewYork_40.7387_-73.9934.tif,10,43.835269927978516,2.0,2.1733357230195556,2.0,3.2480562955538703
SV_NewYork_40.7343_-73.9816.tif,0,39.53300857543945,14.342034988458192,18.572149144683713,20.630533995932183,10.431455965151219
SV_NewYork_40.7343_-73.9816.tif,1,37.52641296386719,11.374922651335854,20.72696384314362,21.80885669401603,8.077284848912134
SV_NewYork_40.7343_-73.9816.tif,2,40.71190643310547,12.78124350389269,18.948402668540385,21.193265638222723,11.529458309800445
SV_NewYork_40.7343_-73.9816.tif,3,38.96570587158203,14.15566459756349,17.870258840380103,20.20513831196466,14.794804416031651
SV_NewYork_40.7343_-73.9816.tif,4,38.871726989746094,20.35879358974561,18.90836816767,24.17732829260327,18.31132102006281
SV_NewYork_40.7343_-73.9816.tif,5,37.579505920410156,14.050398162737585,17.29698919444436,20.78690600331121,14.884362084682985
SV_NewYork_40.7343_-73.9816.tif,6,40.47582244873047,26.042013357299343,25.954041241868257,30.117365855450192,18.209893926094782
SV_NewYork_40.7343_-73.9816.tif,7,44.13581085205078,22.30997802075065,23.955714352164023,31.054961168266388,21.864803199262074
SV_NewYork_40.7343_-73.9816.tif,8,37.79930877685547,16.394190638824558,20.311258533771543,25.981919252764513,19.262211337728747
SV_NewYork_40.7343_-73.9816.tif,9,39.8137321472168,18.24277288266472,22.425441148011746,30.351394226364164,27.40699350488335
SV_NewYork_40.7343_-73.9816.tif,10,56.20528030395508,20.63553344160593,25.677155085697926,30.80449359741797,18.750586026301995
SV_NewYork_40.7343_-73.9816.tif,11,37.74573516845703,11.751508117225262,20.567706147586954,20.765059754824957,6.283613023879907
SV_NewYork_40.7343_-73.9816.tif,12,39.1663932800293,9.928479268602615,11.689788985865308,12.925673426428116,5.544976716759452
SV_NewYork_40.7334_-73.9953.tif,0,20.862340927124023,2.0,3.249369182175191,3.4944394314148854,6.845642385142703
SV_NewYork_40.7334_-73.9953.tif,1,23.182632446289062,2.9610747906392625,4.86648286074727,6.020789866319992,6.752084589545735
SV_NewYork_40.7334_-73.9953.tif,2,28.42087745666504,5.735167580845343,6.531050478619542,5.711020886982978,7.839978306524307
SV_NewYork_40.7334_-73.9953.tif,3,40.42557144165039,10.340073642196483,12.552571150701354,9.408892235247743,4.290997903794531
SV_NewYork_40.7334_-73.9953.tif,4,19.728046417236328,13.361349492065346,14.485334216159847,20.431127111470037,13.258547111547085
SV_NewYork_40.7334_-73.9953.tif,5,31.80884552001953,5.216230436662944,4.457950665434223,4.113439286355696,8.292923885987088
SV_NewYork_40.7372_-73.9816.tif,0,34.14837646484375,22.007821994865886,30.409154791000987,19.148956153818485,23.220067232446418
SV_NewYork_40.7372_-73.9816.tif,2,50.733558654785156,3.479272680147318,2.419837612911323,4.432720486112647,3.8323413462311287
SV_NewYork_40.7372_-73.9816.tif,3,19.363380432128906,6.061542287249246,7.188166728042201,6.823167700263994,14.553204765898242
SV_NewYork_40.7372_-73.9816.tif,4,22.599390029907227,12.308032047883497,11.309952581911125,15.52134822224813,20.3672316962498
SV_NewYork_40.7372_-73.9816.tif,5,44.567630767822266,3.0455341208226727,3.3145773229445243,3.7527485727491365,4.124623154494731
SV_NewYork_40.7372_-73.9816.tif,6,20.042407989501953,15.506829446096486,11.974446441906014,8.32735728762609,37.806784114315185
SV_NewYork_40.7372_-73.9816.tif,7,46.52202606201172,10.09140721508187,10.997378166521694,13.283166639610796,16.158768559473074
SV_NewYork_40.7372_-73.9816.tif,8,21.599475860595703,10.868972800092504,10.256236607589884,11.705387396707323,17.86486425162717
SV_NewYork_40.7372_-73.9816.tif,9,47.351890563964844,11.143429431312112,11.899557091595051,16.224427902102253,14.030224474012519
SV_NewYork_40.7372_-73.9816.tif,10,18.1536865234375,11.154592395209937,11.902421693727552,15.65831092246584,12.725031532278681
SV_NewYork_40.7372_-73.9816.tif,11,43.50096893310547,10.537409951566222,14.323652463088159,14.851312484275388,7.582407122773741
SV_NewYork_40.7372_-73.9816.tif,12,21.1450252532959,6.040923641589366,6.468047652431899,7.4377149857148055,4.4114749052258215
SV_NewYork_40.7345_-74.0020.tif,0,61.25231170654297,4.835461696043577,8.226683298820452,8.671502730228084,9.223394139536012
SV_NewYork_40.7345_-74.0020.tif,1,23.92588233947754,7.12558747179722,8.313120706627195,9.466836432371688,12.249060008494066
SV_NewYork_40.7345_-74.0020.tif,2,20.00652503967285,5.740800592119092,5.789925141064308,8.219514994590446,6.83322292712154
SV_NewYork_40.7345_-74.0020.tif,3,23.866884231567383,4.689480820351326,5.79684003464832,6.463832376509619,6.583814408305617
SV_NewYork_40.7345_-74.0020.tif,4,22.953216552734375,9.93342522886457,9.51450121033884,11.052848829633746,14.051153416507912
SV_NewYork_40.7345_-74.0020.tif,5,45.925479888916016,5.78269550446127,8.23222139673122,9.198956259801294,9.443873133254591
SV_NewYork_40.7345_-74.0020.tif,6,16.888118743896484,8.35710350426617,8.093183727961067,8.599203284840886,16.094229296770227
SV_NewYork_40.7345_-74.0020.tif,7,16.00344467163086,7.974041952167974,10.655678228813828,12.111771452420463,14.01550880163876
SV_NewYork_40.7345_-74.0020.tif,8,18.077926635742188,7.291518306137437,9.98418389747696,11.91474129050384,11.361741210149873
SV_NewYork_40.7345_-74.0020.tif,9,54.89315414428711,7.831725187575782,9.59102128985385,10.985699305089447,14.63011718579232
SV_NewYork_40.7345_-74.0020.tif,11,15.982831954956055,2.16956954762618,2.994843861955055,5.518892206801205,5.18881276049646
SV_NewYork_40.7345_-74.0020.tif,12,19.151321411132812,5.858064642333151,9.338911884501957,9.315814604930015,8.535079858355022
SV_NewYork_40.7345_-74.0020.tif,13,15.02750015258789,4.820890837589924,5.168188968474239,8.107094173092573,3.6465303522133357
SV_NewYork_40.7345_-74.0020.tif,14,13.799973487854004,3.1098943489963986,5.122275787340551,6.321828466351982,6.765182928644835
SV_NewYork_40.7345_-74.0020.tif,15,14.962725639343262,4.850895832708806,7.1435272825834355,7.765108908976159,7.642458182757564
SV_NewYork_40.7359_-74.0034.tif,0,21.06291961669922,3.3400493375744826,5.929602034852199,5.307808021737207,6.945014178240801
SV_NewYork_40.7359_-74.0034.tif,1,0.0,3.0867148847589387,4.223162660637918,2.548483388572819,6.845642385142703
SV_NewYork_40.7359_-74.0034.tif,2,18.716459274291992,4.413489388037988,6.791295408855929,5.35249128960177,17.702092008889938
SV_NewYork_40.7359_-74.0034.tif,5,18.96434783935547,3.584126550232277,4.328474940733755,3.718955518546361,6.452208429924604
SV_NewYork_40.7359_-74.0034.tif,6,0.0,2.282193636337306,4.911386666022057,3.6140440798950233,5.449750749615647
SV_NewYork_40.7359_-74.0034.tif,7,0.0,3.0738197663431617,3.4136988953413563,2.3320242819288866,4.7542252890634
SV_NewYork_40.7401_-73.9915.tif,1,53.49662780761719,3.0217827537828352,3.4167307668729023,2.9031471729126377,4.906430588559701
SV_NewYork_40.7401_-73.9915.tif,2,47.42596435546875,4.009162232948349,5.222787239788619,4.863562851958078,6.279396407238222
SV_NewYork_40.7401_-73.9915.tif,3,49.75334548950195,2.0,4.482542613665013,2.12742280131276,7.282336685779019
SV_NewYork_40.7401_-73.9915.tif,4,61.63145065307617,8.299439822330411,9.009143371625942,6.86895247558903,16.924922878704987
SV_NewYork_40.7401_-73.9915.tif,5,40.568721771240234,2.0,3.1378797184261797,2.0,3.0079311686419143
SV_NewYork_40.7401_-73.9915.tif,6,63.049468994140625,2.0,3.9462964366273092,2.5990188945965875,4.1249346686683035
SV_NewYork_40.7401_-73.9915.tif,7,44.733238220214844,4.0450291297391034,7.282896292560181,3.8466090659861583,17.200554086330524
SV_NewYork_40.7401_-73.9915.tif,8,0.0,2.0,3.511963240608351,2.1077908229133935,4.906430588559701
SV_NewYork_40.7401_-73.9915.tif,9,31.1757869720459,3.3298619107406466,4.423447447206342,3.299811056854314,5.757670075546711
SV_NewYork_40.7401_-73.9915.tif,10,37.61363983154297,5.964963508811662,7.793617464951081,4.716835950258558,9.095609625833607
SV_NewYork_40.7401_-73.9915.tif,11,61.833194732666016,5.096936324858465,7.975037042322912,5.367718976812045,12.076181975363601
SV_NewYork_40.7401_-73.9915.tif,12,35.392608642578125,3.726831786391709,3.8458783054748467,3.9748390326740832,6.024390811927018
SV_NewYork_40.7400_-73.9834.tif,0,22.07758140563965,2.0,4.866299910569435,2.0,8.128430847606289
SV_NewYork_40.7400_-73.9834.tif,1,20.124290466308594,2.999048650212652,3.3444024007776467,2.0,4.175145390883751
SV_NewYork_40.7400_-73.9834.tif,2,73.32048034667969,3.9052081312710465,5.182491582475242,4.6444649753348894,6.692604340249884
SV_NewYork_40.7400_-73.9834.tif,3,40.102561950683594,2.3656235646272528,3.3895321702498062,2.9146259939756196,3.0737655255651997
SV_NewYork_40.7400_-73.9834.tif,4,12.59910774230957,2.436948240716097,3.2732268980631702,7.160112337669465,4.396123208986442
SV_NewYork_40.7400_-73.9834.tif,5,44.13017654418945,2.9366461838907583,7.748188981514881,4.425388841548028,8.137141880142607
SV_NewYork_40.7400_-73.9834.tif,6,83.56108856201172,2.03600967939021,2.979028713915568,2.0,4.843972219710399
SV_NewYork_40.7400_-73.9834.tif,7,73.45442962646484,2.0,3.1192994679840416,2.284798317777673,4.15783263763776
SV_NewYork_40.7400_-73.9834.tif,8,73.8416748046875,21.356140121917633,22.658972256613453,40.478613572963056,27.875136335729
SV_NewYork_40.7400_-73.9834.tif,9,19.120792388916016,2.0,4.51447402997339,2.8407039821444435,5.6142915796105655
SV_NewYork_40.7334_-73.9990.tif,1,20.897499084472656,9.407569199531787,12.984106680731923,9.79809676370097,15.904791862883961
SV_NewYork_40.7402_-74.0052.tif,0,29.550365447998047,8.013444110253616,9.27349884941875,7.556045292376009,16.027963622226657
SV_NewYork_40.7402_-74.0052.tif,1,18.514379501342773,5.9961104971013395,6.460105593635851,7.35183831084886,12.39688706909467
SV_NewYork_40.7402_-74.0052.tif,2,17.729524612426758,4.507964947527777,6.993452870353322,6.061113159782175,11.389854340372473
SV_NewYork_40.7402_-74.0052.tif,3,40.45349884033203,6.47915382545421,6.604593554895481,7.266746334734277,14.116115855890332
SV_NewYork_40.7402_-74.0052.tif,4,20.85298728942871,4.124928517545299,7.801086649566397,7.218718736398543,8.741964592323804
SV_NewYork_40.7402_-74.0052.tif,5,34.515846252441406,5.300215553068646,4.007391635256519,5.150659228002146,5.659504867550001
SV_NewYork_40.7402_-74.0052.tif,6,43.86348342895508,3.0179313363697258,7.920082358274264,6.152153353207684,16.702388429592947
SV_NewYork_40.7402_-74.0052.tif,7,17.018529891967773,2.0,3.8448643353708807,4.485729472755627,8.033921822970353
SV_NewYork_40.7402_-74.0052.tif,8,11.3920259475708,2.639509759189549,2.200894860647826,3.228425616237249,2.958091518717619
SV_NewYork_40.7402_-74.0052.tif,9,13.119477272033691,4.438337123828972,6.796470827490933,6.683495034460915,12.900710911971325
SV_NewYork_40.7402_-74.0052.tif,10,12.639540672302246,3.1290136352607547,2.414561243030237,2.950464788608046,4.272555579081828
SV_NewYork_40.7402_-74.0052.tif,11,16.739431381225586,2.8605463847616353,4.689857358555834,5.439800942527615,6.452208429924604
SV_NewYork_40.7402_-74.0052.tif,12,12.643462181091309,3.2682965304235534,2.168121113904965,3.5804519576710083,3.0584285141580025
SV_NewYork_40.7402_-74.0052.tif,13,11.425250053405762,2.0,4.787908823699439,3.9327388989572096,5.5619030349931355
SV_NewYork_40.7334_-73.9916.tif,0,69.70751190185547,5.955447666415796,8.769248766469994,6.8467397150692895,13.560663308481995
SV_NewYork_40.7334_-73.9916.tif,1,55.740203857421875,10.023035683517755,12.456934080738506,11.654214891427252,16.08519313738315
SV_NewYork_40.7334_-73.9916.tif,2,42.074947357177734,7.750860701392176,12.868488259071936,15.803916227341936,11.625347586604116
SV_NewYork_40.7334_-73.9916.tif,3,36.4986572265625,3.5945546392351932,4.224797050881584,2.9317655294090144,5.021480586558072
SV_NewYork_40.7334_-73.9916.tif,4,55.124141693115234,3.0278972690127564,4.344612746062703,3.2301875307374197,6.7496070776486645
SV_NewYork_40.7334_-73.9916.tif,5,55.1218376159668,4.014051970217507,4.3077658183002265,3.2495282285143703,6.107031506830468
SV_NewYork_40.7334_-73.9916.tif,6,0.0,3.748893088297743,4.6438774872651445,3.9502444170559317,5.897744892370096
SV_NewYork_40.7334_-73.9916.tif,7,31.198318481445312,7.592731960740537,6.901908689658685,4.355774248100962,10.635589649034287
SV_NewYork_40.7334_-73.9916.tif,8,26.33850860595703,8.731467548662575,10.002550364671528,9.139535237203452,15.890847118329802
SV_NewYork_40.7334_-73.9916.tif,9,84.61190795898438,6.920131376659651,8.57551428657694,7.7549474853156815,12.232838990467812
SV_NewYork_40.7334_-73.9916.tif,10,34.85615158081055,5.012914279537613,5.529401752457245,4.644010263480319,7.607082699489621
SV_NewYork_40.7334_-73.9916.tif,12,32.910953521728516,8.69079824455158,11.451835244826999,10.128901340285656,12.367220041170315
SV_NewYork_40.7334_-73.9916.tif,13,20.901185989379883,2.0,2.5879747754700775,2.8643509116970955,4.160140368405244
SV_NewYork_40.7334_-73.9916.tif,14,23.825345993041992,2.0,5.82527832174769,4.761271085496686,6.539124768932768
SV_NewYork_40.7400_-73.9871.tif,0,63.11975860595703,3.1348140722551605,3.2794835085146627,3.8844655316359966,4.9905548034054705
SV_NewYork_40.7400_-73.9871.tif,1,61.5966796875,6.893256279106165,12.325511457369789,10.07275744206149,7.612242622357285
SV_NewYork_40.7400_-73.9871.tif,2,64.23931121826172,5.672403324232236,7.067005489944717,5.479475559297493,7.103342611485594
SV_NewYork_40.7400_-73.9871.tif,3,62.25695037841797,7.163268403237935,7.83112518927809,7.973968587386803,10.49617056633526
SV_NewYork_40.7400_-73.9871.tif,4,76.56937408447266,14.623541988505712,14.672424506330232,13.368221079250294,19.54810063790655
SV_NewYork_40.7400_-73.9871.tif,5,42.151527404785156,5.904110592889666,8.392175835936758,7.051252643311225,10.367431018844034
SV_NewYork_40.7400_-73.9871.tif,6,60.974571228027344,10.263779136221157,11.073236390008805,11.3664383183769,15.87780225920831
SV_NewYork_40.7400_-73.9871.tif,7,32.26093673706055,9.1607179181697,9.535045540559889,10.807975957650298,19.626190572618874
SV_NewYork_40.7400_-73.9871.tif,8,25.88462257385254,6.2586408967974725,9.5117514046918,8.569935885101453,9.307519949149901
SV_NewYork_40.7400_-73.9871.tif,9,50.420013427734375,7.769959517907472,7.940338029537624,6.942204132773637,12.763444343345952
SV_NewYork_40.7400_-73.9871.tif,10,69.8536376953125,7.228846202358805,8.45396725386507,10.18303494683248,10.288665303679796
SV_NewYork_40.7400_-73.9871.tif,11,60.1403694152832,3.688945256141346,2.6191903923785635,3.94590159846693,2.0
SV_NewYork_40.7400_-73.9871.tif,12,20.14438247680664,3.29497855860998,3.740586431389656,6.356987476226222,9.891710906571811
SV_NewYork_40.7399_-73.9783.tif,0,60.64491271972656,14.572537878381093,11.887604666720945,17.395862719004718,27.147084855884195
SV_NewYork_40.7399_-73.9783.tif,1,40.27696228027344,2.224392443192256,3.8026223256203413,3.6624830817036504,4.906430588559701
SV_NewYork_40.7399_-73.9783.tif,2,52.117774963378906,8.275024605564669,13.726636529623915,11.383691133161632,10.149019946798415
SV_NewYork_40.7399_-73.9783.tif,3,83.74881744384766,15.5684961843591,11.25527741526578,18.00755763994652,17.302180951993858
SV_NewYork_40.7399_-73.9783.tif,4,58.41156768798828,13.91452272710221,14.632830250074472,13.00646315121755,15.185685062979656
SV_NewYork_40.7385_-73.9783.tif,0,83.75527954101562,6.266548590057868,6.826300564792425,5.869984340568822,11.213528822225113
SV_NewYork_40.7385_-73.9783.tif,2,74.35391998291016,6.811316855315172,5.214564333114994,4.234296093141967,7.4248252578623575
SV_NewYork_40.7385_-73.9783.tif,3,9.483970642089844,7.784066755061584,9.09245652924184,7.904663520138961,15.834238750151632
SV_NewYork_40.7385_-73.9783.tif,4,11.371936798095703,8.726277873268128,10.904449817458554,9.580147999516415,15.011195110985385
SV_NewYork_40.7385_-73.9783.tif,5,44.81882095336914,12.248425283110102,14.384566643877838,11.821788197857497,9.806545498555542
SV_NewYork_40.7385_-73.9783.tif,6,44.58519744873047,7.6876633565487325,9.672218500046165,7.545207083120926,7.457078219592231
SV_NewYork_40.7373_-73.9971.tif,0,37.97743606567383,2.0,2.6633797166666313,2.4435450606759326,3.4617754427064185
SV_NewYork_40.7373_-73.9971.tif,2,69.02554321289062,5.076807259975998,6.936154055274901,5.476451178306414,9.366295437517273
SV_NewYork_40.7373_-73.9971.tif,3,56.30168533325195,3.8319982771797365,7.1127303118894645,5.402504841731627,8.186558067152475
SV_NewYork_40.7373_-73.9971.tif,4,69.31243133544922,10.321123818636305,9.388740770565734,9.241320971309973,19.418174892107743
SV_NewYork_40.7373_-73.9971.tif,5,50.26902770996094,10.919374663236178,13.564946390050782,14.81872604450675,18.631661472476022
SV_NewYork_40.7373_-73.9971.tif,6,42.442108154296875,2.370655910352074,3.220329328569436,2.4860546281845215,3.8883930863027314
SV_NewYork_40.7373_-73.9971.tif,7,42.387020111083984,3.0336466193988922,4.056229511537184,3.2495282285143703,4.825284346817099
SV_NewYork_40.7373_-73.9971.tif,9,30.732418060302734,3.661434321825924,3.0623805573149774,2.536670152576762,4.866972488668674
SV_NewYork_40.7373_-73.9971.tif,11,22.639768600463867,3.1895526093984294,5.006951187359565,3.775925343674975,8.128430847606289
SV_NewYork_40.7373_-73.9971.tif,12,81.71122741699219,4.518817726619946,4.656164063416759,5.699678704080736,5.700939229153946
SV_NewYork_40.7371_-73.9797.tif,0,46.584014892578125,14.549050981901896,14.709067423755728,16.45312426362292,16.158768559473074
SV_NewYork_40.7371_-73.9797.tif,1,48.931495666503906,13.525476330453175,15.339217181944079,16.543325357412506,13.896014131162369
SV_NewYork_40.7371_-73.9797.tif,2,60.85250473022461,13.069100548861336,13.422013580928372,15.44360180759025,15.606080495371595
SV_NewYork_40.7371_-73.9797.tif,3,47.89885330200195,16.723121865019973,17.171353101670082,21.106582395574932,20.278271543987927
SV_NewYork_40.7371_-73.9797.tif,4,46.52461624145508,14.375551193379717,14.382344723619294,15.693004978830103,19.07818211905868
SV_NewYork_40.7371_-73.9797.tif,5,46.919029235839844,14.788479498324772,13.60573923893606,16.76034504028177,19.617466656474555
SV_NewYork_40.7371_-73.9797.tif,6,46.74613571166992,15.032978986772886,15.435403701953838,16.905707370803807,15.129551450120735
SV_NewYork_40.7371_-73.9797.tif,7,46.280452728271484,16.40188614818613,15.513183415795211,16.85086429574498,21.695412513137573
SV_NewYork_40.7371_-73.9797.tif,8,43.545135498046875,12.320234899631457,14.155437113171347,16.073182851039178,11.493363345107387
SV_NewYork_40.7371_-73.9797.tif,9,43.61063766479492,9.647385180804743,12.070580238175134,11.134672855525354,8.738171919372592
SV_NewYork_40.7387_-74.0020.tif,0,33.39575958251953,4.552807721048109,4.672615583254894,7.869090873486923,6.970102737616707
SV_NewYork_40.7387_-74.0020.tif,1,19.182327270507812,2.22448689745727,3.5000226473934144,5.94919324457287,3.2480562955538703
SV_NewYork_40.7387_-74.0020.tif,2,25.12124252319336,3.864235421207625,5.248856882235124,7.13484081977862,5.718545581766572
SV_NewYork_40.7387_-74.0020.tif,3,21.108774185180664,4.01584527580231,6.719339555214411,10.047857438224709,5.809455178504977
SV_NewYork_40.7387_-74.0020.tif,4,56.55524444580078,11.846192848085531,12.155732205231663,12.7779447705853,19.325673800730154
SV_NewYork_40.7387_-74.0020.tif,5,22.372577667236328,3.2578147815554637,5.366441638908018,7.53811280814799,6.655714618228075
SV_NewYork_40.7387_-74.0020.tif,6,27.342126846313477,19.677832009095827,17.530833946284005,21.44187736072791,33.91138876660802
SV_NewYork_40.7387_-74.0020.tif,7,29.85095977783203,4.723437723391883,4.59996159080054,7.4155045337503935,4.966220894116926
SV_NewYork_40.7387_-74.0020.tif,8,16.942829132080078,14.317897648167847,12.038964487337717,15.32221045069241,14.293200647697017
SV_NewYork_40.7387_-74.0020.tif,9,17.120372772216797,5.6425862646067495,6.555485230541081,7.260585562848395,8.181583930631874
SV_NewYork_40.7387_-74.0020.tif,10,23.37672233581543,5.437502552455034,8.052363545952446,8.683740433748198,11.722514484962803
SV_NewYork_40.7387_-74.0020.tif,11,16.279048919677734,8.235000966933615,9.697518814106568,12.021697378164012,10.836027858367128
SV_NewYork_40.7387_-74.0020.tif,12,25.523738861083984,5.399083932633826,6.555775724286587,7.999690245922927,8.381303358129843
SV_NewYork_40.7387_-74.0020.tif,13,22.33706283569336,12.673516533439756,11.624695117950214,11.99822108186603,18.394502128664747
SV_NewYork_40.7387_-74.0020.tif,14,19.115705490112305,7.544129434273172,7.86683999040015,8.485922872934553,9.512521184359748
SV_NewYork_40.7387_-74.0020.tif,15,23.309249877929688,11.563222098425404,11.733074593234731,13.18264951062178,19.130071926199694
SV_NewYork_40.7387_-74.0020.tif,16,63.363983154296875,5.154168658554806,6.720690986208805,6.881018821258536,8.612354510765593
SV_NewYork_40.7387_-74.0020.tif,17,51.65827560424805,5.212232892347775,6.922160807222672,8.645246411370373,8.507119551861157
SV_NewYork_40.7401_-73.9952.tif,0,50.13569259643555,6.840486515559109,8.438736675417205,11.572031471835663,21.531211702065352
SV_NewYork_40.7401_-73.9952.tif,1,51.096405029296875,5.1647964140370215,9.13805266042074,6.8212015984211005,9.35712223351054
SV_NewYork_40.7401_-73.9952.tif,2,63.8178596496582,6.941757690750288,9.479795921396818,5.075226641262618,12.129773333802989
SV_NewYork_40.7401_-73.9952.tif,3,43.06340789794922,2.0702269524860863,2.6193705072481053,2.6398636020542474,4.902554694963104
SV_NewYork_40.7401_-73.9952.tif,4,47.924381256103516,7.719450943198167,8.987349177480034,11.560419970624151,15.30778069876344
SV_NewYork_40.7401_-73.9952.tif,5,69.28497314453125,9.045368777465509,8.683655708938284,12.04657698682445,13.313753785551386
SV_NewYork_40.7401_-73.9952.tif,6,49.306880950927734,4.2641243458753015,2.407624008073578,2.1700001070894652,3.5172720156719723
SV_NewYork_40.7401_-73.9952.tif,8,43.718963623046875,2.0,2.70834026151048,2.6824568334905874,3.1565937221547125
SV_NewYork_40.7401_-73.9952.tif,9,86.4793701171875,8.411759113936547,11.791243196890584,10.99558558267024,11.763890933783962
SV_NewYork_40.7346_-74.0071.tif,0,4.970793724060059,6.1055857500022395,8.985221480445333,6.272685669159658,8.457329705920264
SV_NewYork_40.7346_-74.0071.tif,1,21.03194236755371,3.235472261709104,5.979206909148132,3.391968550262552,6.958656502731455
SV_NewYork_40.7386_-73.9815.tif,0,28.047609329223633,7.309933612179397,8.392074257408618,7.134491383820069,10.83379976787034
SV_NewYork_40.7386_-73.9815.tif,1,29.044200897216797,2.635264480873259,3.9195762603666986,7.629536022501161,4.906430588559701
SV_NewYork_40.7386_-73.9815.tif,2,83.53933715820312,7.987442192003506,10.326566438852758,10.491075208159423,8.851703494824733
SV_NewYork_40.7386_-73.9815.tif,3,81.533203125,17.346829227050726,29.209444819892756,26.05540494029993,12.147384192374975
SV_NewYork_40.7386_-73.9815.tif,4,73.88906860351562,37.02928031443179,29.495543957097485,55.29387030660077,22.125883029241102
SV_NewYork_40.7386_-73.9815.tif,5,19.114826202392578,2.0,2.517038960056881,3.5087457314484527,3.364447018326364
SV_NewYork_40.7386_-73.9815.tif,6,75.43416595458984,2.99395909520638,4.892445135256968,5.559707263754325,6.825396882161879
SV_NewYork_40.7386_-73.9815.tif,7,45.46771240234375,29.793471886586993,29.621214947524848,41.97892930836757,15.989855608830018
SV_NewYork_40.7386_-73.9815.tif,8,71.92984008789062,3.6154996719019827,5.049494280700075,5.3819062338991825,5.521734754262306
SV_NewYork_40.7386_-73.9815.tif,9,15.913664817810059,2.5510448074031498,5.151078207389587,5.5966171683666515,6.199089689472977
SV_NewYork_40.7386_-73.9815.tif,10,20.58505630493164,5.265467063911505,7.54589773519403,17.35460072522109,10.725492090373528
SV_NewYork_40.7386_-73.9815.tif,11,19.349897384643555,2.466128774038113,2.447976192925003,4.751002533701426,2.9298129430438626
SV_NewYork_40.7386_-73.9815.tif,12,15.09127140045166,3.5100546752690853,4.857369777151425,5.119708285465186,7.33463834579833
SV_NewYork_40.7386_-73.9815.tif,13,20.21165657043457,2.5330763383772794,5.4068880413986,6.426978164165157,9.010938879004119
SV_NewYork_40.7386_-73.9815.tif,14,18.097970962524414,3.107372825482429,2.8104383780548674,13.325802404724259,3.755249345701279
SV_NewYork_40.7386_-73.9815.tif,15,19.332408905029297,2.0,2.8841912133136636,3.060892215361291,3.6574642761844536
SV_NewYork_40.7386_-73.9815.tif,16,44.56106185913086,7.06250761266798,9.997259605462641,9.928324294803375,4.337494727385816
SV_NewYork_40.7386_-73.9834.tif,0,83.46971130371094,15.676402504791106,11.31458434638865,12.151027533549959,11.211255513888233
SV_NewYork_40.7386_-73.9834.tif,1,23.90904426574707,5.412840564885868,5.046305420274214,4.4680103066347465,7.099147230830363
SV_NewYork_40.7386_-73.9834.tif,2,18.15640640258789,6.4006986923671345,3.2469881694272096,3.7018283944759403,5.862451902927168
SV_NewYork_40.7386_-73.9834.tif,3,24.762004852294922,7.18381496860965,6.261009623571526,4.812262288613358,7.797011181872449
SV_NewYork_40.7386_-73.9834.tif,4,39.35348129272461,3.293678421023012,2.7625535167316917,3.7828942376835153,3.2721476613105507
SV_NewYork_40.7386_-73.9834.tif,5,30.226015090942383,6.339635916499007,5.044670760071616,5.1198863104936665,6.265596551174053
SV_NewYork_40.7386_-73.9834.tif,6,39.6417121887207,7.844866216754012,7.305585052921933,7.4614550190155295,10.587443696231889
SV_NewYork_40.7386_-73.9834.tif,7,78.70075988769531,16.0269059259578,20.302523895184876,30.608301169392433,12.503875537616187
SV_NewYork_40.7386_-73.9834.tif,8,51.047908782958984,12.672504168549466,12.651183707257863,11.488856179102212,16.772468590015464
SV_NewYork_40.7386_-73.9834.tif,9,28.076431274414062,17.066268555785364,11.746997575872868,12.831690160803554,12.467858670419266
SV_NewYork_40.7386_-73.9834.tif,10,56.809810638427734,4.757080622162187,3.653047799160066,3.394160672531824,4.514534601031187
SV_NewYork_40.7386_-73.9834.tif,11,66.29692077636719,28.275373080195834,21.74769490681881,37.80078875366904,23.653118771811112
SV_NewYork_40.7386_-73.9834.tif,12,49.8537483215332,21.22617599934246,13.786321100685193,12.71478962242634,29.743026080990404
SV_NewYork_40.7386_-73.9834.tif,13,24.818391799926758,6.980776878611336,7.521287646550883,5.970097549661185,10.731389837093099
SV_NewYork_40.7386_-73.9834.tif,14,40.394344329833984,24.386612691390958,21.676828606385193,21.188258592757546,24.59221844417081
SV_NewYork_40.7386_-73.9834.tif,15,50.75735855102539,22.982454687227758,16.760189827026746,20.199629306752076,64.81720633495463
SV_NewYork_40.7386_-73.9834.tif,16,19.40291404724121,7.677293520490526,8.515036250408516,5.610942625021479,11.812112949563149
SV_NewYork_40.7386_-73.9834.tif,17,39.69352340698242,4.144197105842595,2.994268731628484,2.738965947058965,3.8279725501139987
SV_NewYork_40.7346_-74.0090.tif,0,14.988242149353027,2.0,5.483237289907033,3.2017694309663893,6.13510527940823
SV_NewYork_40.7346_-74.0090.tif,1,15.09665298461914,2.533477822823082,2.658207303994672,2.6912941477532892,3.4617754427064185
SV_NewYork_40.7346_-74.0090.tif,2,28.420604705810547,6.05632041176257,7.222723916073737,5.6777761114711245,13.465775843562009
SV_NewYork_40.7346_-74.0090.tif,3,21.032196044921875,4.690666125844142,9.029270555523704,4.224435793223687,16.838013372664214
SV_NewYork_40.7333_-73.9902.tif,0,38.03450393676758,4.075743774133866,6.046632140899452,5.328138356330647,10.103258763836827
SV_NewYork_40.7333_-73.9902.tif,1,0.0,2.9578270371579247,3.1660680004953026,2.0,4.897407371064304
SV_NewYork_40.7333_-73.9902.tif,2,0.0,3.5318917042726365,3.507848625036026,2.911870055525332,3.1202805534915505
SV_NewYork_40.7333_-73.9902.tif,3,33.087890625,3.0447947573258354,4.369424660917172,2.6164128686857007,5.507848638522706
SV_NewYork_40.7333_-73.9902.tif,4,52.197052001953125,2.451735369705048,4.680265932628376,3.80078788970873,6.254526495599413
SV_NewYork_40.7333_-73.9902.tif,5,30.772695541381836,3.793643589154895,6.168374898225641,4.341799698778057,6.576014490954577
SV_NewYork_40.7333_-73.9902.tif,6,23.532550811767578,2.7301873256680604,8.267451468509963,5.140459992534026,8.833809904245944
SV_NewYork_40.7333_-73.9902.tif,7,24.279691696166992,7.869421576829332,8.575810096734651,7.147376114932812,18.48213570636018
SV_NewYork_40.7333_-73.9902.tif,8,84.11200714111328,6.729114488855719,7.69807813861732,6.572668327510018,12.469682043946133
SV_NewYork_40.7333_-73.9902.tif,9,23.50066566467285,2.0,2.7586988181039747,2.0,3.1202805534915505
SV_NewYork_40.7333_-73.9902.tif,10,19.64396095275879,4.628622975665676,3.2937574561164062,3.2423527031750043,5.035829065520681
SV_NewYork_40.7333_-73.9902.tif,11,32.91633605957031,3.8208288569221107,7.135702448423286,7.003145725391909,14.653894079643887
SV_NewYork_40.7333_-73.9902.tif,12,41.75448989868164,3.272362442612385,7.3835469702869645,6.242323452898403,10.015104788844287
SV_NewYork_40.7333_-73.9902.tif,13,41.3469123840332,2.0,2.4030360689111947,2.0,2.0
SV_NewYork_40.7333_-73.9902.tif,14,42.67974853515625,2.0,3.5778245684688796,3.869868215559243,3.7602214007455843
SV_NewYork_40.7333_-73.9902.tif,15,22.902090072631836,2.891972903496299,4.284738044762796,3.5493847547625648,5.93072657210817
SV_NewYork_40.7343_-73.9783.tif,0,60.59935760498047,7.732958441501173,9.553308497015808,11.220499865597342,10.481869368054046
SV_NewYork_40.7343_-73.9783.tif,1,0.0,9.449709350083591,12.093916331831606,12.595739222602207,12.423192868696413
SV_NewYork_40.7343_-73.9783.tif,2,47.47869110107422,9.484754256361562,11.803106339057733,14.165344550597155,14.910909768143917
SV_NewYork_40.7343_-73.9783.tif,3,40.245365142822266,12.205748043746526,14.085478896700556,17.40568710070994,10.52241716256112
SV_NewYork_40.7343_-73.9783.tif,4,61.671875,9.900259410513135,10.527654943734504,11.505750671460335,14.434941287358743
SV_NewYork_40.7343_-73.9783.tif,5,41.047237396240234,13.11383879466218,17.701835782021988,19.57749255856863,12.84319156495493
SV_NewYork_40.7343_-73.9783.tif,6,36.87842559814453,12.164239204577497,20.40391499750367,23.041792457575045,12.150264736884798
SV_NewYork_40.7343_-73.9783.tif,7,40.62070846557617,14.29176591379191,18.093029008655094,21.598271150716318,13.324275007566989
SV_NewYork_40.7343_-73.9783.tif,8,41.526634216308594,18.387298462188028,18.771217525194,20.430832755742085,16.886410410778204
SV_NewYork_40.7343_-73.9783.tif,9,41.17942428588867,18.84389511000912,21.145447195539965,20.48983991817691,29.910615064865205
SV_NewYork_40.7343_-73.9783.tif,10,37.83693313598633,8.593519228397662,9.540772093008039,13.195103224044532,8.685556236113603
SV_NewYork_40.7343_-73.9783.tif,11,39.134761810302734,18.303062984860027,18.689112508229837,29.65229992876266,15.75285054821457
SV_NewYork_40.7343_-73.9783.tif,12,41.36262130737305,18.759777775256516,20.620145270589983,29.175700145455423,22.036008652317545
SV_NewYork_40.7358_-73.9916.tif,0,0.0,5.050669280880883,2.691104041055535,3.7566428287104587,3.0737655255651997
SV_NewYork_40.7358_-73.9916.tif,1,100.92049407958984,11.04550219127546,8.323014362055481,10.173195508237944,13.921711302048037
SV_NewYork_40.7358_-73.9916.tif,2,43.228416442871094,6.5760097266482065,7.008290059701807,6.4151462180315395,10.87261090434202
SV_NewYork_40.7345_-73.9990.tif,0,24.675445556640625,2.0,3.55657296177464,2.4057613089769516,3.156475027076532
SV_NewYork_40.7345_-73.9990.tif,1,36.16122055053711,2.0,3.1103534085418816,2.6308340174277207,3.2480562955538703
SV_NewYork_40.7345_-73.9990.tif,2,45.19477844238281,2.0,4.803260386030671,2.485782706793188,6.907633488674234
SV_NewYork_40.7345_-73.9990.tif,3,60.70326232910156,3.083777549783443,6.241526331017439,4.9652132801712785,8.814063255708747
SV_NewYork_40.7345_-73.9990.tif,4,35.318172454833984,4.1103966881493195,8.30710334198995,6.62019876004967,8.193167062376252
SV_NewYork_40.7345_-73.9990.tif,5,6.009223937988281,2.0,2.9818107061609407,2.0,3.2480562955538703
SV_NewYork_40.7345_-73.9990.tif,6,17.891115188598633,2.0,3.7396181943914595,2.913552301304932,3.287484672717748
SV_NewYork_40.7345_-73.9990.tif,7,38.709510803222656,3.823580291361652,3.413065812925454,4.122207779392605,11.430811832558994
SV_NewYork_40.7345_-73.9990.tif,8,58.028594970703125,2.3128942867542293,4.445802692720948,4.353649149126781,5.93072657210817
SV_NewYork_40.7345_-73.9990.tif,9,50.355342864990234,2.338236968098677,3.5400108436432003,3.4392372168333165,4.150353003286876
SV_NewYork_40.7333_-73.9835.tif,0,38.08866882324219,11.8394615283387,17.96890286059299,18.24706079119458,15.969900188535776
SV_NewYork_40.7333_-73.9835.tif,1,38.51819610595703,10.23489463147339,19.1733048353792,15.077218342917327,9.512521184359748
SV_NewYork_40.7333_-73.9835.tif,2,40.00525665283203,14.393574239831803,19.142950810301738,20.66896715417083,15.969900188535776
SV_NewYork_40.7333_-73.9835.tif,3,39.97711944580078,19.882452329368256,27.88816053023536,27.938103084957774,36.61622899539772
SV_NewYork_40.7333_-73.9835.tif,4,5.3114142417907715,2.61526740552876,5.096920042665217,4.908223506330844,6.805953276153556
SV_NewYork_40.7333_-73.9835.tif,5,38.55722427368164,26.639818539670664,29.54337992470854,30.287253064039817,28.90836564167876
SV_NewYork_40.7333_-73.9835.tif,6,14.298598289489746,5.463798375166003,2.4354062901872404,13.931792717245038,3.961009581071554
SV_NewYork_40.7333_-73.9835.tif,7,12.871826171875,3.6721353534752597,4.70793044350723,3.3962228807729478,3.4308699822004303
SV_NewYork_40.7333_-73.9835.tif,8,12.748370170593262,4.231069139200835,3.2090072639204608,3.9786628142560954,3.8949028202286557
SV_NewYork_40.7346_-74.0053.tif,1,20.23785400390625,4.101238305596835,8.060649192954061,5.079998158245406,9.747323626150214
SV_NewYork_40.7346_-74.0053.tif,2,15.28516960144043,2.89966800541743,2.8782765644755033,2.0,3.6926412846218
SV_NewYork_40.7346_-74.0053.tif,3,21.888334274291992,5.257408176665024,7.588681443537377,5.149155712062063,11.323477479758582
SV_NewYork_40.7346_-74.0053.tif,4,19.33407211303711,4.479251000488016,2.681952964989876,2.4269263977294826,3.1565937221547125
SV_NewYork_40.7346_-74.0053.tif,5,21.8883113861084,6.063703281226922,9.897237861251517,6.95437691265469,8.618137516232414
SV_NewYork_40.7346_-74.0053.tif,6,22.422496795654297,4.51338449372655,5.711594793687394,4.285846026723894,10.485774262768052
SV_NewYork_40.7346_-74.0053.tif,7,13.123250961303711,2.0229461426078412,4.797862543074471,2.165792195336489,3.742676512119624
SV_NewYork_40.7360_-74.0053.tif,0,27.11959457397461,2.0,6.987497014581407,5.705726393388563,9.526325742445763
SV_NewYork_40.7360_-74.0053.tif,1,20.620161056518555,2.923527840071742,7.012146561227721,5.373022566006034,10.781355226088232
SV_NewYork_40.7360_-74.0053.tif,2,21.50615692138672,3.1709718062086516,7.145884567987004,6.85530147772856,14.778113522096175
SV_NewYork_40.7360_-74.0053.tif,3,13.459611892700195,5.224463979201877,7.349570094838018,6.143296608858365,10.386830511676505
SV_NewYork_40.7360_-74.0053.tif,4,20.643604278564453,2.4189864623938337,4.3127796403189045,3.4078176949087697,7.736188630520498
SV_NewYork_40.7360_-74.0053.tif,5,21.655292510986328,2.980435331946298,7.1979447803572585,6.362301599564459,7.524539872844488
SV_NewYork_40.7360_-74.0053.tif,6,0.0,3.5808846157999845,3.0680087674020236,2.0,3.6172964580951747
SV_NewYork_40.7360_-74.0053.tif,7,22.135622024536133,4.483578897682604,8.195989475165474,7.445389596277599,18.648870794164512
SV_NewYork_40.7360_-74.0053.tif,8,20.240419387817383,2.0,4.350757303468771,8.282565003260638,4.9905548034054705
SV_NewYork_40.7360_-74.0053.tif,10,20.031810760498047,2.0,4.026515205019015,8.694495455128902,2.9298129430438626
SV_NewYork_40.7360_-74.0053.tif,11,18.95553970336914,4.081244603120111,7.099384450942214,5.957936914782405,7.920908773953416
SV_NewYork_40.7360_-74.0053.tif,12,23.432836532592773,4.918136007196307,6.364640675962628,5.3044511921295125,9.65119902984136
SV_NewYork_40.7400_-73.9797.tif,0,42.99929428100586,11.917440801239984,11.810480863315945,11.712379377258413,15.866009586752204
SV_NewYork_40.7400_-73.9797.tif,1,60.60270690917969,19.568520406368002,24.571452729028774,16.46935936106508,19.700426558843063
SV_NewYork_40.7400_-73.9797.tif,2,98.66732025146484,12.636875593532242,14.587974724081764,11.264490938050143,21.9899685040182
SV_NewYork_40.7400_-73.9797.tif,3,46.24325942993164,22.499949062971975,30.034753661448512,20.68925778811251,14.365159111379063
SV_NewYork_40.7400_-73.9797.tif,4,28.304393768310547,16.44445700320767,20.306618574285398,18.797993312085925,18.626750548251376
SV_NewYork_40.7400_-73.9797.tif,5,66.47195434570312,21.871882244392893,24.098876364293098,25.665018723638628,15.299055778203268
SV_NewYork_40.7400_-73.9797.tif,6,28.007314682006836,18.33825570664081,28.543296882261824,19.84818822616102,14.36522435048632
SV_NewYork_40.7400_-73.9797.tif,7,18.360193252563477,6.14001184337417,2.81899416412704,4.2086005253550045,3.2480562955538703
SV_NewYork_40.7400_-73.9797.tif,8,81.52487182617188,18.83113469029978,34.22936296503093,25.97792081572489,14.45504984202605
SV_NewYork_40.7400_-73.9797.tif,9,49.51579666137695,13.285577304148967,14.308123828337216,13.960918219968415,27.09398163891803
SV_NewYork_40.7346_-74.0108.tif,0,58.344688415527344,2.496116013032575,2.304227691747544,2.5097617104805834,2.1077401278800916
SV_NewYork_40.7346_-74.0108.tif,1,46.48886489868164,4.974307472267207,4.721417752777987,4.95832854659452,4.872198964756047
SV_NewYork_40.7346_-74.0108.tif,2,22.896699905395508,6.209018016997981,9.749916643604795,7.322822815921699,16.094229296770227
SV_NewYork_40.7346_-74.0108.tif,3,25.353445053100586,4.718922707675364,4.589902892178962,3.8188036783960437,5.687625112713955
SV_NewYork_40.7346_-74.0108.tif,4,57.84797668457031,6.894542870757458,6.873745354718505,4.615327392014209,9.95315935157397
SV_NewYork_40.7346_-74.0108.tif,5,25.282136917114258,5.685279014865279,6.796718213063895,5.472773680875428,17.054904882824108
SV_NewYork_40.7346_-74.0108.tif,6,17.396635055541992,2.433860093538529,3.0732819290825186,2.2335892870409633,4.809124032204764
SV_NewYork_40.7402_-74.0107.tif,0,13.530616760253906,8.537896864035567,10.91035369384756,9.33807697692233,12.654458036755175
SV_NewYork_40.7402_-74.0107.tif,1,57.11804962158203,15.110143619694313,15.440276092104655,12.32064222987308,22.051414819051416
SV_NewYork_40.7402_-74.0107.tif,2,27.346284866333008,4.523198152900385,4.486942042715466,4.518275973531695,5.4657333038984905
SV_NewYork_40.7402_-74.0107.tif,4,0.0,6.028474396070308,3.9961106372651933,4.232630006455945,3.7126324770873205
SV_NewYork_40.7402_-74.0107.tif,5,24.220701217651367,2.0,3.87057039280019,8.926616631909805,3.1202805534915505
SV_NewYork_40.7402_-74.0107.tif,6,36.30481719970703,8.603560658729375,10.492352080199309,9.901117361868804,10.879383828758934
SV_NewYork_40.7402_-74.0107.tif,7,43.33168029785156,8.253344161314926,8.780191016796357,9.175915031707158,12.478190761796844
SV_NewYork_40.7402_-74.0107.tif,8,26.45865249633789,7.06023590501315,9.161785760978123,9.254148664293574,15.516552873670008
SV_NewYork_40.7402_-74.0107.tif,9,0.0,3.255141555148496,5.4926505076342185,4.233979502561458,6.64183621132047
SV_NewYork_40.7402_-74.0107.tif,10,26.838489532470703,9.188674842060147,10.29345609590272,9.779859381731017,27.283542524714516
SV_NewYork_40.7402_-74.0107.tif,11,0.0,6.1518396055301565,6.621929095925326,6.251989340482521,6.608356775973288
SV_NewYork_40.7344_-73.9916.tif,0,38.46810531616211,5.664015654746798,7.344047788889839,6.63661830785793,17.36715555092742
SV_NewYork_40.7344_-73.9916.tif,1,101.08201599121094,5.365308451762923,6.286096876170032,5.8399496835747,11.96415064408392
SV_NewYork_40.7344_-73.9916.tif,2,74.45072937011719,2.2711779572353485,2.977226387693978,2.6884473827730635,3.5595652150407098
SV_NewYork_40.7344_-73.9916.tif,3,0.0,3.4444465356503713,3.065134699890491,2.786882377660987,3.513270323751922
SV_NewYork_40.7344_-73.9916.tif,4,37.97629928588867,2.370170948893966,2.969851502558577,2.5511442786316345,2.8129423254763433
SV_NewYork_40.7344_-73.9916.tif,5,24.8996639251709,4.786632884872375,7.412264236241999,6.563029297683463,16.053123554730725
SV_NewYork_40.7344_-73.9916.tif,6,41.014278411865234,4.777456670694853,5.7246928531626455,4.658621446058347,7.564655982375913
SV_NewYork_40.7344_-73.9916.tif,7,55.74424362182617,3.05566568397375,6.864899908254203,5.810821698213417,11.396913850086266
SV_NewYork_40.7344_-73.9916.tif,8,64.279296875,2.0,4.5702820146025935,4.0310265817699,5.4657333038984905
SV_NewYork_40.7344_-73.9916.tif,9,27.26805877685547,3.912474883205638,7.722116000346458,6.7111576603505965,10.96697990684168
SV_NewYork_40.7344_-73.9916.tif,10,87.81632232666016,3.6643851255422906,4.852820567530986,4.832088758319693,6.921595309710048
SV_NewYork_40.7344_-73.9916.tif,11,75.99051666259766,2.2259497962183588,3.3530891887203755,3.780422973902363,3.1565937221547125
SV_NewYork_40.7344_-73.9871.tif,0,31.910198211669922,2.905525405793579,2.4044136925298303,5.9996143442527625,2.9298129430438626
SV_NewYork_40.7344_-73.9871.tif,1,24.87351417541504,5.50611932388122,8.516785142949498,7.464200129128255,13.552175970517467
SV_NewYork_40.7344_-73.9871.tif,2,48.181884765625,4.5520971527101475,4.0235977245284955,5.94391937977563,5.786310886857286
SV_NewYork_40.7344_-73.9871.tif,3,50.827728271484375,5.105343071057747,5.682918580751821,7.20052558629853,7.19112481260626
SV_NewYork_40.7344_-73.9871.tif,4,24.00882339477539,10.375250780489102,12.504049921692037,10.48891607683961,17.694099073366388
SV_NewYork_40.7344_-73.9871.tif,5,27.079139709472656,7.705356389113849,9.255931528483519,7.283618930977524,5.682438303620699
SV_NewYork_40.7344_-73.9871.tif,6,28.36935043334961,13.820954509766844,13.880838838429177,16.366434109891024,17.732263719432698
SV_NewYork_40.7344_-73.9871.tif,7,27.623580932617188,3.785086348377317,4.379388019433508,4.5206279152597455,3.287484672717748
SV_NewYork_40.7344_-73.9871.tif,8,28.208602905273438,5.252647223073958,6.662194545692981,5.4066251746562,8.017711121649889
SV_NewYork_40.7344_-73.9871.tif,9,24.28355598449707,9.692464258765355,13.551295361629187,10.465544984203092,15.538680719146763
SV_NewYork_40.7344_-73.9871.tif,10,19.64836883544922,5.34902985815921,4.365815385025736,4.318537700549219,7.117654385213602
SV_NewYork_40.7359_-73.9990.tif,0,19.994714736938477,12.024126857881994,15.190250434995816,11.403956602142374,19.27489004256324
SV_NewYork_40.7359_-73.9990.tif,1,24.5250301361084,2.9083756039684356,8.510760030916549,3.81943252440938,8.878007461240061
SV_NewYork_40.7359_-73.9990.tif,3,16.865772247314453,2.0,4.719343101129653,2.395118438192595,6.714673169285905
SV_NewYork_40.7359_-73.9990.tif,4,45.149810791015625,5.808146987132776,9.909220550843227,7.787535641860658,16.405084219574462
SV_NewYork_40.7359_-73.9990.tif,5,20.62486457824707,2.014114767442697,3.928843751582903,2.0,9.666872642861689
SV_NewYork_40.7359_-73.9990.tif,6,20.599735260009766,2.0,3.503116043848527,2.6322908275566337,5.757670075546711
SV_NewYork_40.7359_-73.9990.tif,7,28.09170150756836,5.745480311632765,9.402551196361525,3.819042522701045,12.181465064829254
SV_NewYork_40.7358_-73.9853.tif,0,34.22945022583008,3.9172154951375155,2.862412609672207,2.4496846168140105,4.297517071515179
SV_NewYork_40.7358_-73.9853.tif,1,24.653400421142578,5.045608953580189,7.513261485612031,5.782290853744195,8.068975016767968
SV_NewYork_40.7358_-73.9853.tif,2,20.102481842041016,8.912202738522264,12.992047075766573,9.400737508790904,11.305718364124386
SV_NewYork_40.7358_-73.9853.tif,3,18.33338165283203,2.0,2.3430065379418155,2.0,2.9814712492836137
SV_NewYork_40.7358_-73.9853.tif,4,18.638595581054688,3.412102666549245,5.441077308694205,4.659123329151456,6.7496070776486645
SV_NewYork_40.7358_-73.9853.tif,5,32.59673309326172,5.31694315355953,9.797441822490754,5.106845921998527,8.999180566105087
SV_NewYork_40.7358_-73.9853.tif,6,22.094715118408203,7.869110192372318,12.710837186280353,7.269147744044076,16.540252652361335
SV_NewYork_40.7358_-73.9853.tif,7,31.611093521118164,5.222393050001807,8.175346237463467,6.254521311295168,7.36215754165355
SV_NewYork_40.7388_-74.0034.tif,0,18.9129581451416,5.856906198248569,7.240696800673765,4.195731322846891,7.159058153087532
SV_NewYork_40.7388_-74.0034.tif,1,18.578325271606445,4.2976668810360925,5.300809313439852,3.2872397650464515,7.282336685779019
SV_NewYork_40.7388_-74.0034.tif,2,17.200101852416992,2.0,2.85700857222783,2.0,3.350692511069855
SV_NewYork_40.7388_-74.0034.tif,3,22.611162185668945,6.606821047143457,9.282563024816383,4.198053725575411,11.989865673269437
SV_NewYork_40.7388_-74.0034.tif,4,22.48000144958496,4.732198552306849,8.843805043603169,3.8045468341342192,9.650708297268713
SV_NewYork_40.7388_-74.0034.tif,5,20.676088333129883,5.302915534676708,9.00323231105296,4.290422434195811,12.658918965996168
SV_NewYork_40.7388_-74.0034.tif,6,16.08485221862793,3.881797714797872,5.501321096058778,3.3604028742973555,7.6014560760842205
SV_NewYork_40.7333_-73.9816.tif,0,40.76410675048828,27.107234033884254,21.016748406797824,16.53546911906085,15.792087578333298
SV_NewYork_40.7333_-73.9816.tif,1,40.66510009765625,10.23994482941594,13.384908865971903,10.73463608374649,7.142982854944293
SV_NewYork_40.7333_-73.9816.tif,2,44.308860778808594,20.885824209575254,16.404546250321008,17.33754373752519,23.270536395839045
SV_NewYork_40.7333_-73.9816.tif,3,37.924156188964844,15.768107254608912,17.55817576778618,14.628181815704627,19.262211337728747
SV_NewYork_40.7333_-73.9816.tif,4,39.88605880737305,22.50010000215487,19.896407063861304,22.20783084912787,16.525915883025604
SV_NewYork_40.7333_-73.9816.tif,5,43.62931823730469,23.713352789760997,21.50446967964806,15.734334220611665,16.618700234217656
SV_NewYork_40.7333_-73.9816.tif,6,40.555850982666016,27.464472846060836,20.657840723818865,21.65633772459344,20.623137597550592
SV_NewYork_40.7333_-73.9816.tif,7,37.17151641845703,20.250173567429815,22.85830820302475,32.56949402561351,9.904710706552251
SV_NewYork_40.7333_-73.9816.tif,8,39.82723617553711,24.217424818704572,21.425005044855542,25.447435037785716,14.821975206041646
SV_NewYork_40.7333_-73.9816.tif,9,38.321495056152344,25.97548697483797,23.10856367683696,37.88457835107307,17.28246877397362
SV_NewYork_40.7333_-73.9816.tif,10,39.2830810546875,15.044602023658973,18.34819484631422,13.826672427018838,6.637076923477938
SV_NewYork_40.7335_-74.0072.tif,0,26.030118942260742,2.0,2.9188457013573395,2.1074968903246534,5.01615768053908
SV_NewYork_40.7335_-74.0072.tif,1,17.760725021362305,6.576785731176211,8.750826556154843,8.44755600251148,12.01417880392882
SV_NewYork_40.7335_-74.0072.tif,2,4.954807758331299,2.0,3.3595071807977086,2.0,9.822333849057305
SV_NewYork_40.7335_-74.0072.tif,3,13.298948287963867,5.510381395879652,9.400148263370706,9.305328451635374,11.949926893296695
SV_NewYork_40.7335_-74.0072.tif,4,21.083370208740234,2.0,3.1918590661249833,3.172460723364367,3.1202805534915505
SV_NewYork_40.7335_-74.0072.tif,5,12.248054504394531,2.8305167816375967,3.7531234873722084,4.171456457704306,5.502991199074792
SV_NewYork_40.7335_-74.0072.tif,6,0.0,3.4310911720130974,4.077802823074481,2.5331396835799818,6.096206952289566
SV_NewYork_40.7335_-74.0072.tif,7,19.473697662353516,3.3728895049298036,5.6101737319244025,4.169021224090221,13.804490748331412
SV_NewYork_40.7372_-73.9916.tif,0,43.463905334472656,9.183066622172692,12.550266256174691,10.975755868886532,17.88915936509132
SV_NewYork_40.7372_-73.9916.tif,1,45.855777740478516,6.306661995473534,10.054040449007124,8.065011123350558,12.323579082756448
SV_NewYork_40.7372_-73.9916.tif,2,0.0,6.235406425128066,4.802423705960224,5.082932529827084,6.351696109010365
SV_NewYork_40.7344_-73.9853.tif,0,31.915607452392578,5.042089434771991,5.32922718328838,4.679328104575478,7.243816124719172
SV_NewYork_40.7344_-73.9853.tif,1,27.828067779541016,3.606466891290424,3.197523499579435,3.3590726828051385,5.130872706766793
SV_NewYork_40.7344_-73.9853.tif,2,28.197019577026367,8.0835410299965,7.671819428879797,5.545289841511207,8.424044999936898
SV_NewYork_40.7344_-73.9853.tif,3,19.442750930786133,2.0,4.075600794454247,3.1530353607736687,6.845368987154984
SV_NewYork_40.7344_-73.9853.tif,4,28.271930694580078,4.031503629849314,2.9376851840963396,2.0,4.742835882065223
SV_NewYork_40.7344_-73.9853.tif,5,28.068029403686523,12.073259394584367,15.558089957227946,11.975260464346865,13.623595698296318
SV_NewYork_40.7344_-73.9853.tif,6,33.60563278198242,4.530166572719396,5.345428924687724,2.742218518189609,8.108178927172455
SV_NewYork_40.7344_-73.9853.tif,7,22.291749954223633,4.849197881681479,3.8055586978856906,2.814815573730555,6.315311998747817
SV_NewYork_40.7344_-73.9853.tif,9,19.509334564208984,8.455227859010392,10.707535765690977,6.60732935358382,15.274628803781665
SV_NewYork_40.7335_-74.0108.tif,0,30.161697387695312,6.644099848161263,7.093634347707871,4.71446124292981,10.948591123406143
SV_NewYork_40.7335_-74.0108.tif,1,25.754981994628906,2.1686820374955875,2.6622099646231896,2.0,4.908458386577277
SV_NewYork_40.7335_-74.0108.tif,2,21.33820343017578,2.3978536338121703,8.133535431760714,5.21508690454529,9.40866840630555
SV_NewYork_40.7335_-74.0108.tif,3,22.05706787109375,2.0,4.924695286571853,3.7055748819081793,10.232302264249034
SV_NewYork_40.7335_-74.0108.tif,4,25.357454299926758,5.281368349500901,5.06425994510564,3.797312993346909,4.969668552822142
SV_NewYork_40.7335_-74.0108.tif,5,57.75234603881836,6.789017541971191,7.4291873414876815,5.334414168990543,10.752204505515342
SV_NewYork_40.7335_-74.0108.tif,6,58.449005126953125,6.238347323815634,7.176987888161105,5.155650277890208,12.388811186696103
SV_NewYork_40.7335_-74.0108.tif,7,37.68233871459961,3.8642645024827784,2.895120249036687,2.7253700736975297,5.860902768325488
SV_NewYork_40.7335_-74.0108.tif,8,43.1563720703125,11.82808174941646,12.839656532165117,9.91553990092737,21.54457799413799
SV_NewYork_40.7387_-73.9971.tif,0,21.01797866821289,3.2881779438885665,4.027489223009003,6.352269218179297,9.235475514013617
SV_NewYork_40.7387_-73.9971.tif,1,16.864479064941406,3.5716540206200715,2.540145349027822,4.985858200666618,3.1565937221547125
SV_NewYork_40.7387_-73.9971.tif,2,63.59229278564453,2.0283462327585635,2.323379322021122,3.3643420251482623,3.364447018326364
SV_NewYork_40.7387_-73.9971.tif,3,37.480499267578125,6.603754448049309,8.107836192872409,6.960710401006849,8.887901758072594
SV_NewYork_40.7387_-73.9971.tif,4,64.4911117553711,5.901050043487345,5.91812701982101,5.929417653775599,6.017177952178885
SV_NewYork_40.7387_-73.9971.tif,5,24.162017822265625,6.535193689822399,9.9526391063332,8.482533008525364,13.859973112438803
SV_NewYork_40.7387_-73.9971.tif,6,66.86080932617188,9.232212396603764,15.518812723759616,11.833205055329369,12.99731521562779
SV_NewYork_40.7387_-73.9971.tif,7,42.16508865356445,16.004561662332968,16.603568848991323,18.719648076829863,18.264014896459273
SV_NewYork_40.7387_-73.9971.tif,8,69.00590515136719,7.899649944671294,9.212835192755259,9.068921947999952,11.046015024110742
SV_NewYork_40.7345_-74.0034.tif,0,20.484830856323242,2.7702868478110787,3.0955845036043352,3.21485618947516,3.3936897009351763
SV_NewYork_40.7345_-74.0034.tif,1,21.055681228637695,2.0,3.3444252889206596,3.5338172757710087,3.1563232341602667
SV_NewYork_40.7345_-74.0034.tif,4,42.99702453613281,4.193428645127919,6.64588475303968,5.266183005334423,8.501136299841065
SV_NewYork_40.7345_-74.0034.tif,5,20.346221923828125,2.643529944786895,7.436139222848137,5.550485383010734,9.517717125254851
SV_NewYork_40.7345_-74.0034.tif,7,57.83476638793945,5.23831908459104,7.003411127433911,6.126121019454492,9.999580857512182
SV_NewYork_40.7345_-74.0034.tif,8,23.79182243347168,7.5430698786623145,8.971300273855475,7.480905700406165,14.445014720012233
SV_NewYork_40.7345_-74.0034.tif,9,28.363332748413086,2.473104160610255,2.7669080739521497,2.0,4.396137893818625
SV_NewYork_40.7345_-74.0034.tif,10,16.990137100219727,2.802801507294916,4.0952238833290515,2.0,10.816027656955336
SV_NewYork_40.7372_-73.9901.tif,0,83.21656036376953,6.763458988534198,8.075883426857146,7.802289138771619,10.081984303061569
SV_NewYork_40.7372_-73.9901.tif,1,36.78876495361328,2.8434670075289947,3.011847679990995,4.056560430259261,4.9905548034054705
SV_NewYork_40.7372_-73.9901.tif,3,22.160900115966797,7.870734849803837,10.760707251394843,6.221930668658195,14.774808520274489
SV_NewYork_40.7372_-73.9901.tif,4,53.96791076660156,8.403840290123547,9.808328048501505,7.196607613741343,13.568216818360508
SV_NewYork_40.7372_-73.9901.tif,5,45.941890716552734,14.863332336159209,12.144230352448393,12.275718062849808,18.410314580014422
SV_NewYork_40.7372_-73.9901.tif,6,54.815406799316406,14.850268187551846,13.444290489817448,11.761904566614447,20.62634574812371
SV_NewYork_40.7372_-73.9901.tif,7,20.45220375061035,10.007264545152603,13.740693881071115,7.582874959156801,10.664472787832812
SV_NewYork_40.7400_-73.9815.tif,0,22.810529708862305,3.674896465665311,8.15839872919026,8.084718081592072,9.74936423783807
SV_NewYork_40.7400_-73.9815.tif,1,43.024330139160156,9.129327127245421,11.379875951906023,12.824289895225803,11.831493961929898
SV_NewYork_40.7400_-73.9815.tif,2,98.6883544921875,10.539787720281,12.018224771623947,12.974112477224809,19.424954380685197
SV_NewYork_40.7400_-73.9815.tif,3,46.30534362792969,23.27222232146188,27.75653716953865,28.554236921666458,16.540252652361335
SV_NewYork_40.7400_-73.9815.tif,4,54.595001220703125,6.484747833058675,6.818862966351341,5.542242035585854,6.335754262149151
SV_NewYork_40.7400_-73.9815.tif,5,27.31441879272461,15.45481526407957,22.924218220443983,25.92041741724338,11.431293101803735
SV_NewYork_40.7400_-73.9815.tif,6,54.22469711303711,5.624396963566042,5.803721487651388,6.181301939492716,6.372609237538106
SV_NewYork_40.7400_-73.9815.tif,7,27.97960662841797,14.066618245280251,20.55918248922904,19.640973317719357,12.109817044895244
SV_NewYork_40.7400_-73.9815.tif,8,54.67839813232422,3.9555033786757647,3.11825898975067,3.451446572951467,3.2806927057241198
SV_NewYork_40.7400_-73.9815.tif,9,83.52542114257812,8.762472690352967,9.742881913507892,10.587358541041116,13.330950143766842
SV_NewYork_40.7400_-73.9815.tif,10,81.52460479736328,21.16813022433786,29.224546876459044,28.1672833678398,12.48305766557782
SV_NewYork_40.7400_-73.9815.tif,11,77.41400909423828,28.369619690221846,30.664257735889763,49.99496124099896,14.018160892534809
SV_NewYork_40.7400_-73.9815.tif,12,53.89698028564453,5.9509911623844385,3.532485076401597,4.019698551688572,5.883298274774184
SV_NewYork_40.7400_-73.9815.tif,13,19.11474609375,8.231370966266566,8.998730863726657,7.351964450377344,9.091772004578498
SV_NewYork_40.7400_-73.9815.tif,14,47.45526885986328,4.936435996911412,5.00559610070019,4.9004269736247235,6.452890486861401
SV_NewYork_40.7357_-73.9797.tif,0,46.508880615234375,11.787188055927874,12.440396388589097,13.710770086095623,17.745574217132244
SV_NewYork_40.7357_-73.9797.tif,1,48.88115310668945,11.704773320243747,12.63001260533112,13.852722004455236,11.077547607790091
SV_NewYork_40.7357_-73.9797.tif,2,44.382484436035156,10.48409145434723,13.483310876216347,13.094820035116447,9.78361833059473
SV_NewYork_40.7357_-73.9797.tif,3,46.92222595214844,13.225866642527603,12.367539481145679,15.22114657257799,16.64082383984599
SV_NewYork_40.7357_-73.9797.tif,4,46.76553726196289,14.58248003775662,13.631025903981548,14.782866370820388,20.997933056578095
SV_NewYork_40.7357_-73.9797.tif,5,46.53119659423828,15.293816742215345,14.446604486376536,20.93978815746144,31.003307082252853
SV_NewYork_40.7357_-73.9797.tif,6,56.80799102783203,13.952378364554253,13.675434735571695,15.125318359214768,15.222462283214853
SV_NewYork_40.7357_-73.9797.tif,7,46.795040130615234,13.03901109975815,13.77674609744151,14.2061414125431,19.262211337728747
SV_NewYork_40.7357_-73.9797.tif,8,46.32749938964844,14.676520037322499,12.91189219117451,15.056177600819233,14.214031250990082
SV_NewYork_40.7357_-73.9797.tif,9,39.450653076171875,15.277846488590896,12.876476536724423,15.077791120620576,21.74826934892488
SV_NewYork_40.7357_-73.9797.tif,10,56.04495620727539,12.16114550998836,12.295166588384987,13.984081316094468,15.928852527245242
SV_NewYork_40.7357_-73.9797.tif,11,39.65156555175781,16.23317318585196,15.345040424813869,16.97166046756602,14.821975206041646
SV_NewYork_40.7357_-73.9797.tif,12,37.30037307739258,14.489672264014246,12.901087056155905,14.941015674156207,18.489328347007184
SV_NewYork_40.7357_-73.9797.tif,13,40.582237243652344,14.856083401554672,12.890730397170723,14.86455994727624,16.411056372231762
SV_NewYork_40.7357_-73.9797.tif,14,40.09878921508789,13.16286324948211,13.5950863339573,14.553942767064022,11.418710296231623
SV_NewYork_40.7371_-73.9783.tif,0,74.38995361328125,6.936350476398476,4.002904299114822,4.884320726291994,5.547433359380517
SV_NewYork_40.7371_-73.9783.tif,1,44.81608963012695,14.479305950072648,21.391634443471922,18.152067034967747,10.817451382775921
SV_NewYork_40.7371_-73.9783.tif,2,49.244327545166016,13.470061224760677,15.82919486980648,17.603823578661576,13.330536763843625
SV_NewYork_40.7371_-73.9783.tif,3,60.857444763183594,12.298488206158732,13.734129720789936,15.876931642917276,12.85955522475149
SV_NewYork_40.7371_-73.9783.tif,4,48.153289794921875,16.452833347144285,16.12917578524124,19.87350111956534,18.213343092086774
SV_NewYork_40.7371_-73.9783.tif,5,49.00509262084961,13.545516161256995,14.500227457519934,17.63898592573279,15.233681800017564
SV_NewYork_40.7371_-73.9783.tif,6,47.039405822753906,15.467220408678163,15.375848707646487,17.702990517057206,17.10464992810068
SV_NewYork_40.7371_-73.9783.tif,7,46.54799270629883,14.477999716924344,14.569860137668202,16.185031352374033,13.984830741398968
SV_NewYork_40.7371_-73.9783.tif,8,46.736473083496094,17.095425935904053,19.545670993680552,27.08697839083572,23.418267390792924
SV_NewYork_40.7371_-73.9783.tif,9,46.36962127685547,16.29270089973864,19.230289539055537,25.855335027782793,11.421590924552104
SV_NewYork_40.7371_-73.9783.tif,10,43.66062545776367,12.201256619676263,15.43134078352001,15.576486319417032,16.416006334742637
SV_NewYork_40.7332_-73.9784.tif,0,40.60325622558594,14.712209722363893,15.481305572623553,16.098478970917792,12.556120217688019
SV_NewYork_40.7332_-73.9784.tif,1,41.74732971191406,17.896427128798813,15.56388994643519,16.287790838444902,14.93560377736408
SV_NewYork_40.7332_-73.9784.tif,2,41.82155990600586,18.277468009043915,16.303822343721503,18.497757339380165,23.37424651800573
SV_NewYork_40.7332_-73.9784.tif,3,37.836875915527344,11.011581000895339,17.102164208975594,14.72086871705108,8.86613670901188
SV_NewYork_40.7332_-73.9784.tif,4,39.426788330078125,19.257753290279563,17.55786719322562,19.59523087833743,16.22056660526968
SV_NewYork_40.7332_-73.9784.tif,5,41.65232849121094,20.37327320619915,19.334896525912928,20.088831942617716,15.088294053900233
SV_NewYork_40.7332_-73.9784.tif,6,43.99265670776367,20.061501350067324,17.214004800905048,18.885073564542488,17.10692620663841
SV_NewYork_40.7332_-73.9784.tif,7,41.36557388305664,18.1274322571501,18.04162222167736,23.553317949167813,19.070209716116995
SV_NewYork_40.7332_-73.9784.tif,8,41.13029861450195,20.22243054863823,20.849971187381556,26.445966114630792,15.890847118329802
SV_NewYork_40.7332_-73.9784.tif,9,44.57088851928711,15.97001803182631,18.380406247825203,16.24532831504925,12.817372188079545
SV_NewYork_40.7402_-74.0034.tif,0,20.37152862548828,3.721002649184334,2.4536940672956415,3.4231279004346002,2.941717938861453
SV_NewYork_40.7402_-74.0034.tif,1,41.89800262451172,2.0,3.2621280232768903,2.2982667772756105,3.806270536588439
SV_NewYork_40.7402_-74.0034.tif,2,41.88747787475586,2.089363855646658,4.067094496685055,3.9926951939365942,4.396957934645227
SV_NewYork_40.7402_-74.0034.tif,3,36.55860137939453,2.0,3.1005171027844063,2.229381193831066,2.153146277999132
SV_NewYork_40.7402_-74.0034.tif,5,21.004959106445312,2.0,4.919446190583107,3.429396869841023,3.996340190213497
SV_NewYork_40.7402_-74.0034.tif,6,10.137884140014648,2.8830427223551407,4.2166319640728975,5.229621644161197,10.486119669916867
SV_NewYork_40.7402_-74.0034.tif,7,22.878217697143555,4.209278065924374,5.6869286110593205,6.656401773356767,7.390815978499578
SV_NewYork_40.7402_-74.0034.tif,8,55.91648483276367,2.769692622565074,2.6610866629765457,2.756196881829358,2.353406116299945
SV_NewYork_40.7402_-74.0034.tif,9,35.557315826416016,7.520118772507253,8.455979309153156,7.620929448403241,19.188374829612975
SV_NewYork_40.7402_-74.0034.tif,10,21.11894416809082,2.9728927941713277,5.259393367677434,3.6066964078971355,6.799324102267884
SV_NewYork_40.7402_-74.0034.tif,11,19.907747268676758,3.5059344459880197,4.30638375103146,3.2948281509076223,5.824521543890742
SV_NewYork_40.7402_-74.0034.tif,12,27.328222274780273,10.132678592140765,12.456013676556038,10.07616176287367,23.339302107579115
SV_NewYork_40.7402_-74.0034.tif,13,0.0,3.518711563645656,2.768197205959142,2.501600557399806,3.1565937221547125
SV_NewYork_40.7345_-73.9953.tif,0,87.24250030517578,2.0,4.493049603822405,6.9695487700231915,3.8632032600586115
SV_NewYork_40.7345_-73.9953.tif,1,43.34080505371094,6.866198553388183,7.951823160993808,8.923972200424721,11.017103039904784
SV_NewYork_40.7345_-73.9953.tif,2,47.60404968261719,2.1214885325422745,5.560237092264014,4.727949883665891,7.593984933709257
SV_NewYork_40.7345_-73.9953.tif,3,51.954280853271484,7.457400887895069,7.0942895515229045,6.384207633667885,11.418195328263966
SV_NewYork_40.7345_-73.9953.tif,4,33.527462005615234,2.7814896497014843,5.029734935340132,4.64444459252837,6.347878030059705
SV_NewYork_40.7345_-73.9953.tif,5,59.525299072265625,2.8602398447706783,2.3912276116143376,2.362675421815397,3.287484672717748
SV_NewYork_40.7345_-73.9953.tif,6,52.043182373046875,11.061200434983169,12.451027410793113,11.1763671437682,17.767172905790794
SV_NewYork_40.7345_-73.9953.tif,7,48.28562927246094,12.70723995881704,13.731758938211236,9.097239325343844,15.670588334777381
SV_NewYork_40.7345_-73.9953.tif,8,20.003742218017578,3.1768881179239816,6.21141125743069,5.115738228095263,8.803029969619248
SV_NewYork_40.7345_-73.9953.tif,9,19.352449417114258,2.9029555312048547,2.4013449316224915,2.5633650852360788,4.1847698719099045
SV_NewYork_40.7345_-73.9953.tif,10,38.12462615966797,4.154113611966508,3.1815191373675504,2.4108928526113123,5.860902768325488
SV_NewYork_40.7345_-73.9953.tif,11,37.673946380615234,6.465491113211618,6.037031846818468,5.184715808356111,6.779706340265612
SV_NewYork_40.7345_-73.9953.tif,12,50.2310676574707,9.625737565660405,11.15396625266753,10.971968584026902,16.54579533053318
SV_NewYork_40.7345_-73.9953.tif,13,49.53657913208008,5.6615253377967685,8.648901100600101,6.278999285162192,9.512521184359748
SV_NewYork_40.7345_-73.9953.tif,14,71.01020050048828,5.858608960654169,5.402858020258598,4.517665681617241,6.911970828683894
SV_NewYork_40.7333_-73.9872.tif,0,22.208171844482422,4.426018815216112,7.51864890711087,6.0170958498045275,8.706393707413676
SV_NewYork_40.7333_-73.9872.tif,1,30.395971298217773,3.6205329971365448,5.318064753966716,4.236383996914962,5.573225654658534
SV_NewYork_40.7333_-73.9872.tif,2,22.393335342407227,2.0,2.519407097273343,2.4395438325633063,4.939033105505699
SV_NewYork_40.7333_-73.9872.tif,3,19.459930419921875,2.8737949032145487,5.540891260478104,5.0934240394019925,6.524092483270561
SV_NewYork_40.7333_-73.9872.tif,4,27.139490127563477,2.9867851279227366,4.426235000311945,4.085792164086123,5.149754924623163
SV_NewYork_40.7333_-73.9872.tif,5,25.483097076416016,8.94686472110688,8.60284082473207,6.989856340259935,12.64601083945052
SV_NewYork_40.7333_-73.9872.tif,6,22.644739151000977,2.0,4.430244278033124,2.601857850778796,5.776120113084109
SV_NewYork_40.7333_-73.9872.tif,7,43.577125549316406,4.238953965852781,4.526583646385466,4.071180379971156,5.792236266435412
SV_NewYork_40.7333_-73.9872.tif,8,41.0006103515625,3.101063104777319,2.6001074783132623,2.820080230258069,3.5197934870405483
SV_NewYork_40.7333_-73.9872.tif,9,21.716960906982422,2.0,3.4612842367329915,2.2160984851089744,4.261206798783572
SV_NewYork_40.7333_-73.9872.tif,10,24.899253845214844,12.57200989522723,12.516866449813431,9.99459787430998,18.868263163202517
SV_NewYork_40.7333_-73.9872.tif,11,58.264251708984375,11.068494412925032,10.432834296603128,8.771968263824897,15.737166675060068
SV_NewYork_40.7333_-73.9872.tif,12,40.512481689453125,6.4589496249033225,8.851446205677638,6.035961494391736,11.850342879381698
SV_NewYork_40.7333_-73.9872.tif,13,37.10983657836914,3.0055870861319693,2.549922249671372,2.0,3.1202805534915505
SV_NewYork_40.7333_-73.9872.tif,14,19.701387405395508,5.109883355062387,7.35025285820185,4.747165577618672,9.360451287442068
SV_NewYork_40.7333_-73.9872.tif,15,22.65107536315918,3.2680286955570264,2.599906841325391,2.0233319986314307,3.1565937221547125
SV_NewYork_40.7372_-73.9853.tif,0,22.139507293701172,10.470069098288395,12.900857616984988,11.810248697584594,21.380156941275672
SV_NewYork_40.7372_-73.9853.tif,1,40.408485412597656,15.614976733226356,14.803470464508505,14.657683250147848,13.025997238982205
SV_NewYork_40.7372_-73.9853.tif,2,36.773590087890625,9.26148839675788,10.001028244276782,8.510986226525977,14.088770115745184
SV_NewYork_40.7372_-73.9853.tif,3,60.58662414550781,14.272924606863793,17.980114770931994,26.093459763937386,21.363280789527483
SV_NewYork_40.7372_-73.9853.tif,4,61.93404769897461,8.105173395460184,8.753072112131063,8.958145694330133,12.102812095896535
SV_NewYork_40.7372_-73.9853.tif,5,25.06699562072754,8.535021739222344,8.543527341604124,9.727258747188229,13.343258033196772
SV_NewYork_40.7372_-73.9853.tif,6,20.095603942871094,8.701664016539743,12.179632095863806,9.648303860417489,13.38204643871547
SV_NewYork_40.7372_-73.9853.tif,7,21.801408767700195,10.449313736375007,11.858038556574213,9.27339987113175,23.727965892637833
SV_NewYork_40.7372_-73.9853.tif,8,21.173494338989258,3.868235095182019,6.152019711572778,4.641575231917127,6.765182928644835
SV_NewYork_40.7372_-73.9853.tif,9,48.371063232421875,9.599753818206832,13.465057168980447,9.223397169107624,12.120148852776833
SV_NewYork_40.7372_-73.9853.tif,10,32.641056060791016,4.30672781607327,5.874400047807546,3.4929661010344795,5.256571928040138
SV_NewYork_40.7358_-73.9871.tif,0,15.432315826416016,4.406885200242642,6.911876196221937,5.448113699009008,9.962598448927736
SV_NewYork_40.7358_-73.9871.tif,1,64.09501647949219,14.492449996680511,15.732014207281338,11.024302760735512,12.467858670419266
SV_NewYork_40.7358_-73.9871.tif,2,21.037378311157227,4.1241354028268775,7.020305879599997,6.420881621339179,10.09294477682557
SV_NewYork_40.7358_-73.9871.tif,4,32.66111373901367,2.654787597340313,7.069998767415808,5.357916513312526,8.008342631409404
SV_NewYork_40.7358_-73.9871.tif,5,22.107934951782227,5.689869231163966,8.18505773882022,5.123901819147164,13.277423672533473
SV_NewYork_40.7358_-73.9871.tif,6,18.78329086303711,2.343693308234995,5.5888504546364155,4.706328349248639,6.347878030059705
SV_NewYork_40.7358_-73.9871.tif,7,28.28302574157715,2.0,3.236642442337246,2.437016900400333,5.98084861013973
SV_NewYork_40.7358_-73.9871.tif,8,21.717960357666016,4.04057607336724,4.046866775418806,3.653242112537438,5.771146002026928
SV_NewYork_40.7358_-73.9871.tif,10,24.637718200683594,8.66532804626932,9.762347030433595,8.855478397225133,14.813280308181842
SV_NewYork_40.7358_-73.9871.tif,11,50.66731643676758,7.961087600084511,11.092369426650771,15.04763601271045,10.657369740247075
SV_NewYork_40.7358_-73.9871.tif,12,48.124114990234375,4.710552726926571,7.563293693866123,5.009495072454886,12.612853027243258
SV_NewYork_40.7357_-73.9783.tif,0,48.88420104980469,7.4435134017624245,10.096596602691369,11.749997500285502,11.154079643900136
SV_NewYork_40.7357_-73.9783.tif,1,44.38276672363281,5.191303771289615,7.843792116651494,10.002560253517949,7.656638289037227
SV_NewYork_40.7357_-73.9783.tif,2,49.012882232666016,7.424438685803547,8.968401587532007,10.072826000061994,11.774296189623016
SV_NewYork_40.7357_-73.9783.tif,3,48.1955680847168,9.201046940004314,10.387753375240223,15.70006525365903,15.233681800017564
SV_NewYork_40.7357_-73.9783.tif,4,48.818904876708984,6.953829686893751,8.88619091798314,9.358203735651008,12.646808860195636
SV_NewYork_40.7357_-73.9783.tif,5,46.767669677734375,11.97012342585081,13.100540998151317,16.689151475035413,13.542745792461561
SV_NewYork_40.7357_-73.9783.tif,6,46.6258659362793,9.503634166665234,10.548066431081486,13.824823729157496,14.910909768143917
SV_NewYork_40.7357_-73.9783.tif,7,46.6220588684082,9.964376972155781,12.2211282698284,15.47679071361024,16.158768559473074
SV_NewYork_40.7357_-73.9783.tif,8,44.03873825073242,8.581718298380377,11.465813377344933,12.324156649357201,9.561795928911085
SV_NewYork_40.7357_-73.9783.tif,9,47.18478012084961,9.558135576409958,12.610135268166555,14.578157925497434,14.910909768143917
SV_NewYork_40.7357_-73.9783.tif,10,0.0,11.994345797553999,12.340467339497001,14.259054147294162,13.703038967980328
SV_NewYork_40.7357_-73.9783.tif,11,57.858314514160156,9.503249222071192,9.996846565705383,12.796509967070492,13.759519827753238
SV_NewYork_40.7357_-73.9783.tif,12,46.17784881591797,11.67045612379888,13.375806264043549,16.945900192628123,14.214031250990082
SV_NewYork_40.7357_-73.9783.tif,13,39.760799407958984,11.26222796828414,14.27480980813275,14.39592445925197,11.567100739111119
SV_NewYork_40.7357_-73.9783.tif,14,57.6476936340332,10.898789211243843,12.764026787716386,14.767290770603031,17.91667056682197
SV_NewYork_40.7357_-73.9783.tif,15,40.178836822509766,11.88490298618679,13.564623802545158,14.81816425316289,18.415728006907287
SV_NewYork_40.7357_-73.9783.tif,16,36.90879440307617,2.766909615578717,3.3235134994444833,5.079415129150013,9.013387469328334
SV_NewYork_40.7357_-73.9783.tif,17,36.838497161865234,4.073892272720848,4.623625602940222,6.413475655193536,3.503578267931139
SV_NewYork_40.7334_-74.0020.tif,0,14.413543701171875,3.908564037450412,6.555264807072518,6.069007032344003,12.13789073686885
SV_NewYork_40.7334_-74.0020.tif,1,16.001585006713867,5.2867731149613855,8.826130883717836,7.9494552575226365,15.86833088796831
SV_NewYork_40.7334_-74.0020.tif,2,21.031448364257812,3.501548275953823,7.689830271785612,4.719455485439046,14.278077537274855
SV_NewYork_40.7334_-74.0020.tif,3,12.695632934570312,2.568504830950477,3.0768465446917084,3.2733579954984164,5.83300717998954
SV_NewYork_40.7334_-74.0020.tif,4,20.130813598632812,3.953661446966586,6.319455233979266,4.247598570399636,8.679258449526674
SV_NewYork_40.7334_-74.0020.tif,5,9.374523162841797,2.5301946823168446,3.409004214793687,3.0608108392633158,7.514461238921679
SV_NewYork_40.7334_-74.0020.tif,6,19.027395248413086,2.0,4.833795580312435,2.8606987562076056,4.493515613106374
SV_NewYork_40.7334_-74.0020.tif,7,19.665075302124023,2.0,2.907537205817761,3.255195493383217,3.0584285141580025
SV_NewYork_40.7334_-74.0020.tif,8,19.117733001708984,2.700734229861105,4.4056943572913,4.049128799059326,5.683770679555456
SV_NewYork_40.7334_-74.0020.tif,9,29.12318992614746,4.722090547746357,6.2648106526271246,6.18644408856875,10.813156203590049
SV_NewYork_40.7334_-74.0020.tif,10,26.07107925415039,7.904848312939917,9.499093068807024,17.425136713356615,12.513396177228207
SV_NewYork_40.7334_-74.0020.tif,11,22.381877899169922,6.00275682147963,8.276162676439776,8.704607016798446,13.667975068893961
SV_NewYork_40.7334_-74.0020.tif,12,16.093080520629883,2.0,2.916735892483185,4.300712585007672,3.1565937221547125
SV_NewYork_40.7334_-74.0020.tif,13,63.24954605102539,6.322203178443261,6.970547043108338,6.55231049151938,10.816903367420254
SV_NewYork_40.7334_-74.0020.tif,14,14.831024169921875,2.669063973470429,4.982513928328163,5.694203577921259,7.391188819795429
SV_NewYork_40.7334_-74.0020.tif,15,19.698408126831055,2.405790558617392,4.837502123529046,5.376392164467687,5.829955906998829
SV_NewYork_40.7334_-74.0020.tif,16,63.88896560668945,4.1698930801001515,6.373586733417978,7.088863001920726,9.942420413000427
SV_NewYork_40.7334_-74.0020.tif,17,25.292633056640625,2.0,2.882490047202335,4.188361792151455,3.2480562955538703
SV_NewYork_40.7333_-73.9853.tif,0,32.2567024230957,6.725215619527638,8.942093140580063,9.303236273836085,11.850342879381698
SV_NewYork_40.7333_-73.9853.tif,1,15.902470588684082,5.436316811554033,7.3631354018145485,11.293401406029409,9.101801324099124
SV_NewYork_40.7333_-73.9853.tif,2,28.010889053344727,5.617088090838387,4.175345737625639,3.438740589203154,4.272555579081828
SV_NewYork_40.7333_-73.9853.tif,3,19.474849700927734,7.144914203472648,10.011398851759036,10.298915594226607,8.13257269126394
SV_NewYork_40.7333_-73.9853.tif,4,30.998308181762695,9.636156459181096,7.559415519242627,8.04983637208068,11.204392218576594
SV_NewYork_40.7333_-73.9853.tif,5,28.408618927001953,6.159517933909106,4.649833769720032,5.3670426030960945,5.597355438856004
SV_NewYork_40.7333_-73.9853.tif,6,28.09402847290039,7.953072348695284,7.44078371537568,7.130980821724142,12.167966654048016
SV_NewYork_40.7333_-73.9853.tif,7,22.6477108001709,3.9242261071774243,3.9787121320104224,4.37597808622207,4.350028547179719
SV_NewYork_40.7333_-73.9853.tif,8,22.330184936523438,6.84017204866267,4.9970347393160095,5.2684307801734365,6.765182928644835
SV_NewYork_40.7333_-73.9853.tif,9,46.891483306884766,19.19355731198734,16.330623230069605,27.14607517783494,18.05104179873218
SV_NewYork_40.7333_-73.9853.tif,10,19.238948822021484,5.2499963968594106,7.293237420611941,7.503736696448333,8.189516572712439
SV_NewYork_40.7333_-73.9853.tif,11,44.823707580566406,13.522869139049366,12.171419837091229,13.511912858165248,16.158768559473074
SV_NewYork_40.7333_-73.9853.tif,12,21.294981002807617,12.022346831188774,12.156617160509185,8.327677064319596,17.743669427518633
SV_NewYork_40.7333_-73.9853.tif,13,58.228633880615234,15.561013790516856,13.173771115580388,18.851842241906596,16.845905811847988
SV_NewYork_40.7373_-73.9953.tif,0,75.86151885986328,3.5573255689608896,6.2715377504091245,5.100078241497381,6.789667709526617
SV_NewYork_40.7373_-73.9953.tif,1,74.57159423828125,5.044854951932824,7.451866484365167,6.864150131460928,8.424397301821084
SV_NewYork_40.7373_-73.9953.tif,2,42.85831069946289,2.60799197946516,4.642756716710146,5.41760849057284,5.805222089885069
SV_NewYork_40.7373_-73.9953.tif,3,56.3046875,7.645345540145507,8.661216033269119,7.149864466233883,12.022214120418962
SV_NewYork_40.7373_-73.9953.tif,4,42.53248977661133,2.0,2.975944603151957,3.0765314118754956,3.503578267931139
SV_NewYork_40.7373_-73.9953.tif,5,69.1905746459961,4.49450449341039,6.027989798060909,5.59010951424221,6.1747110453299285
SV_NewYork_40.7373_-73.9953.tif,6,68.61637115478516,4.565901945431471,6.739310940657657,5.709506767266297,7.148284284127321
SV_NewYork_40.7373_-73.9953.tif,7,50.247230529785156,4.625133372634504,5.251270809216038,4.343171790128274,5.679006486057884
SV_NewYork_40.7373_-73.9953.tif,8,49.97822952270508,4.956934308372841,8.597795422413597,6.839330891155037,9.276637548597474
SV_NewYork_40.7373_-73.9953.tif,9,72.05562591552734,10.131372641629982,11.8455790503682,10.911012223213136,14.155308674029545
SV_NewYork_40.7373_-73.9953.tif,10,50.26167297363281,13.209697832033957,16.397260403553428,21.687966902228208,15.350454677663675
SV_NewYork_40.7373_-73.9953.tif,12,27.323657989501953,7.697183859338541,10.569569071304391,8.599020550425797,20.258527435016163
SV_NewYork_40.7385_-73.9797.tif,0,18.618444442749023,4.72937827994947,5.133788683200181,4.853813327657911,6.842847408147693
SV_NewYork_40.7385_-73.9797.tif,1,81.52760314941406,17.23445074647497,27.185209978940293,16.21109210666942,10.711715854647377
SV_NewYork_40.7385_-73.9797.tif,2,61.971614837646484,22.702804106873998,24.08703188596181,21.117881141023517,27.752509941211265
SV_NewYork_40.7385_-73.9797.tif,3,40.151405334472656,15.982297645782342,26.297643686452396,17.39854668516135,10.374605443484139
SV_NewYork_40.7385_-73.9797.tif,4,65.69741821289062,4.433584684543002,2.316474855191983,2.3123245293508856,4.79949955117861
SV_NewYork_40.7385_-73.9797.tif,5,66.0592269897461,3.187670916974225,4.430861378578136,4.441503469951834,5.178723445701805
SV_NewYork_40.7385_-73.9797.tif,6,82.03439331054688,8.336092640761159,8.282964442685087,8.510673377185162,18.254131694241348
SV_NewYork_40.7385_-73.9797.tif,7,74.47447204589844,7.217297177870973,7.512845011194992,6.977920944759081,11.453266964352487
SV_NewYork_40.7385_-73.9797.tif,8,16.66392707824707,6.8151185191682,8.225553976753107,7.2240551402576525,12.99731521562779
SV_NewYork_40.7385_-73.9797.tif,9,47.88644790649414,20.898518776190215,26.327462120204608,24.371871528063107,14.72619064398195
SV_NewYork_40.7385_-73.9797.tif,10,19.362821578979492,6.367444195184913,7.21530863806826,5.830443838589741,11.551672385323485
SV_NewYork_40.7385_-73.9797.tif,11,0.00138610799331218,4.375057938688952,5.011325623603498,5.198619941187947,5.877244163876244
SV_NewYork_40.7385_-73.9797.tif,12,0.0,2.0232890059230915,3.836341227916647,4.987949383237711,3.996340190213497
SV_NewYork_40.7385_-73.9797.tif,13,0.0,3.022556242675204,2.4547772065698226,2.099475023311582,3.3760460237352867
SV_NewYork_40.7385_-73.9797.tif,14,44.58570098876953,9.460046726315927,15.15311267588131,7.970340831252649,7.039947384329268
SV_NewYork_40.7345_-73.9934.tif,0,87.25032806396484,2.1530156817410546,4.549693800720976,4.049938743654475,5.889292210504225
SV_NewYork_40.7345_-73.9934.tif,1,52.28004455566406,7.126583269294613,9.642648774957873,12.286222355609237,10.149019946798415
SV_NewYork_40.7345_-73.9934.tif,3,43.76692199707031,2.6807129279931985,3.555102922190518,2.7331048403640934,5.09254224819734
SV_NewYork_40.7345_-73.9934.tif,5,36.37510681152344,2.0,2.7356247055003955,7.647541625379101,3.1565937221547125
SV_NewYork_40.7345_-73.9934.tif,6,42.388729095458984,6.92385791104778,10.51245065209963,13.751571999322396,8.658114415118371
SV_NewYork_40.7345_-73.9934.tif,7,26.730356216430664,6.0129197195043655,7.664007751518555,12.769962750886785,8.760543105434255
SV_NewYork_40.7345_-73.9934.tif,8,28.369159698486328,3.7725471991629096,5.798166355859718,10.991094274871593,7.73473945775372
SV_NewYork_40.7345_-73.9934.tif,9,50.23466491699219,8.956134877626631,13.363122270162657,14.017102528899098,15.036845559796587
SV_NewYork_40.7345_-73.9934.tif,11,64.74615478515625,4.161278402168378,6.0488082266677505,11.041270233816016,6.365237942724349
SV_NewYork_40.7386_-73.9852.tif,0,22.153480529785156,9.239166306028963,12.940845603075601,10.752894630341794,13.651232893953589
SV_NewYork_40.7386_-73.9852.tif,1,40.37184143066406,14.680474066815107,15.01406172047464,19.101483992710417,17.89001624795452
SV_NewYork_40.7386_-73.9852.tif,2,37.02729034423828,3.2392894638931793,2.89957912799749,4.190767917709027,3.0584285141580025
SV_NewYork_40.7386_-73.9852.tif,3,77.26061248779297,6.78531730053957,10.104118720570813,15.269730569912848,15.90298999771617
SV_NewYork_40.7386_-73.9852.tif,4,39.886688232421875,4.369713551241274,3.001279941914707,10.062970728384926,4.719255986470882
SV_NewYork_40.7360_-74.0090.tif,0,13.107870101928711,5.889027572320431,8.758347198543818,9.35389867763464,9.94595534098716
SV_NewYork_40.7360_-74.0090.tif,1,0.0,4.41794168967301,6.8065761366901585,6.130866843896806,12.509911278932242
SV_NewYork_40.7360_-74.0090.tif,2,0.0,3.8343344142086346,4.202872046838229,3.8326732477169454,7.502084629804693
SV_NewYork_40.7360_-74.0090.tif,4,20.53096580505371,5.738726690268732,8.065995770693627,6.591385045895532,10.414758223324338
SV_NewYork_40.7360_-74.0090.tif,5,46.46723556518555,3.664132985607905,2.992130027797202,3.286407532468491,4.3544104974489555
SV_NewYork_40.7360_-74.0090.tif,6,14.179763793945312,4.680105045508808,5.0123331754199585,4.6502353134763545,10.894946215127705
SV_NewYork_40.7372_-73.9871.tif,0,45.92076873779297,2.6471483603086092,3.209789968452593,9.47812145850357,4.647146209152383
SV_NewYork_40.7372_-73.9871.tif,1,64.0247802734375,12.535187951708458,13.39857968058721,14.202038238672127,21.318674193900232
SV_NewYork_40.7372_-73.9871.tif,2,29.020450592041016,4.367301675058702,6.7316584747643,2.5409020104817275,6.442919931935675
SV_NewYork_40.7372_-73.9871.tif,3,21.9293270111084,3.1689680244594918,5.503463277524012,2.0965076169025116,6.701711069125123
SV_NewYork_40.7372_-73.9871.tif,4,18.670883178710938,3.37565890687665,7.234982410931516,7.954217303410657,3.387376612208095
SV_NewYork_40.7387_-73.9952.tif,0,87.18303680419922,7.134371068483512,11.640833343309929,5.786681464796973,9.643012330613319
SV_NewYork_40.7387_-73.9952.tif,1,78.81591033935547,5.625732285580807,5.97714836025089,4.788262591542337,6.755558447618681
SV_NewYork_40.7387_-73.9952.tif,2,0.0,5.533353634290486,3.156608596052452,2.895588613279236,4.396137893818625
SV_NewYork_40.7387_-73.9952.tif,3,76.3525619506836,15.18524370873633,17.719190664138182,16.3202535429108,16.27464192630808
SV_NewYork_40.7387_-73.9952.tif,4,85.4045639038086,9.916901658105992,12.391913877071413,16.062536359837186,17.49159752054314
SV_NewYork_40.7387_-73.9952.tif,6,68.97675323486328,8.309333638613056,9.722095113556843,8.499895186228073,15.740833239232495
SV_NewYork_40.7358_-73.9834.tif,0,54.72309494018555,2.0,3.098586114212535,5.681579368042712,2.0
SV_NewYork_40.7358_-73.9834.tif,3,18.695161819458008,7.354712698910253,8.22072590277691,7.775923236997284,16.64569600829761
SV_NewYork_40.7358_-73.9834.tif,4,14.051308631896973,2.0,3.085504003275849,2.0,4.7631616792863785
SV_NewYork_40.7358_-73.9834.tif,5,21.250993728637695,2.0,6.833000231989932,4.17595703355277,7.305820602192011
SV_NewYork_40.7358_-73.9834.tif,6,16.27605438232422,2.0,3.671507791644566,2.4392515798236967,5.819817360631334
SV_NewYork_40.7358_-73.9834.tif,7,21.90858268737793,4.517416110096299,8.60146622689716,3.8737839305723636,7.349450061866345
SV_NewYork_40.7358_-73.9834.tif,8,12.927693367004395,2.98838350715406,7.3127671844317526,4.017753655492558,7.797011181872449
SV_NewYork_40.7358_-73.9834.tif,9,76.13224029541016,4.050121285005748,6.5457258110092695,5.139519321995509,7.797011181872449
SV_NewYork_40.7358_-73.9834.tif,10,58.980960845947266,4.316991435461508,3.7254376394039457,2.1739508228521394,7.190264693776658
SV_NewYork_40.7358_-73.9834.tif,11,36.1418571472168,7.931914444208224,10.925400378464326,5.907171787137697,19.375010640936654
SV_NewYork_40.7334_-73.9935.tif,0,55.05324172973633,5.1789064284895625,8.039978674817288,8.092689823008154,10.626561999481654
SV_NewYork_40.7334_-73.9935.tif,1,69.70161437988281,6.943142484460355,10.609306535399867,10.45780679011884,8.949335798277438
SV_NewYork_40.7334_-73.9935.tif,2,51.008033752441406,6.930753266930974,8.405990295916384,6.125429828108348,7.522274947725541
SV_NewYork_40.7334_-73.9935.tif,3,42.4104118347168,7.631967084791577,6.764636711137465,3.639042954773827,7.676960733843958
SV_NewYork_40.7334_-73.9935.tif,4,40.325523376464844,13.514829438447578,16.282115099292287,14.825662940074578,16.79147248292466
SV_NewYork_40.7334_-73.9935.tif,5,64.7236328125,7.0822273936060665,11.646429903448444,5.577611462030926,12.743708205811002
SV_NewYork_40.7334_-73.9935.tif,6,39.272708892822266,4.122794001727834,2.307872904531349,2.3932546911468577,2.0
SV_NewYork_40.7334_-73.9935.tif,7,19.71619415283203,18.319983887619056,17.26182325307313,43.956465384540245,17.122119595191784
SV_NewYork_40.7334_-73.9935.tif,8,63.83088302612305,11.894477522962722,16.209354772683636,11.964254925430595,13.38204643871547
SV_NewYork_40.7344_-73.9902.tif,0,101.45173645019531,10.528547257152805,10.771651541442779,7.980265026511638,33.15959537811671
SV_NewYork_40.7344_-73.9902.tif,1,0.0,4.596608783807111,4.520052700945873,2.974711951864155,6.287862959424118
SV_NewYork_40.7344_-73.9902.tif,2,43.00001525878906,15.531316454051845,16.308671215881745,16.507292183691963,16.842191986511608
SV_NewYork_40.7344_-73.9902.tif,3,42.71950149536133,4.296174428248007,4.098736350191332,3.4558703674815163,4.9184507819549745
SV_NewYork_40.7344_-73.9902.tif,4,37.99422836303711,5.8352812598334785,8.188227779010244,6.713042702891122,13.552175970517467
SV_NewYork_40.7344_-73.9902.tif,5,33.12711715698242,4.982291174275411,2.2721207574588718,2.2060729953692975,3.3856498807144577
SV_NewYork_40.7344_-73.9902.tif,6,24.540401458740234,6.557854901417189,9.491666101415573,9.667180185611091,9.292364100823605
SV_NewYork_40.7344_-73.9902.tif,7,22.427703857421875,5.649885850731738,6.216772641336835,5.441598671753114,12.615638946424685
SV_NewYork_40.7344_-73.9902.tif,8,22.476097106933594,2.0,3.6611704623902583,12.705340380341832,4.906430588559701
SV_NewYork_40.7344_-73.9902.tif,9,22.475255966186523,2.0,5.734387068733472,9.20011511943978,3.996340190213497
SV_NewYork_40.7344_-73.9902.tif,10,87.77957153320312,7.534046809608113,8.558981114315591,7.455487090832339,12.13789073686885
SV_NewYork_40.7387_-73.9989.tif,0,24.977481842041016,2.0,3.198355423079956,3.7085901275940754,3.3607090123280896
SV_NewYork_40.7387_-73.9989.tif,1,27.574281692504883,2.7283314043906213,6.339069406223429,5.719177932185683,9.372485386772743
SV_NewYork_40.7387_-73.9989.tif,2,55.24432373046875,4.087243000437089,6.556052782901441,4.823403478171578,9.996586054655177
SV_NewYork_40.7387_-73.9989.tif,3,17.901161193847656,5.886823451453643,8.200639855213307,6.743450061504477,14.265781410218638
SV_NewYork_40.7387_-73.9989.tif,4,22.395919799804688,2.0,6.7035892915461055,3.764775700744832,7.7578587993654695
SV_NewYork_40.7387_-73.9989.tif,5,64.50981903076172,3.8415215775550084,6.300908842659912,4.980328680304409,9.724479588389736
SV_NewYork_40.7387_-73.9989.tif,6,23.219907760620117,4.934003141359723,7.9576565440354035,4.8393402163752075,9.753201859093178
SV_NewYork_40.7387_-73.9989.tif,7,17.86981773376465,2.3172113022541456,5.342603975839214,3.910029147270638,5.811662168787241
SV_NewYork_40.7387_-73.9989.tif,8,54.36710739135742,3.4619606468535338,3.7874804945701,3.444912616408654,4.683499135992393
SV_NewYork_40.7387_-73.9989.tif,9,46.089656829833984,5.7677190782739185,6.751740091086016,5.34004507253165,11.661753739590536
SV_NewYork_40.7387_-73.9989.tif,10,21.387340545654297,3.2334178750324245,6.249430891053746,4.142904467115271,5.507650236317206
SV_NewYork_40.7387_-73.9989.tif,11,47.4091796875,2.3085820275258175,4.338566673906224,2.1459098641848633,3.3080963104134846
SV_NewYork_40.7387_-73.9989.tif,12,61.36378860473633,2.5790779777215054,3.524962469122847,2.0646821412032206,4.866972488668674
SV_NewYork_40.7387_-73.9989.tif,13,69.34236907958984,3.2128619429934133,2.764520715605494,2.073283155803672,3.1565937221547125
SV_NewYork_40.7387_-73.9989.tif,14,0.0,3.141409771381607,2.6815136280616856,2.0,3.1202805534915505
SV_NewYork_40.7373_-73.9989.tif,0,23.215835571289062,6.775246817273473,9.867914734396281,4.44315575773558,9.095609625833607
SV_NewYork_40.7373_-73.9989.tif,1,37.51983642578125,10.5048981701302,13.226951286056233,7.311512402821968,15.894232275791886
SV_NewYork_40.7373_-73.9989.tif,2,22.030887603759766,4.54940986366584,6.252420412429128,6.043484472223038,6.235106259715058
SV_NewYork_40.7373_-73.9989.tif,3,22.748394012451172,2.1782816609485423,5.8565274837467625,4.062901691520275,6.332020572848593
SV_NewYork_40.7373_-73.9989.tif,4,20.60961151123047,2.6463044102402336,3.7300492863484553,4.702101483379902,9.436357625660937
SV_NewYork_40.7358_-73.9902.tif,0,55.478599548339844,9.184559865325452,13.041685120086203,9.85398465233292,17.09324497012446
SV_NewYork_40.7358_-73.9902.tif,3,18.606420516967773,3.4395177958281398,4.817194487859621,2.585354611590461,6.583414916455932
SV_NewYork_40.7358_-73.9902.tif,4,101.343017578125,13.949831837818675,13.524296986792367,10.486160474030198,39.80645931947736
SV_NewYork_40.7358_-73.9902.tif,5,43.017059326171875,6.919991828808632,6.78354205900817,5.408845214861247,10.73383618359371
SV_NewYork_40.7358_-73.9902.tif,7,0.0,4.607969017551897,3.3480964147273484,3.7880090710016594,4.906430588559701
SV_NewYork_40.7386_-73.9871.tif,0,95.69098663330078,5.453175743941806,8.407715344638365,7.035380049711946,15.288688010695292
SV_NewYork_40.7386_-73.9871.tif,1,17.858013153076172,5.011759845007004,5.738215469565938,6.800795376495799,9.247660804452297
SV_NewYork_40.7386_-73.9871.tif,2,19.820228576660156,5.246660435769979,9.848914273565557,7.284999254451054,9.573955224564592
SV_NewYork_40.7386_-73.9871.tif,3,47.662872314453125,8.34941321428435,10.899465313093394,8.982844293640039,11.421083932218906
SV_NewYork_40.7386_-73.9871.tif,4,16.424787521362305,4.037729275516888,5.292601841094597,4.643689999207684,6.596666661693184
SV_NewYork_40.7388_-74.0089.tif,0,18.488933563232422,3.5853214825132493,7.008382715210569,5.867216042700691,9.980453232675538
SV_NewYork_40.7388_-74.0089.tif,2,16.38729476928711,2.0,2.646857508103331,3.4811438699334545,3.8323413462311287
SV_NewYork_40.7388_-74.0089.tif,3,21.458751678466797,2.0,2.3222827903976615,3.634980118566765,3.0584285141580025
SV_NewYork_40.7388_-74.0089.tif,4,28.431758880615234,7.935761567212935,7.227976763943337,7.075580350490329,13.092419895308474
SV_NewYork_40.7388_-74.0089.tif,5,18.37143325805664,2.0,6.652016976902303,6.142533291517939,8.559779639502528
SV_NewYork_40.7388_-74.0089.tif,6,20.56400489807129,2.0,4.645162550395821,4.4521897676115,5.597355438856004
SV_NewYork_40.7388_-74.0089.tif,7,49.80521774291992,9.817959614773525,9.584917238329318,9.535988555544462,30.059846725013216
SV_NewYork_40.7388_-74.0089.tif,8,29.062314987182617,8.541392180190499,10.547855983809027,9.45502648053142,19.221420954938907
SV_NewYork_40.7388_-74.0089.tif,9,13.539383888244629,2.6177460720520873,2.863358989396066,3.054497852946109,5.046515651264422
SV_NewYork_40.7388_-74.0089.tif,11,31.35379409790039,3.5378019958789526,2.3521037904056503,3.063311052630608,3.2480562955538703
SV_NewYork_40.7388_-74.0089.tif,12,14.478734016418457,4.564590278072138,7.672576859168675,6.074850025846087,19.6753597139199
SV_NewYork_40.7388_-74.0089.tif,13,0.0,2.827913857773849,2.4026742694712775,3.5095074942971127,3.364447018326364
SV_NewYork_40.7344_-73.9835.tif,0,38.43122100830078,9.150715132128727,10.832416761125085,9.854030031205456,10.253637217796625
SV_NewYork_40.7344_-73.9835.tif,1,58.490501403808594,2.8424130849220717,4.821782182654288,4.871872088272732,7.489984814512515
SV_NewYork_40.7344_-73.9835.tif,3,37.98040771484375,11.728917652930797,15.753949680524324,17.095436966371203,16.053123554730725
SV_NewYork_40.7344_-73.9835.tif,4,28.745473861694336,6.64141147242942,6.601407324858607,6.316948716563451,9.282733841405525
SV_NewYork_40.7344_-73.9835.tif,5,19.31263542175293,8.610267586044909,8.692015281271358,7.417273575918732,15.002195760032734
SV_NewYork_40.7344_-73.9835.tif,6,38.380096435546875,14.85146163866199,16.72366244908889,18.381223854993646,11.286210448493582
SV_NewYork_40.7344_-73.9835.tif,7,22.633296966552734,5.635067880622774,7.040041162217026,5.824899602145086,8.748902163810019
SV_NewYork_40.7344_-73.9835.tif,8,39.868186950683594,14.544353045783717,18.346060721817718,14.538001889931747,22.259391942470398
SV_NewYork_40.7344_-73.9835.tif,9,25.515718460083008,6.90054492300191,9.608653558747745,8.394007957305778,8.408954343864448
SV_NewYork_40.7344_-73.9835.tif,10,22.704404830932617,6.451650143273313,7.547799096329199,5.665692056204631,10.197875355423458
SV_NewYork_40.7344_-73.9835.tif,11,37.74340057373047,8.199504340512627,15.971182117932365,11.879812667851898,6.607809569024927
SV_NewYork_40.7373_-74.0034.tif,0,21.59581184387207,6.093229415880305,9.341859756067455,5.513625475959559,14.487448972651718
SV_NewYork_40.7373_-74.0034.tif,1,14.581768035888672,3.3314769262463315,2.790014406377261,2.0,3.2352275286273997
SV_NewYork_40.7373_-74.0034.tif,2,14.29741382598877,3.395563583976708,2.8770203613805494,2.0,8.560785122196322
SV_NewYork_40.7373_-74.0034.tif,3,0.0,3.2342079334519127,2.880983725259317,2.3515515248112018,4.396137893818625
SV_NewYork_40.7402_-74.0089.tif,0,27.182586669921875,5.13941614106633,5.2103322022861285,6.59155281468018,6.121908766056141
SV_NewYork_40.7402_-74.0089.tif,1,13.48383617401123,2.0,3.139739015684738,2.445479023447744,3.0584285141580025
SV_NewYork_40.7402_-74.0089.tif,2,22.025074005126953,2.0,4.172556091250322,3.428017527376819,2.0
SV_NewYork_40.7402_-74.0089.tif,3,24.98904037475586,6.801940861389059,7.947635912849802,8.507277716114052,18.193119734381465
SV_NewYork_40.7402_-74.0089.tif,4,18.45699691772461,2.0,4.704563175181971,3.396427898828466,8.664883367491942
SV_NewYork_40.7402_-74.0089.tif,5,51.807640075683594,3.576055122701348,4.006242751163281,4.917802017444416,4.354314846547446
SV_NewYork_40.7402_-74.0089.tif,6,16.507125854492188,6.271744522236063,8.51086795129917,9.056410602657651,12.080698635835265
SV_NewYork_40.7402_-74.0089.tif,7,51.709449768066406,6.705742603008172,7.314191372412538,6.598467442905066,11.732629742055133
SV_NewYork_40.7402_-74.0089.tif,8,14.951045036315918,2.0,3.72221983864402,4.034919009995612,3.1485653465737546
SV_NewYork_40.7402_-74.0089.tif,9,26.844688415527344,7.999349766678765,8.623854681509725,8.407399563176176,25.277545046588525
SV_NewYork_40.7402_-74.0089.tif,10,12.658551216125488,3.6986377108548902,6.112446718624171,4.348834618476539,6.3261863077014935
SV_NewYork_40.7402_-74.0089.tif,11,33.112300872802734,3.783042001204179,5.995651005773077,5.731252180462099,11.018568608325117
SV_NewYork_40.7402_-74.0089.tif,12,21.581331253051758,6.921776534568381,9.223825781731751,5.508437108709425,16.868329449403586
SV_NewYork_40.7333_-73.9798.tif,0,38.92284393310547,12.442297344697831,20.6941957039832,21.818093476490983,11.375203312431138
SV_NewYork_40.7333_-73.9798.tif,1,36.40957260131836,4.994730462056558,7.580543024923388,7.62756318826153,3.1202805534915505
SV_NewYork_40.7333_-73.9798.tif,3,39.048370361328125,3.665587413280994,3.4615806949160013,5.355384842806946,8.255305279096437
SV_NewYork_40.7333_-73.9798.tif,4,41.03103256225586,16.719125784276915,20.553071395155552,21.63526505953776,17.89545831732534
SV_NewYork_40.7333_-73.9798.tif,5,43.92145919799805,18.79518846609558,22.4024298817914,21.661282374467913,42.589312965734706
SV_NewYork_40.7333_-73.9798.tif,6,41.81996536254883,17.92748805535047,22.709491935505415,21.17671220698965,16.19659012120661
SV_NewYork_40.7333_-73.9798.tif,7,41.94452667236328,17.26235491909052,23.579789076958168,24.946506230542273,12.169351019283658
SV_NewYork_40.7333_-73.9798.tif,8,41.42197036743164,21.284343089080423,26.581198753054554,26.29212041194144,31.465814829700385
SV_NewYork_40.7333_-73.9798.tif,9,39.441776275634766,13.08623213947304,21.729591341015922,20.666224253835306,5.489041021244093
SV_NewYork_40.7333_-73.9798.tif,10,38.28502655029297,14.98617110652839,20.864052259271727,21.141896353039797,9.425750802621257
SV_NewYork_40.7333_-73.9798.tif,11,39.468021392822266,21.97626463626967,26.607592775766697,32.48748842731583,17.072264436117763
SV_NewYork_40.7333_-73.9798.tif,12,40.92996597290039,19.304860892775462,24.04729913366656,30.507373614673483,18.824727390027686
SV_NewYork_40.7333_-73.9798.tif,13,41.215248107910156,21.058451143552006,29.76511946654788,34.17319428065989,15.092733171050076
SV_NewYork_40.7333_-73.9798.tif,14,39.281925201416016,11.666349759908892,21.955742928056182,16.046077023779013,6.681995772878828
SV_NewYork_40.7401_-73.9971.tif,0,33.876495361328125,6.144914535077117,8.674947619582833,8.268792111411145,15.07798741835886
SV_NewYork_40.7401_-73.9971.tif,1,63.83290100097656,5.551883099341301,6.52196098608635,4.236673850096212,9.286662965105355
SV_NewYork_40.7401_-73.9971.tif,2,23.285905838012695,2.0,4.326582978251805,2.9572676801933877,6.366894537055757
SV_NewYork_40.7401_-73.9971.tif,3,28.86719512939453,5.893031462960054,9.183747178759722,6.6865006414146455,15.567298785057817
SV_NewYork_40.7401_-73.9971.tif,4,19.76428985595703,2.558071576312946,2.6583772921633657,2.604958758202809,3.621515627081521
SV_NewYork_40.7401_-73.9971.tif,5,27.575191497802734,2.8859543864740207,7.178792025753333,3.901059895108382,7.485120011890143
SV_NewYork_40.7401_-73.9971.tif,6,45.186798095703125,6.425860920102107,7.54950814045404,5.500121347369655,12.178438531375923
SV_NewYork_40.7401_-73.9971.tif,7,17.003662109375,5.575919122131395,8.092521322690205,5.9375851762909875,17.53268916437498
SV_NewYork_40.7401_-73.9971.tif,8,100.36227416992188,4.8258572659357,4.7798022647003355,4.461168565744897,9.281810061757012
SV_NewYork_40.7358_-73.9816.tif,0,46.50682830810547,13.83152795537776,13.680899582555849,16.278651748024043,17.627414184455997
SV_NewYork_40.7358_-73.9816.tif,1,47.01808547973633,16.040904477813207,21.642885243523292,21.610870602633614,15.928852527245242
SV_NewYork_40.7358_-73.9816.tif,2,43.51857376098633,14.815917290250766,17.70067801706311,14.558940594820793,9.095609625833607
SV_NewYork_40.7358_-73.9816.tif,3,39.29652404785156,18.041542737360942,22.421656395957033,21.09263633188717,18.449058366851013
SV_NewYork_40.7358_-73.9816.tif,4,40.30839157104492,15.783607702539413,19.358912650726182,19.322159639510705,11.529458309800445
SV_NewYork_40.7358_-73.9816.tif,5,39.1591796875,12.179275228192328,19.207273996055886,15.503853666738255,14.380885775372745
SV_NewYork_40.7358_-73.9816.tif,6,37.3849983215332,15.815056134547568,15.700171014846626,16.964816036007527,30.747654514875617
SV_NewYork_40.7358_-73.9816.tif,7,36.17813491821289,11.412527067889522,17.898256314540607,15.211216440884435,10.118038685522418
SV_NewYork_40.7372_-73.9834.tif,0,22.14893913269043,4.248648737825793,7.564637995658439,7.075036589276457,8.853457237283198
SV_NewYork_40.7372_-73.9834.tif,1,34.21137237548828,16.169215314454256,18.686664272227247,30.3881189872614,12.232838990467812
SV_NewYork_40.7372_-73.9834.tif,2,40.41762924194336,13.301526344169117,14.418355700460857,16.751938980999686,17.35628280027824
SV_NewYork_40.7372_-73.9834.tif,3,20.907440185546875,3.5023932740414008,6.068647490132101,7.938066628294498,5.921212256365758
SV_NewYork_40.7372_-73.9834.tif,4,20.54834747314453,3.9053890118221624,5.185270261146229,5.572505918141231,4.435694238645039
SV_NewYork_40.7372_-73.9834.tif,5,19.982833862304688,8.150253011451646,9.420415257773202,9.535790937391619,10.392315063278236
SV_NewYork_40.7372_-73.9834.tif,6,60.45330047607422,3.5150310873931723,5.060790506549859,3.9935709886785062,5.897744892370096
SV_NewYork_40.7372_-73.9834.tif,7,17.807971954345703,8.58045433535099,8.549179797996002,8.02756833441438,24.848458662896874
SV_NewYork_40.7372_-73.9834.tif,8,60.62293243408203,4.823908876107865,9.517633948350413,6.6873534803088255,9.638401903782714
SV_NewYork_40.7372_-73.9834.tif,9,26.550628662109375,11.937391399191077,12.698032036503603,8.179309429865567,32.46575435423656
SV_NewYork_40.7372_-73.9834.tif,10,18.704801559448242,6.7953350955267595,9.78695649675764,7.065623953572646,10.50396380127746
SV_NewYork_40.7372_-73.9834.tif,11,21.235197067260742,8.960337193179098,11.692032880400694,11.317430908285568,14.934059712896762
SV_NewYork_40.7373_-74.0020.tif,0,16.22446060180664,5.78594138378979,8.37267896895653,6.301813080173457,10.465596226840743
SV_NewYork_40.7373_-74.0020.tif,1,25.26802635192871,5.609175865206176,4.484348577283745,4.137096885527314,7.892331635186091
SV_NewYork_40.7373_-74.0020.tif,2,17.894515991210938,4.781378467017326,3.71380636024408,3.839791577694821,3.755249345701279
SV_NewYork_40.7373_-74.0020.tif,3,23.317462921142578,6.77593540784601,6.997993029796047,7.073080398795998,9.636580914830763
SV_NewYork_40.7373_-74.0020.tif,4,11.616203308105469,3.717626922765888,7.93859308359291,5.367732403975201,8.04230312711613
