tile_id,comp_idx,true_p95,pred_ridge_natural,pred_gb_natural,pred_ridge_height-balanced,pred_gb_height-balanced,pred_ridge_tall-enriched,pred_gb_tall-enriched
SV_NewYork_40.7374_-74.0071.tif,1,20.989192962646484,4.670524370301789,9.374282831344376,11.266565326551646,9.664134646110668,16.783889061986454,9.485579891056767
SV_NewYork_40.7374_-74.0071.tif,4,18.035400390625,2.0,3.6902583484230678,7.03048254104011,5.693460454104836,13.301643703573404,3.2239500294782246
SV_NewYork_40.7374_-74.0071.tif,5,20.105253219604492,2.0,3.027649550132512,11.216818798560464,4.1010228690725254,18.245824587444375,2.2166722882643666
SV_NewYork_40.7374_-74.0071.tif,6,21.94236183166504,3.4436788788522588,6.757837332490615,12.081299708442124,6.95285308724007,18.661407567623854,7.817781336187826
SV_NewYork_40.7374_-74.0071.tif,7,17.727031707763672,2.0,2.8913651529361295,10.410297500340025,2.8068473882577782,17.996714631656623,2.0
SV_NewYork_40.7374_-74.0071.tif,8,17.7994384765625,3.1173273524387266,2.6569841781201027,10.273454310664128,5.617085232151664,16.465888089971333,5.603076756343516
SV_NewYork_40.7400_-73.9852.tif,0,58.80900573730469,5.04776562100892,6.370196016851278,13.315859044196953,11.193366097080961,19.065747244850545,6.789825409880863
SV_NewYork_40.7400_-73.9852.tif,1,53.599605560302734,4.114245318538665,2.0,12.866641399494272,4.833619516206185,19.251627627058795,4.820649820332166
SV_NewYork_40.7400_-73.9852.tif,2,63.74140930175781,4.074058040334141,2.7753290943888294,10.847982651099167,5.862306963624385,16.17119306531136,7.593718890372663
SV_NewYork_40.7400_-73.9852.tif,3,22.228534698486328,5.3244967429149055,3.6516205179762893,14.009341581587124,8.014563015564253,19.93317050511161,7.58065166602682
SV_NewYork_40.7400_-73.9852.tif,4,49.2458381652832,3.6573808467686213,2.359993278309501,10.569187963065511,5.8805450428369825,16.18174272981962,9.087216116132646
SV_NewYork_40.7400_-73.9852.tif,5,73.25142669677734,5.034449583727166,5.8623789098743595,7.904522095541823,9.12837154378525,11.697978552855453,5.936681660704875
SV_NewYork_40.7400_-73.9852.tif,6,76.68650817871094,5.154440263198816,6.922323380883114,12.60315938587993,8.635766825539983,18.191063441108565,10.723947244909382
SV_NewYork_40.7400_-73.9852.tif,7,58.78086471557617,4.674501509945148,4.321853233465503,9.277578122964899,7.268597595828564,13.734302939680084,8.497459247769122
SV_NewYork_40.7400_-73.9852.tif,8,27.290470123291016,6.5897097104306015,8.006306716534487,9.117933318967358,10.089715144645863,12.8904134611025,9.338277194040435
SV_NewYork_40.7400_-73.9852.tif,9,97.05390930175781,5.794418123005208,6.592155618337982,12.245251633944386,10.03395776485158,17.306755516781518,9.487316993768843
SV_NewYork_40.7400_-73.9852.tif,10,39.38714599609375,2.0,3.3221589816220436,6.553512024868185,3.703221053538678,11.99916598805483,6.913601641647214
SV_NewYork_40.7400_-73.9852.tif,11,50.662872314453125,4.171661668024439,5.083959136254642,9.010009697263968,7.52113275586252,13.558088153892793,9.298474933040925
SV_NewYork_40.7400_-73.9852.tif,12,69.89137268066406,3.63594017575787,3.770673038964594,8.580688848523867,6.337208361214739,13.390617210536199,7.887343719211924
SV_NewYork_40.7400_-73.9852.tif,13,50.705509185791016,4.82456747964502,2.04264755477071,14.009201314162636,5.125267753511127,20.272278677559346,6.819181031933775
SV_NewYork_40.7335_-74.0090.tif,0,18.042503356933594,2.5270055673383265,6.335739852369596,10.560697811078565,4.465518594848646,16.523658521725192,11.364443737930225
SV_NewYork_40.7335_-74.0090.tif,1,26.20241928100586,3.4103898577411815,4.035003816446745,13.776672878985664,4.748522367976654,20.640303789244353,3.9199399244585456
SV_NewYork_40.7335_-74.0090.tif,2,21.69495964050293,6.786216149021285,10.055105397580412,16.535716660678748,12.54671643597987,22.26798900412409,9.68477258557561
SV_NewYork_40.7335_-74.0090.tif,3,12.873180389404297,4.580652961560196,4.665210510619858,15.223324050622104,7.314358563973809,22.02538469858143,10.654207630858453
SV_NewYork_40.7335_-74.0090.tif,4,12.250578880310059,5.729359881705845,7.6833681294856415,17.19746869538423,9.51597196234365,23.920968247737726,10.813893510975237
SV_NewYork_40.7335_-74.0090.tif,5,21.270606994628906,4.10851773745736,6.510148132894887,11.246123212347136,7.6676087305475376,16.86272923593205,9.51713380736721
SV_NewYork_40.7335_-74.0090.tif,6,12.908121109008789,3.3510279665358045,2.9815105768652708,11.641771495999983,5.845507913899673,17.918039501888632,8.157177028548015
SV_NewYork_40.7335_-74.0090.tif,7,23.647748947143555,7.954911220224661,10.613008805642142,15.50136457454606,14.7520939105257,20.536536636723273,12.841696616817341
SV_NewYork_40.7335_-74.0090.tif,8,40.75547790527344,13.112251801498937,14.489395790490363,23.940458641549874,18.228370820205043,29.351166534963543,18.483609501769603
SV_NewYork_40.7335_-74.0090.tif,9,23.962814331054688,5.060813431510622,8.131897699263096,12.821362243295507,11.934133396247052,18.1760372157446,12.651193287306349
SV_NewYork_40.7335_-74.0090.tif,10,21.339210510253906,7.552956213475124,9.569955616985386,17.86808803072273,15.970187853682127,23.98783307130081,12.7403510493162
SV_NewYork_40.7359_-73.9971.tif,0,34.12666702270508,2.0,4.098308402217998,6.932385414053343,3.8243662597534156,12.88258673867335,8.564214506392457
SV_NewYork_40.7359_-73.9971.tif,1,28.784542083740234,2.0,4.098308402217998,7.030350776872595,4.843666912770456,12.928591292635083,8.874562993465632
SV_NewYork_40.7359_-73.9971.tif,3,19.185697555541992,2.0,3.515584912670552,11.082609728697747,4.8228923286416805,17.847517097129113,2.7676400343291556
SV_NewYork_40.7359_-73.9971.tif,4,81.90927124023438,5.354448099065181,7.723201838171416,17.4302112206462,11.60534510745871,24.043595272588842,11.731411322533834
SV_NewYork_40.7359_-73.9971.tif,5,81.78765869140625,2.364178078707596,2.2113432313179153,12.396942148525493,8.096742171369767,19.519374857468936,5.539250405693439
SV_NewYork_40.7359_-73.9971.tif,6,57.58863830566406,4.70440718222997,4.981039251155972,11.23522283165498,10.483023879526604,16.47854935077337,7.280033473329421
SV_NewYork_40.7359_-73.9971.tif,7,49.92335510253906,3.5205569075817564,4.464192190238485,10.910717721729782,7.87974698724464,16.770185501869182,6.222923941347442
SV_NewYork_40.7359_-73.9971.tif,8,34.49955749511719,8.721870226948445,13.755017429475718,19.922792080444932,8.628294708925255,26.421597681515035,12.760465454141102
SV_NewYork_40.7359_-73.9971.tif,9,72.72384643554688,3.8251107606168873,4.384167729705677,11.047295682117372,7.366076548913596,16.620849223655938,7.420156717717116
SV_NewYork_40.7359_-73.9971.tif,10,61.005245208740234,4.45738690039313,3.895470876159748,13.38104615931896,9.503955599055448,19.33067883362347,6.550590445888178
SV_NewYork_40.7359_-73.9971.tif,11,23.47058868408203,5.3346338871310355,14.865907880837755,14.316143607129359,11.670116407197622,20.295662056671716,12.31539531789272
SV_NewYork_40.7388_-74.0071.tif,0,11.477621078491211,3.2471338973376813,5.81906235023593,10.977126383633037,6.96697440443518,16.966956279008414,9.891941148496178
SV_NewYork_40.7388_-74.0071.tif,1,21.362884521484375,2.0,4.649586036796571,9.944412201011751,3.778582188460049,17.383170393448786,4.321362549104418
SV_NewYork_40.7388_-74.0071.tif,4,11.434508323669434,2.0,4.579279646341278,7.780185656238441,2.870528471365929,14.483871291278199,8.843290974167175
SV_NewYork_40.7388_-74.0071.tif,5,16.216659545898438,4.691691160232015,7.483849988897269,11.828935344592663,8.34494328585372,17.480966051708968,12.303839571319427
SV_NewYork_40.7388_-74.0071.tif,6,14.371326446533203,2.5193538956755557,7.04814256942794,10.652154169723776,6.965171321445381,17.047868915903656,14.07280609431062
SV_NewYork_40.7388_-74.0071.tif,7,15.584237098693848,4.474031678310039,4.699261840864574,13.661690604588092,7.4142242221124475,20.05383814204074,14.641660202526516
SV_NewYork_40.7388_-74.0071.tif,8,29.094276428222656,6.11929860946688,7.746184841051482,12.882793453775587,11.270802777301604,18.032294186326393,11.39428426631314
SV_NewYork_40.7388_-74.0071.tif,9,13.404508590698242,2.3150273655339646,2.042345284023151,12.738586372637759,2.389156864365039,20.110898775139763,2.9754820243513866
SV_NewYork_40.7359_-74.0020.tif,0,27.02663803100586,4.391564592458073,3.4349026229182993,15.80250776307484,8.714512341003893,23.363531375418077,6.64645492896977
SV_NewYork_40.7359_-74.0020.tif,1,28.037553787231445,8.7214366831187,11.799652376674624,21.88865581885704,17.062092196034904,29.618929987754843,17.357868631855126
SV_NewYork_40.7386_-73.9901.tif,0,43.41278839111328,8.50280739005957,7.791178163615761,17.636628222737937,14.008207628999614,23.567538543262167,11.456044336357904
SV_NewYork_40.7386_-73.9901.tif,1,95.488525390625,8.09326426589168,11.708656134142508,13.433936336240606,13.443781852480054,18.16096569329758,18.89901733812206
SV_NewYork_40.7386_-73.9901.tif,2,53.84784698486328,4.554302696427736,2.0,15.702135118378143,3.472481119980256,22.85683761785022,2.0
SV_NewYork_40.7386_-73.9901.tif,3,95.57970428466797,3.863787372433044,2.0,13.081429155205246,7.336540551485842,19.5017617686492,7.833920125091596
SV_NewYork_40.7386_-73.9901.tif,4,0.0,3.762196250234921,2.0,11.616148475664545,7.127537161272907,17.597491664890338,4.373447240710642
SV_NewYork_40.7386_-73.9901.tif,5,58.496280670166016,4.22889645231393,4.139322476238369,13.656308166476787,8.349117286397645,20.061744135013573,9.566348342406371
SV_NewYork_40.7386_-73.9901.tif,6,65.90800476074219,5.56726152926642,6.483533468388895,11.081677020403255,10.8874350009884,15.863937699322598,10.294340086643725
SV_NewYork_40.7386_-73.9901.tif,7,20.082368850708008,3.548222753834759,2.0,15.120909474402312,2.751799802431783,22.60180413626261,2.0
SV_NewYork_40.7386_-73.9901.tif,8,54.70408630371094,7.305208694051147,8.652055555530103,15.600807272479912,12.145865144574522,21.288365916968445,10.00309481189611
SV_NewYork_40.7388_-74.0108.tif,0,33.94297409057617,2.0,8.284362455398693,11.360412363530461,6.189595659090824,18.34465819688311,2.6120901910403425
SV_NewYork_40.7388_-74.0108.tif,1,22.617712020874023,3.622712440787618,6.156076213373007,16.0861596980973,3.8846215260237926,23.85366592855103,3.5229064211509233
SV_NewYork_40.7388_-74.0108.tif,2,26.85201072692871,7.253666959789429,9.464119050230927,17.882818257051422,9.191181215224631,24.364652978400674,5.049162798643994
SV_NewYork_40.7388_-74.0108.tif,3,25.55043601989746,5.146617068008375,5.241155582960834,16.79214200429273,3.6075065900424126,24.226833541290738,3.037187695350376
SV_NewYork_40.7388_-74.0108.tif,4,18.321205139160156,5.848550963500005,9.692708522784082,15.410416498261775,11.221055691876566,21.772270976009956,10.633779505078136
SV_NewYork_40.7388_-74.0108.tif,5,54.96675109863281,9.182502789019692,12.309982073952352,19.789957624792912,14.559448484266266,25.9418811241577,13.27529760501875
SV_NewYork_40.7334_-73.9972.tif,0,20.794265747070312,2.0,2.0,2.9915442896179236,2.0,6.523755507241672,2.7569208214461365
SV_NewYork_40.7334_-73.9972.tif,1,23.0991153717041,2.454615892614237,4.075782367183063,6.550302170420988,6.103429585560035,10.83525641298105,5.724390864143565
SV_NewYork_40.7334_-73.9972.tif,2,50.05563735961914,3.245797928942732,2.2825128002929578,8.42802694337693,3.2889026729284514,12.592775120130973,2.2666809814392392
SV_NewYork_40.7334_-73.9972.tif,3,52.721275329589844,2.9128771171664454,2.152293818856942,5.644499718864328,2.0,9.345393992105834,2.0
SV_NewYork_40.7334_-73.9972.tif,4,52.760154724121094,2.9879970332560912,3.893033659132767,5.283228010156474,5.249298350075294,8.566222015971652,4.427911087888686
SV_NewYork_40.7334_-73.9972.tif,5,50.15056228637695,3.0953673583804147,5.743135846717549,7.715174893003933,3.7548056102394693,12.111095303007458,2.0
SV_NewYork_40.7334_-73.9972.tif,6,19.991455078125,2.0,3.1898033011107834,4.711782985218274,3.2413076502775695,8.875465716265134,2.0
SV_NewYork_40.7334_-73.9972.tif,7,67.8382339477539,2.3760209324088866,2.0,5.875231833412821,3.221188193136459,9.671605363452711,4.00882164422849
SV_NewYork_40.7334_-73.9972.tif,8,36.44630432128906,3.183524084296309,3.119747219258937,7.17045670742093,2.8010902818523853,11.16845479463521,3.224416254165653
SV_NewYork_40.7334_-73.9972.tif,9,57.80119705200195,2.0,2.0,2.0,2.0,2.0,2.0
SV_NewYork_40.7334_-73.9972.tif,11,57.74833679199219,3.252274931664852,2.0,7.074903776788842,6.237463607050079,10.578678767129132,5.227046133935273
SV_NewYork_40.7334_-73.9972.tif,12,80.07621002197266,2.8645635024836587,2.6313517205917667,7.247173515099904,3.1317365231932843,11.245130170341064,2.634669895314024
SV_NewYork_40.7334_-73.9972.tif,13,80.09412384033203,3.063267302555518,3.0286087886550477,5.884652677407747,3.8500570562999226,9.77599315003893,3.1570860300678336
SV_NewYork_40.7334_-73.9972.tif,14,20.64664077758789,2.0,2.0,4.580806386276471,2.0,8.977085662933073,5.0639920502644316
SV_NewYork_40.7334_-73.9972.tif,15,20.741037368774414,4.144927968653283,6.501284512247412,7.049826405551901,6.547425454642597,10.743900353556397,5.0144485152529334
SV_NewYork_40.7334_-73.9972.tif,16,21.1228084564209,2.0,2.0,2.0,2.3643475785861634,2.0507179095803885,2.0
SV_NewYork_40.7334_-73.9972.tif,17,9.340862274169922,2.544394059562787,2.8451840633282908,4.734452274657613,3.986215902226687,8.284655622699491,4.421119852458464
SV_NewYork_40.7334_-73.9972.tif,18,20.45052719116211,4.005844391742575,5.312088785093575,8.119053098474998,5.4088030394763615,12.118119515990973,8.626064650731143
SV_NewYork_40.7334_-73.9972.tif,19,31.808048248291016,3.2267069251868588,4.846156283059668,7.554204610788027,3.537275171910096,11.756285634000191,2.0
SV_NewYork_40.7334_-73.9972.tif,20,0.0,2.1656799446640154,2.1522315264750698,3.05427809630854,2.1877316307719354,6.417606706266424,2.8782262671057848
SV_NewYork_40.7401_-73.9934.tif,1,43.749427795410156,2.5488235614744443,5.097860443381684,13.784304792270355,8.100039938631115,21.068650293360704,9.566893319127306
SV_NewYork_40.7401_-73.9934.tif,3,57.74577713012695,2.0,2.7599146249203246,7.43487825504608,8.055020356111015,13.012290005313226,7.488991851415622
SV_NewYork_40.7401_-73.9934.tif,4,55.142906188964844,2.0,2.0,7.058327881004875,3.7316495876737723,12.936188676250051,4.691681391217921
SV_NewYork_40.7401_-73.9934.tif,5,50.651851654052734,2.0,2.0,10.330252078853398,5.883716770808674,16.807623388314475,6.341269017029405
SV_NewYork_40.7401_-73.9934.tif,6,47.194313049316406,3.694964074420321,2.0,14.254855324513453,6.771955804584432,21.514426797105703,7.140421975247657
SV_NewYork_40.7401_-73.9934.tif,7,86.07028198242188,6.29170545545407,10.201682777011992,13.239694170780979,11.277853904886152,18.09314535201765,13.426606264865576
SV_NewYork_40.7401_-73.9934.tif,8,45.30221176147461,5.639413161168289,9.870835021593246,12.81018131698465,12.338013338815893,18.035744127480683,15.198906590335307
SV_NewYork_40.7401_-73.9934.tif,9,40.61782455444336,3.893210470100909,6.7516326659942525,11.678861140319743,11.907702264195732,17.292384499730822,10.15804255295286
SV_NewYork_40.7401_-73.9934.tif,10,35.3951530456543,3.5920455145680332,4.912823605905109,11.564373223649252,7.234196602598865,17.542766534898373,10.27736490792496
SV_NewYork_40.7402_-74.0071.tif,0,29.56861114501953,15.539550752229477,15.58386121165412,24.285527657578054,21.937547889998754,29.09861792959221,19.25385970317006
SV_NewYork_40.7402_-74.0071.tif,1,43.89473342895508,9.703802748950912,13.234419451282415,20.180243309999838,13.690002507370554,26.757439516406155,17.16427330669799
SV_NewYork_40.7402_-74.0071.tif,2,24.67999267578125,4.0704439541593604,5.375480561736896,15.787808428917078,7.133296343522647,22.98513139924419,8.710167949747484
SV_NewYork_40.7402_-74.0071.tif,4,19.055408477783203,3.391665982924753,2.3685646585270397,16.185933070386596,2.0,24.20130296778037,2.0
SV_NewYork_40.7402_-74.0071.tif,6,16.9068660736084,6.2748747492414765,8.539056276867939,17.44167295118216,10.917341931969164,23.967933270012175,12.887989877458441
SV_NewYork_40.7400_-73.9901.tif,0,63.97047424316406,5.548365627793288,9.750469474468074,12.74038146823679,6.175329308494695,18.371136569761504,7.40963759672779
SV_NewYork_40.7400_-73.9901.tif,1,38.47808074951172,4.467094839863666,10.375203076476183,15.828878862742442,7.22686211779338,23.04891695163623,5.800703658162379
SV_NewYork_40.7400_-73.9901.tif,3,45.99943161010742,9.210618113545054,9.471265323674785,24.60408010347804,14.246516118659068,32.42505448111197,12.368252011597797
SV_NewYork_40.7400_-73.9901.tif,4,95.55541229248047,4.012348423196567,11.236978861621322,13.351812380166809,4.933227758274543,20.053703242261804,5.336409280450446
SV_NewYork_40.7400_-73.9901.tif,5,39.14765930175781,2.912368152198308,2.0,15.61137891842879,3.0718497215790177,23.862542325683272,2.0
SV_NewYork_40.7388_-74.0052.tif,0,18.090166091918945,13.253651783668268,13.519930944706879,30.831904730004304,18.724833059394363,38.543100521745046,18.647174401303854
SV_NewYork_40.7388_-74.0052.tif,1,20.503501892089844,2.0,3.457557115339143,11.339733441443009,4.1080797851221895,18.25184314341502,2.0
SV_NewYork_40.7388_-74.0052.tif,2,13.011476516723633,4.733920706885783,2.0,18.617666131281357,3.302144464548637,26.7856855352316,2.0
SV_NewYork_40.7388_-74.0052.tif,3,21.23954200744629,8.751112674909102,13.49614679736459,20.83567134631882,9.798383331010891,27.73727600070211,15.410305337958084
SV_NewYork_40.7388_-74.0052.tif,5,21.479970932006836,7.211331427592291,6.195421028605767,19.349951115329958,8.905854176325112,26.457341259296477,11.069154781926285
SV_NewYork_40.7360_-74.0071.tif,0,23.424352645874023,8.08212412686603,15.57011958978087,23.7214424088542,20.923787145670566,32.106686262413234,15.795370299285436
SV_NewYork_40.7360_-74.0071.tif,1,21.038354873657227,2.0,9.091508423885353,8.639359999038563,7.958888376266207,15.36508642781316,2.9609961609507227
SV_NewYork_40.7360_-74.0071.tif,2,20.10613250732422,2.958228476118128,9.251523659377405,14.785087307581259,5.909839532659293,22.85660885016334,2.0
SV_NewYork_40.7360_-74.0071.tif,3,21.942195892333984,3.4396456078934143,15.071597162273466,14.628230703420959,11.319791952675494,22.13702401339285,5.485780377361766
SV_NewYork_40.7359_-73.9934.tif,0,80.95635986328125,2.5883225021966467,3.5101569568611373,10.913860127482549,7.073439446215489,17.15297165251033,2.8866321176653846
SV_NewYork_40.7359_-73.9934.tif,1,40.042694091796875,3.3557682796459467,2.0,14.229474309933847,5.976235886964818,21.529674367156094,3.933045516005102
SV_NewYork_40.7359_-73.9934.tif,2,50.84416961669922,8.094754233871686,9.855377658852047,16.464542181968508,12.92502320651747,22.153810460492654,13.914827974588242
SV_NewYork_40.7359_-73.9934.tif,3,22.77044105529785,3.8690197389388308,3.3957828648047954,12.289102966124931,8.813713753221343,18.516962495915866,8.998982617308716
SV_NewYork_40.7359_-73.9934.tif,4,51.44282913208008,6.754995464303368,7.126356708353866,17.110428348527375,9.311634781806283,23.27525769029481,7.7869717083125645
SV_NewYork_40.7359_-73.9934.tif,5,22.849672317504883,2.397547418900082,2.4130308357765338,8.892330271020205,10.197535257809514,14.860194363990328,8.314633810406656
SV_NewYork_40.7359_-73.9934.tif,7,33.51426696777344,3.4970328374586916,2.0,13.969372868977954,5.46080668898622,21.357000329618213,2.0
SV_NewYork_40.7374_-74.0108.tif,0,18.427310943603516,2.251230167704053,2.6046130773863836,19.322585693086445,2.0,29.56833980018222,2.0
SV_NewYork_40.7374_-74.0089.tif,0,18.37942123413086,5.131242088319628,6.374312154726637,13.318872434885296,5.78318236887261,19.325848422259348,9.22654889960746
SV_NewYork_40.7374_-74.0089.tif,1,48.55695343017578,5.10522890710098,8.91322028023412,12.257780123184983,10.043675046156903,17.98174146429199,10.75632523175267
SV_NewYork_40.7374_-74.0089.tif,2,26.883329391479492,4.102579225658162,3.730133773020383,15.953719489194265,5.767085273609436,23.53332115739285,2.638411957744791
SV_NewYork_40.7374_-74.0089.tif,3,19.31731414794922,2.8693030402931754,3.375973091591259,11.080892569584519,3.0155267198410045,17.448754192241203,5.200290277128904
SV_NewYork_40.7374_-74.0089.tif,4,17.681201934814453,5.994821773199942,7.733045221354064,18.00336371809899,7.907897570841594,25.156297212459606,10.97545578773264
SV_NewYork_40.7374_-74.0089.tif,5,13.091287612915039,2.0,4.712656616248725,12.841613780971276,4.251438745472153,20.04788442799625,6.533355901202588
SV_NewYork_40.7374_-74.0089.tif,6,17.290889739990234,4.775402605530769,4.029422642720634,19.53373207031623,7.48611671598936,27.78796554120961,2.357113008631774
SV_NewYork_40.7374_-74.0089.tif,7,20.76839828491211,2.0,2.3442158514331526,9.293404019831653,4.943743282943951,15.84412779013331,5.520252951175731
SV_NewYork_40.7335_-74.0035.tif,0,20.342205047607422,5.886989577902733,5.987073205356294,13.548999667677954,7.435555287474512,19.245987149322012,7.8168901837479865
SV_NewYork_40.7335_-74.0035.tif,1,12.741490364074707,5.513118563164228,4.8792168757149055,13.580879454263698,7.867901155521644,19.462107430362902,5.190885818226897
SV_NewYork_40.7335_-74.0035.tif,2,17.07552719116211,3.2783700267791556,2.5152898054120776,12.609047888287417,6.438137252734248,19.301047993532556,5.268804578035047
SV_NewYork_40.7335_-74.0035.tif,3,16.49208641052246,3.9449473493172205,3.198789893296281,11.797213238239895,5.755397042088834,17.870793437283794,9.382602073284357
SV_NewYork_40.7335_-74.0035.tif,4,18.07621192932129,4.445110334557243,5.118715218205917,13.07316834690803,7.007764876734229,19.178920208280058,7.827294990734628
SV_NewYork_40.7335_-74.0035.tif,5,53.202781677246094,7.005059467391814,6.442492351807651,18.0827679987381,2.0,24.69908522666132,3.5105161766407824
SV_NewYork_40.7335_-74.0035.tif,6,22.392499923706055,7.906766970215718,7.980576322922605,19.402614998927856,9.382066034562477,26.320774601170516,7.337236798883601
SV_NewYork_40.7335_-74.0035.tif,8,25.336767196655273,7.253238839042367,7.289156567936556,16.830397192719214,9.813823335439482,23.128361524115277,13.202042167785942
SV_NewYork_40.7360_-74.0108.tif,0,23.201669692993164,4.374607071775693,6.331592335455782,17.331072903571798,6.129195583807314,25.246692507459926,11.897192540567247
SV_NewYork_40.7360_-74.0108.tif,1,16.1221866607666,2.770216213875507,3.6667759294254294,13.26290136121574,3.2005965816144215,20.78020483030385,4.620166539181625
SV_NewYork_40.7360_-74.0108.tif,2,46.471492767333984,8.218601833170547,12.183696126608675,20.021892904029947,12.521808317436497,27.058186012146415,15.888092797336206
SV_NewYork_40.7360_-74.0108.tif,3,17.363035202026367,4.3864890567818255,5.672300494884349,13.968137912889969,6.692969204929791,20.76562725513416,8.929049521412443
SV_NewYork_40.7373_-73.9934.tif,0,59.84605407714844,5.386571249003121,2.815116528528698,18.135620731913637,6.512285541678895,25.408277798121485,6.517465051987333
SV_NewYork_40.7373_-73.9934.tif,1,50.28293228149414,6.885074290899714,7.571988671781284,15.81909074663551,11.996476394064322,21.55655207405452,10.58519886314095
SV_NewYork_40.7373_-73.9934.tif,2,54.177734375,4.49043572231943,2.5397551776246985,14.219582613872179,3.124360316957093,20.811291955450685,3.966745398525395
SV_NewYork_40.7373_-73.9934.tif,3,42.46238708496094,2.7193175505089062,2.920055005052481,9.98256657185525,6.851198581550087,16.16385707026713,7.664535151042217
SV_NewYork_40.7373_-73.9934.tif,4,42.22721481323242,5.000016638518663,6.861525657469836,12.932028763221368,14.766250630401341,18.92505023435325,6.756980044280297
SV_NewYork_40.7373_-73.9934.tif,5,57.97312927246094,3.071052229701875,2.0,13.207397247452448,5.790619450799203,20.37982729342317,2.857496370156321
SV_NewYork_40.7373_-73.9934.tif,6,66.99998474121094,3.734023126107764,4.520206329900407,12.03158780048821,9.723713101387725,18.423571451822628,8.151827025178573
SV_NewYork_40.7373_-73.9934.tif,7,28.125856399536133,5.587480602438528,6.237344241233653,12.856033922876883,13.043479637624204,18.39620480604092,5.468382492604283
SV_NewYork_40.7373_-73.9934.tif,8,60.94297790527344,4.837594672129106,6.276239553218448,13.152552607800136,8.966788306726,18.970337597441013,7.2281659775754
SV_NewYork_40.7401_-74.0019.tif,0,19.32711410522461,2.0,2.744728509377876,4.524346144421498,2.5170804487555323,9.706061396930453,4.6066141991442775
SV_NewYork_40.7401_-74.0019.tif,1,16.89360237121582,2.0,3.4085549908895123,2.999118578884664,5.278690104770124,7.009452221461279,7.596497440249154
SV_NewYork_40.7401_-74.0019.tif,2,18.970373153686523,4.677343871279743,8.085051809036097,6.181158238969614,6.2762808647465205,9.069656042502796,11.292401315570553
SV_NewYork_40.7401_-74.0019.tif,3,14.937768936157227,2.6368628903780156,4.484539361139313,7.628806371263719,7.487212787849672,12.048306343603874,12.016150649986216
SV_NewYork_40.7401_-74.0019.tif,4,21.19223403930664,2.0,3.645462841536252,7.435174739032313,5.746706514513261,12.646769917261233,4.332098598319943
SV_NewYork_40.7401_-74.0019.tif,5,19.546222686767578,2.0,5.609724276299569,5.053446355571401,8.007407021769852,9.15913902945157,8.27164719162135
SV_NewYork_40.7401_-74.0019.tif,6,21.589139938354492,2.2152816803065267,3.20888810529593,6.9657110444964925,4.211744050961131,11.493405456662895,7.218195380990983
SV_NewYork_40.7401_-74.0019.tif,8,55.91020584106445,3.3884655899713554,3.0183180575961908,11.224987620397256,4.755315409820764,16.711584416126676,5.071337899242842
SV_NewYork_40.7401_-74.0019.tif,9,35.778621673583984,8.626046709229334,9.43714849809226,11.499072001446697,11.263687386060646,14.410363265286902,20.744188909316335
SV_NewYork_40.7401_-74.0019.tif,10,20.94255828857422,2.0633499199306957,6.663363805067573,6.724947667379901,9.021667771748175,10.990618367793642,10.932842839990254
SV_NewYork_40.7401_-74.0019.tif,11,58.556148529052734,3.4992558606140527,3.4875239389046615,9.780557691703367,7.968008850273589,14.476490488222536,7.575694927986961
SV_NewYork_40.7401_-74.0019.tif,12,69.1424789428711,5.855566144789538,5.810490445520273,12.23036066403498,7.460206673726542,16.594207779767203,8.799383203443448
SV_NewYork_40.7401_-74.0019.tif,13,21.116174697875977,3.234066148877748,3.030010658387009,7.222848221664266,5.10870035577856,11.208094331709681,7.100312174478914
SV_NewYork_40.7401_-74.0019.tif,14,47.84393310546875,4.719854047736893,6.327136126449491,8.31788353347374,8.17825353242961,11.803130393757497,7.680287463564443
SV_NewYork_40.7401_-74.0019.tif,15,27.336040496826172,14.347152839821394,17.91830607817754,19.37710561328752,27.038218782029155,22.48385877692642,30.86378150646055
SV_NewYork_40.7401_-74.0019.tif,16,65.44340515136719,3.066721535937539,2.0,8.55081521325989,2.6401717800366455,13.316667180758442,4.573856479691082
SV_NewYork_40.7401_-74.0019.tif,17,0.0,3.613453699136297,2.295915913950853,9.441951334026301,4.08256691405441,14.204084390157051,6.352009175403766
SV_NewYork_40.7401_-74.0019.tif,18,14.947521209716797,3.615703972211918,4.9171886649114125,8.1745206538556,5.511028853008825,12.42048638164622,6.358889932005996
SV_NewYork_40.7401_-73.9989.tif,0,33.883338928222656,4.589812269893144,6.261621002359444,15.372263953755178,8.408823897146977,22.363476965539338,9.659531684312315
SV_NewYork_40.7401_-73.9989.tif,1,58.8780517578125,4.8101536173943815,2.5425088197813834,15.133368130430215,3.9652062442279954,22.141968663312607,4.3486949064780065
SV_NewYork_40.7401_-73.9989.tif,2,19.006919860839844,2.0871102176891085,2.0,11.127988948151215,6.070821686525419,18.00542467372424,2.0
SV_NewYork_40.7401_-73.9989.tif,3,21.507402420043945,2.725098654249244,2.0,10.494143127762063,4.884101075650558,17.102048625768493,4.133619765668878
SV_NewYork_40.7401_-73.9989.tif,4,19.10860824584961,5.272891263703706,4.475021358907578,13.411557840055417,7.238944688046909,19.203211200411292,10.55506282384945
SV_NewYork_40.7401_-73.9989.tif,5,45.605804443359375,3.060713692367683,2.0,10.78094771898281,4.567496527835835,16.975479838928596,3.852085555827639
SV_NewYork_40.7401_-73.9989.tif,6,45.182273864746094,5.914639371945808,4.334236599859286,14.76351406964107,11.640503714413565,20.865485225345388,7.586119525309158
SV_NewYork_40.7401_-73.9989.tif,7,50.298622131347656,4.588256166713021,2.019685340200074,14.74236205075398,5.813539691216174,21.722513569295717,3.2819970839060266
SV_NewYork_40.7374_-74.0052.tif,0,21.616369247436523,5.495838209457433,10.613416755885808,13.80297570072643,11.924973535079749,19.895717793634578,12.333069013437171
SV_NewYork_40.7374_-74.0052.tif,1,14.043228149414062,3.81088443984899,2.4737232963803533,15.627931356418925,9.495475833455577,23.635041952667482,9.583980725653117
SV_NewYork_40.7374_-74.0052.tif,2,18.01936149597168,2.0,2.5498412302305082,10.118976355032453,5.862776448722369,16.996583010913863,6.681772321695751
SV_NewYork_40.7374_-74.0052.tif,3,21.95105743408203,5.18175349935411,7.673414456042664,16.873051528966954,8.946335148321625,24.408563385093018,10.334291961926514
SV_NewYork_40.7343_-73.9798.tif,0,37.5253791809082,9.000356226278177,16.139033829341297,16.682815931613018,16.53306870475898,20.828126122446456,17.7677992615997
SV_NewYork_40.7343_-73.9798.tif,1,60.59904861450195,8.792226493405165,10.671698568827955,18.361823320348055,12.020408039739472,23.083217362548176,13.5080280851199
SV_NewYork_40.7343_-73.9798.tif,2,39.66215515136719,18.627211027760147,18.72319337702782,27.08651589756616,23.37614878553049,30.580170461923316,23.50129388566243
SV_NewYork_40.7343_-73.9798.tif,3,39.28790283203125,20.077714230023503,23.81083387770522,25.204900355263618,19.856050711011306,27.70096875297706,25.725662224596107
SV_NewYork_40.7343_-73.9798.tif,4,41.24243927001953,15.3404278177534,21.697064359441256,23.665803151772074,23.37482133510003,26.95971448754697,21.361377957254025
SV_NewYork_40.7343_-73.9798.tif,5,41.443016052246094,19.21357603493407,19.17559448945837,24.9909474823834,25.541577588517182,27.393929801997917,23.896639732299196
SV_NewYork_40.7343_-73.9798.tif,6,41.82676696777344,19.077312651660073,20.935677251335967,31.679166255033834,24.536057261687773,36.379326214510435,24.66655900823115
SV_NewYork_40.7343_-73.9798.tif,7,43.93012237548828,21.72235474930404,24.906823652280423,28.102150670174524,28.455921163956926,30.30007732131415,25.906406134055736
SV_NewYork_40.7343_-73.9798.tif,8,42.75559616088867,21.326460711773613,32.29937089928824,31.417876964583556,26.086906954154465,35.39261420728608,25.312356637736077
SV_NewYork_40.7343_-73.9798.tif,9,42.73771667480469,21.93281523946969,22.229838294271772,32.894604145450224,26.109890148679046,37.364056778464786,25.760135449762195
SV_NewYork_40.7343_-73.9798.tif,10,39.174652099609375,8.320522580445553,13.27779188860437,19.903094250925715,15.666426981472354,25.15254666853363,17.36250576497554
SV_NewYork_40.7345_-73.9971.tif,0,16.839981079101562,2.0,5.190742334702437,7.21054181738646,7.464697593082057,12.503162843462976,11.87073885700781
SV_NewYork_40.7345_-73.9971.tif,1,18.138751983642578,2.710042654692826,6.066458687327496,10.287338919255623,8.508470604417116,15.5802578992035,9.2243439742291
SV_NewYork_40.7345_-73.9971.tif,3,32.726898193359375,2.366053784056728,2.0,6.900166470620174,7.683544955534161,11.37220116006772,5.946262830130839
SV_NewYork_40.7345_-73.9971.tif,4,23.456130981445312,5.1977449827385565,6.378008235512478,9.26474139764277,11.059936547452699,13.206652313855702,11.917098119795417
SV_NewYork_40.7345_-73.9971.tif,5,20.80542755126953,2.961080050026908,3.4861709243549845,7.8731108432285275,8.36002524912997,12.556686149672155,11.930748114518467
SV_NewYork_40.7345_-73.9971.tif,6,23.180723190307617,3.8559278790784903,11.06426589159899,6.383611126042712,10.421210985915028,9.924065038992895,11.122546240213548
SV_NewYork_40.7345_-73.9971.tif,7,0.0,2.120132725844492,2.0,5.2040180013229005,6.281193249012085,9.4107011432133,8.58095378950776
SV_NewYork_40.7345_-73.9971.tif,8,19.39940071105957,2.2414039033961544,10.697022824872386,7.0145394335308,7.804135267575577,11.615264429748235,7.735398585398992
SV_NewYork_40.7345_-73.9971.tif,10,19.98061752319336,4.046104925029522,11.49621382596976,10.31477009218547,8.413698120768577,15.26113547316722,5.0463079578089305
SV_NewYork_40.7345_-73.9971.tif,11,50.14042663574219,5.102704339905318,12.338426750360108,11.740794179079334,10.391736425062033,16.644052102407983,7.361457484169175
SV_NewYork_40.7345_-73.9971.tif,12,57.82715606689453,2.0,2.3606740297093016,7.71624600884353,4.449510872328228,12.601462881880808,3.4715970423784874
SV_NewYork_40.7345_-73.9971.tif,13,36.092674255371094,4.453994182102616,3.0292976430770717,10.057582359396132,10.282154544982141,14.615897978075267,9.489707662643028
SV_NewYork_40.7345_-73.9971.tif,14,64.46320343017578,4.998963535561064,3.447523830989109,11.734121027669861,10.26533920973345,16.433262735183312,9.802712612851037
SV_NewYork_40.7345_-73.9971.tif,15,34.749061584472656,3.501618444715305,4.234173720195239,7.345920565153872,8.697638501981768,11.598970394878153,7.925635436888947
SV_NewYork_40.7345_-73.9971.tif,16,70.98651123046875,3.649900404204743,10.490721148209692,9.185067440034963,8.667201400851809,14.050108964408524,8.540724096781133
SV_NewYork_40.7359_-73.9953.tif,0,72.0703125,7.351805293143918,7.297048211996487,16.65037306164044,13.95995521162645,22.150221568216338,14.29995260128921
SV_NewYork_40.7359_-73.9953.tif,1,36.069515228271484,2.435884898032036,2.0,12.529899677379476,4.001770385991079,19.589884133076726,2.0
SV_NewYork_40.7359_-73.9953.tif,2,20.3125057220459,4.264645960338698,3.3402812884023843,12.539083898339918,11.104946331663097,18.65449912893366,4.159226259580229
SV_NewYork_40.7359_-73.9953.tif,3,43.347652435302734,6.217368817142311,6.761378605513653,13.29427544573766,12.868072284222487,18.525258213827673,10.849705448690964
SV_NewYork_40.7359_-73.9953.tif,4,32.7564811706543,5.391194428961472,4.778427881805633,14.286433265632725,8.870884452778432,20.209876875593007,8.367186744204064
SV_NewYork_40.7359_-73.9953.tif,5,33.4920654296875,6.440082665211845,6.547640843026381,15.461778856708113,9.910017234384458,21.507938592868516,9.405986657179186
SV_NewYork_40.7359_-73.9953.tif,6,50.84471130371094,5.728038774571444,6.296554746737852,14.928904751857589,10.017558808509563,21.22558173178338,8.19396662973967
SV_NewYork_40.7359_-73.9953.tif,7,61.00466537475586,5.488552195939325,3.444108682389844,15.52726911503405,9.524739052796438,21.99577332923,4.4047885438801275
SV_NewYork_40.7359_-73.9953.tif,8,23.468935012817383,5.084456391408316,5.468917333334135,14.614036449621048,9.922558639994739,20.92668262550299,9.091108525785206
SV_NewYork_40.7335_-74.0053.tif,0,21.221952438354492,6.840137676950337,7.407580007048013,16.52414283568102,10.771550896541624,22.207024412197946,9.583054570973182
SV_NewYork_40.7335_-74.0053.tif,1,19.883281707763672,5.0960804073370145,5.111966348529712,15.303203108404722,8.155960553538133,21.849674112238567,10.114209060782185
SV_NewYork_40.7335_-74.0053.tif,2,18.65460205078125,3.6579002266911793,2.0,11.975787973288414,4.1972252135800305,18.06615369942806,10.079614662362182
SV_NewYork_40.7335_-74.0053.tif,3,21.766359329223633,3.805655602059236,4.063244707657257,12.027429632970978,7.295783276524804,18.02984455110628,4.526922477322624
SV_NewYork_40.7335_-74.0053.tif,4,22.727169036865234,2.0,4.716799645613026,7.616128938046639,7.25570081733973,12.980407132716861,6.0261047875031455
SV_NewYork_40.7335_-74.0053.tif,6,12.22775650024414,4.832825855346703,3.9432557019432855,15.918019041337589,5.310465775134154,22.887386147621367,4.527745262041361
SV_NewYork_40.7335_-74.0053.tif,7,18.03362274169922,6.0481468562580325,8.756654471190329,12.118123498424133,11.628304478549472,17.17160415759365,15.047104722133257
SV_NewYork_40.7335_-74.0053.tif,9,19.474945068359375,3.482429384059021,2.0,13.651165427629657,5.601342367879323,20.690494588648484,2.0
SV_NewYork_40.7387_-73.9915.tif,0,59.322940826416016,15.31687284562176,15.423749772360196,17.9181634310124,19.536542697697374,20.49016475020483,21.298658206455492
SV_NewYork_40.7387_-73.9915.tif,1,43.44499206542969,9.825207727076997,11.204367248188012,15.432824749213056,21.43936996546549,19.841164825904457,17.744582682442864
SV_NewYork_40.7387_-73.9915.tif,2,38.222068786621094,5.607238181167259,8.612053918969815,12.983553984352653,13.804498789474266,18.293225941487258,13.320207533096577
SV_NewYork_40.7387_-73.9915.tif,3,25.571138381958008,5.761828688127241,6.770899845614299,18.831233988942355,10.590962218650054,26.385389418505756,7.461413244938297
SV_NewYork_40.7387_-73.9915.tif,4,39.67427062988281,5.945297820416649,6.0480271469969225,17.3838643336407,15.976963941846947,24.062779850530216,14.843586825040813
SV_NewYork_40.7387_-73.9915.tif,5,61.783912658691406,9.682573808752561,10.413842987213743,15.4290360027793,21.336081619873514,19.55790326258399,15.538904368032757
SV_NewYork_40.7387_-73.9915.tif,6,57.662017822265625,4.141864257312389,8.390615845681513,16.464369247528726,28.382888214819207,23.54537374021497,24.890743775136894
SV_NewYork_40.7387_-73.9915.tif,7,61.7140998840332,5.0283319960058614,2.856019518604649,15.767234176640915,14.588089009618475,22.507867076419725,11.646992567500211
SV_NewYork_40.7387_-73.9915.tif,8,82.3495864868164,9.197348772823847,14.112563557335534,14.568659498979631,17.14103781132368,19.007591214367938,19.881775315256238
SV_NewYork_40.7387_-73.9934.tif,0,59.29895782470703,2.4046922620497266,5.778109163077548,7.478452378046494,6.843538091045125,12.598050028145718,7.266064472135189
SV_NewYork_40.7387_-73.9934.tif,4,57.70331954956055,2.367573199272906,5.856024510589251,7.061450875056664,9.176773351570969,12.110201030504467,7.225934535602624
SV_NewYork_40.7387_-73.9934.tif,5,55.930152893066406,2.0015968873889065,2.0187106590886312,10.218408890713878,6.635543436650912,16.899360069361315,5.191011460463248
SV_NewYork_40.7387_-73.9934.tif,6,69.83891296386719,7.080184338483431,3.7584031403233484,20.70023476048045,10.440384778848381,27.919858991403515,5.820910958238426
SV_NewYork_40.7387_-73.9934.tif,8,77.06039428710938,2.6814868794598645,4.542964425429511,8.06245656279658,10.255753870249379,13.21602353275917,7.9415234218155595
SV_NewYork_40.7387_-73.9934.tif,9,30.141557693481445,2.0,2.0,10.288872300705158,6.178796269630385,16.611447345383034,4.042919968157388
SV_NewYork_40.7387_-73.9934.tif,10,49.596336364746094,5.615166039961875,6.882394759229593,9.940353031761731,5.039758515843251,14.18977238808581,5.146971579032206
SV_NewYork_40.7387_-73.9934.tif,11,25.21673583984375,2.0,2.0,10.742462918549556,7.395916498541831,17.514331280714014,7.18949222901632
SV_NewYork_40.7343_-73.9816.tif,0,39.50691604614258,15.171337475166013,20.244530170628302,23.06356739395035,21.498958795511015,26.90862814006212,24.885142225205218
SV_NewYork_40.7343_-73.9816.tif,1,37.52641296386719,12.787920301378945,19.85844356649051,19.852688235779834,21.317529025449648,23.551904787352523,21.850757950152573
SV_NewYork_40.7343_-73.9816.tif,2,40.712284088134766,12.66138026071998,19.572298299614822,21.09627166406562,22.465306587068472,25.40323482662534,22.969608923399782
SV_NewYork_40.7343_-73.9816.tif,3,39.017364501953125,12.963027175286165,18.762866340405978,19.730876685710548,22.02953652045261,23.239043844589318,23.78250428185558
SV_NewYork_40.7343_-73.9816.tif,4,39.05583190917969,19.29864776305328,27.092364133165844,22.499681609137745,37.251667373218936,24.399100288319634,32.826384687932794
SV_NewYork_40.7343_-73.9816.tif,5,37.58550262451172,12.966850940998457,18.77546332888604,19.979224199307293,21.65927883157443,23.34195015709203,21.27053154546968
SV_NewYork_40.7343_-73.9816.tif,6,40.73836898803711,22.94940354901673,29.614190997608375,31.718674552365158,33.39702378632604,34.68702260940425,33.17775478965711
SV_NewYork_40.7343_-73.9816.tif,7,44.31212615966797,21.94433902157268,29.462134175791206,27.86497184446108,32.20468070268053,30.06485680383469,31.583162354599082
SV_NewYork_40.7343_-73.9816.tif,8,37.92727279663086,14.027124595876938,17.63559220200556,20.445774981937706,23.312373666106573,23.718261879227086,23.176172324088714
SV_NewYork_40.7343_-73.9816.tif,9,39.830467224121094,17.848663166240275,36.61222241961385,28.766617002300777,32.04421743074778,32.844804127429576,30.349086295643207
SV_NewYork_40.7343_-73.9816.tif,10,56.20772171020508,21.046813652122438,25.749215964307293,31.5030202695442,30.118743349486586,35.76478541066121,29.22325788057463
SV_NewYork_40.7343_-73.9816.tif,11,37.74482727050781,10.618677508133285,14.265265573090298,17.831377424426755,23.53490110619877,21.33427520029695,23.592693782534887
SV_NewYork_40.7343_-73.9816.tif,12,39.171775817871094,8.31699820935475,9.492052078689863,19.841837258569836,17.98780309668755,25.399998216181736,17.886370735382105
SV_NewYork_40.7334_-73.9953.tif,0,20.873046875,2.7657605168982666,2.0,14.17490904443042,5.075546374090578,21.621062897880968,5.721548086517712
SV_NewYork_40.7334_-73.9953.tif,1,23.176715850830078,3.020528987133373,4.942214128236047,12.887363550109285,5.5920877664296755,19.740473613059574,2.870356441623206
SV_NewYork_40.7334_-73.9953.tif,2,28.420907974243164,5.745799200318426,5.490554441256679,14.89336579227754,8.509522857899285,21.1008854428321,4.886334018683128
SV_NewYork_40.7334_-73.9953.tif,3,40.25856018066406,3.4243611196563055,2.6794076180778337,12.884187175255189,5.671400425199585,19.612803242789106,3.1100691431565846
SV_NewYork_40.7334_-73.9953.tif,4,31.72500228881836,3.8260183465656565,3.796729992066934,11.46439457330382,8.043660488270586,17.109189059455627,8.008059273475585
SV_NewYork_40.7334_-73.9953.tif,5,40.10678482055664,7.326257818823322,6.542136097829332,14.600868945134431,11.787897815240365,19.526999984182194,11.551146217432102
SV_NewYork_40.7334_-73.9953.tif,6,41.22767639160156,4.71545668867885,2.8489429904582586,14.78815241351945,6.207229756173905,21.422590146257072,6.111972667983154
SV_NewYork_40.7334_-73.9953.tif,7,19.738601684570312,12.027951690928079,24.2421051108811,18.835438556216644,15.064791140784612,23.2409298763851,16.749014843957827
SV_NewYork_40.7334_-73.9953.tif,8,31.809829711914062,5.225707111415621,3.165861042201087,15.817599898221394,6.524281953366576,22.59923412167677,3.1596787663780237
SV_NewYork_40.7372_-73.9816.tif,0,34.155574798583984,21.22717271058628,20.706898497325344,29.06181904712929,29.691461377261277,32.55845484878493,30.332439625049254
SV_NewYork_40.7372_-73.9816.tif,1,41.1971549987793,3.732383681771715,3.1063454837926514,10.586083107442304,4.395689239772596,16.015355651986535,7.437272587719606
SV_NewYork_40.7372_-73.9816.tif,2,50.75895309448242,6.162418223917836,7.2922273176187264,15.71858711355638,9.494966199204542,21.435560849307432,10.18953138454291
SV_NewYork_40.7372_-73.9816.tif,3,19.37624740600586,4.257964124878594,5.564603912759739,10.838800332406237,6.917511980597111,15.792779547790161,7.085124868223754
SV_NewYork_40.7372_-73.9816.tif,4,22.911884307861328,9.198615112921576,9.350551773617068,14.388790590763264,13.474859226284968,18.010973676235228,15.593931312176263
SV_NewYork_40.7372_-73.9816.tif,5,44.5679817199707,2.0,4.281096113665126,6.6652125349344225,7.159916257010315,11.289242537141245,13.422084733975074
SV_NewYork_40.7372_-73.9816.tif,6,20.105939865112305,13.341504408148026,12.423981913475709,15.34514443281375,14.54890560365596,16.696836201188948,12.30168355778024
SV_NewYork_40.7372_-73.9816.tif,7,46.799781799316406,8.18955305695044,10.8862298992324,11.181798741371338,12.984711595222329,14.251377137661954,14.331315360278678
SV_NewYork_40.7372_-73.9816.tif,8,21.601226806640625,5.720730508099598,7.352377141428013,9.248254075354081,11.826862999095907,12.671415123703337,11.117534511708174
SV_NewYork_40.7372_-73.9816.tif,9,48.313819885253906,8.16373661771422,8.879690814429285,14.025059768769859,12.666633934064379,17.828445485055155,12.54496696649349
SV_NewYork_40.7372_-73.9816.tif,10,18.148454666137695,7.254804844037223,9.436166499556277,8.734643899082277,12.648141642772353,11.370357039536849,13.896270073859903
SV_NewYork_40.7372_-73.9816.tif,11,43.50099182128906,8.829779117826842,9.753289535483862,15.670660783787923,14.36886167417687,20.034273669043834,14.990080199309942
SV_NewYork_40.7372_-73.9816.tif,12,15.706982612609863,2.0,2.0,4.7923338831647655,5.363510377977993,9.35623529900565,7.572356355705761
SV_NewYork_40.7372_-73.9816.tif,13,15.190119743347168,4.186971054032163,4.776416910730192,11.027975762705093,11.062685084766251,16.16714935737966,8.516389596245693
SV_NewYork_40.7372_-73.9816.tif,14,15.552511215209961,3.8307330354900966,3.5580119508601813,11.0297528485914,9.579204673207283,16.325509580764614,9.531373990223091
SV_NewYork_40.7372_-73.9816.tif,15,21.14824676513672,2.772101682551016,2.7064001391984545,8.889458817292056,5.77067374659545,14.01488013231662,7.860353749229908
SV_NewYork_40.7345_-74.0020.tif,0,50.72883605957031,3.657433814019525,6.584426347868707,9.180499749880482,8.75574507158024,13.850700190047565,11.987132805591019
SV_NewYork_40.7345_-74.0020.tif,1,23.9268856048584,6.7106766179622195,8.433528525788224,11.171612828609803,12.296654167419694,15.13979917957796,12.737978299572656
SV_NewYork_40.7345_-74.0020.tif,2,20.006053924560547,4.727970885806808,6.236335240296579,11.902296004669466,10.314815733992232,16.84412265977564,10.509953637357567
SV_NewYork_40.7345_-74.0020.tif,3,23.871917724609375,4.310158210876135,5.480677527381019,9.43399801992083,6.685929640764095,13.803971744203874,10.907078104241577
SV_NewYork_40.7345_-74.0020.tif,4,11.509538650512695,4.313785894157873,3.2475377250460027,11.22963774704272,5.325634094570456,16.08495006839149,5.495527357226782
SV_NewYork_40.7345_-74.0020.tif,5,22.907516479492188,6.1118210751053725,8.929226059443486,10.018910414346115,13.063412311904495,13.462529945908578,11.514308791762842
SV_NewYork_40.7345_-74.0020.tif,6,45.929630279541016,5.054575795643878,8.075398254483636,8.419910770444952,10.09954109800392,11.99205431542958,10.636832585620747
SV_NewYork_40.7345_-74.0020.tif,7,16.896574020385742,7.56149591858333,8.384498068647284,11.176154912483593,12.669051146922012,14.731949912488005,18.06708764953329
SV_NewYork_40.7345_-74.0020.tif,8,16.006305694580078,7.639201132973854,10.899506995876967,13.699891596659885,12.447351847705345,17.72996145343283,11.88825581851403
SV_NewYork_40.7345_-74.0020.tif,9,18.076461791992188,6.524407695333424,10.512187661355396,10.763805774162776,11.395204795422833,14.358824601890216,9.686811584415993
SV_NewYork_40.7345_-74.0020.tif,10,20.164194107055664,5.493305677293859,7.525047923801703,8.70421739507194,8.628976839899938,12.235236122684089,8.999310396534296
SV_NewYork_40.7345_-74.0020.tif,11,20.139768600463867,6.278702601960456,4.375974232515732,15.821065509274375,12.085604307147705,21.170559045223712,12.899628250159626
SV_NewYork_40.7345_-74.0020.tif,12,55.013816833496094,6.88745555142559,8.995021120056213,12.245638745474906,12.60618623687754,16.17304956829863,14.015697628934216
SV_NewYork_40.7345_-74.0020.tif,13,26.638425827026367,6.930538247461767,9.182772121365558,11.460472022912953,11.480181430421693,14.988459839928606,10.622720674138867
SV_NewYork_40.7345_-74.0020.tif,14,15.999482154846191,3.125047134584653,3.6538615763760802,8.259503425696467,6.616579727558623,12.878161082864635,8.8971685945468
SV_NewYork_40.7345_-74.0020.tif,15,19.14936637878418,5.235163144236661,7.992146841574737,9.654165436900431,11.696028498865807,13.491522482195812,12.065266717443153
SV_NewYork_40.7345_-74.0020.tif,16,13.799927711486816,3.122364322466515,5.793578675291998,7.908221998020416,9.249096446659257,12.33792398868949,11.48299707527309
SV_NewYork_40.7345_-74.0020.tif,17,14.969654083251953,4.317298673665687,6.713147573031401,9.909501794084319,9.913027898396868,14.371232284238596,10.592646484426565
SV_NewYork_40.7359_-74.0034.tif,0,21.057292938232422,2.2882024178395497,2.406665127066077,11.228759860174852,4.01823411167173,18.299662104777816,5.404193745104885
SV_NewYork_40.7359_-74.0034.tif,1,18.965120315551758,4.237713370258111,5.869660283067079,15.37147982505248,9.023741782028885,22.844822145537236,9.61231685279929
SV_NewYork_40.7359_-74.0034.tif,2,18.731525421142578,4.674324496548626,3.702065212762406,17.536570057374256,8.29549182924411,25.55051369156356,2.252054722333528
SV_NewYork_40.7359_-74.0034.tif,3,0.0,4.762611381824876,3.283479419340158,20.05820880384888,13.461217368600844,29.260792464176895,13.085950216611815
SV_NewYork_40.7401_-73.9915.tif,0,60.992618560791016,2.0,6.3737935375610775,14.100262598237709,11.697120110446038,22.305916986840046,18.86257294966059
SV_NewYork_40.7401_-73.9915.tif,1,63.802337646484375,2.0,4.764946187845476,11.270432744090487,3.730638232265433,18.899834109700702,2.211443564669606
SV_NewYork_40.7401_-73.9915.tif,3,57.73571014404297,6.625470552864013,8.338839766261977,19.225944851178678,18.473177692672134,25.6659571286828,18.845879330406742
SV_NewYork_40.7401_-73.9915.tif,4,3.0797276496887207,2.540621060545737,6.318820426139968,14.037654314545499,14.80673258843719,21.802309054964315,11.96689017803137
SV_NewYork_40.7401_-73.9915.tif,5,31.160476684570312,3.3322343212569656,2.0,11.591615381566651,3.7030115820595237,17.79827736419414,2.033329814045567
SV_NewYork_40.7401_-73.9915.tif,6,37.599273681640625,4.204643244971026,5.801918147893385,13.325357982843242,10.11103150968058,19.604891563109316,12.090417197115993
SV_NewYork_40.7401_-73.9915.tif,7,61.85952377319336,3.572126297081679,5.947945440390186,8.703229634438713,7.6511469822587985,13.64715769365294,4.953992695276899
SV_NewYork_40.7401_-73.9915.tif,8,49.46584701538086,2.5443594512252847,4.860393123938202,10.462134281054144,9.54079870996924,16.644092254211024,5.776940116696045
SV_NewYork_40.7401_-73.9915.tif,9,35.05836486816406,3.0142883963622698,2.7361008927842563,11.098325261248547,6.910385374845357,17.17900322612866,5.290652164428013
SV_NewYork_40.7401_-73.9915.tif,10,61.75569152832031,3.760767593172277,10.188098338478902,13.151101120094083,19.03628430963377,19.596179095372165,17.490849425009134
SV_NewYork_40.7401_-73.9915.tif,11,35.39461135864258,3.844608300766234,6.165208861832822,12.243002886271675,7.26300929340218,18.4396269806026,12.260727250354256
SV_NewYork_40.7400_-73.9834.tif,0,60.90022277832031,2.2442331142633964,5.32681271409128,11.606983928961068,6.081255259801277,18.406650822740993,8.176732754976127
SV_NewYork_40.7400_-73.9834.tif,1,21.372203826904297,2.0,2.0,5.237235985241888,2.0,11.11338810093369,2.396066491086448
SV_NewYork_40.7400_-73.9834.tif,2,20.13683319091797,3.804941987944062,4.370212682472178,13.009248466243697,9.455034258036976,19.42347159814055,6.553059193331064
SV_NewYork_40.7400_-73.9834.tif,3,73.31583404541016,4.197535463222254,7.342210162198468,12.513070196995631,7.005864024881881,18.599147865920543,7.3047432032443
SV_NewYork_40.7400_-73.9834.tif,4,58.85722732543945,3.62745902615063,6.386826748717044,10.499850802892563,7.17044506097401,16.13798741273407,10.642072508215856
SV_NewYork_40.7400_-73.9834.tif,5,49.320411682128906,2.4843615397164207,2.556422821607553,10.579076127627484,5.734459501353647,16.86489183303415,8.174628818872273
SV_NewYork_40.7400_-73.9834.tif,7,12.600825309753418,3.5022764881400725,3.528040735457326,14.026929863343145,7.028411692888578,21.27568984191699,6.351130934097031
SV_NewYork_40.7400_-73.9834.tif,8,44.18168258666992,2.9569446327484545,3.525271945830667,11.423599978324557,7.84582031334815,17.57442439510401,7.443262714858067
SV_NewYork_40.7400_-73.9834.tif,10,74.19862365722656,22.732380790767216,40.39708396021148,43.30394310666455,27.609918955174326,51.04898470683723,26.414105744937913
SV_NewYork_40.7400_-73.9834.tif,11,19.118431091308594,2.0,2.4766331711486367,8.138557383352929,4.392002645470266,14.23682965856477,2.0
SV_NewYork_40.7334_-73.9990.tif,0,18.064800262451172,2.0,4.23703386298504,17.70575743960835,2.0,27.204827042786338,2.433403766724017
SV_NewYork_40.7334_-73.9990.tif,2,21.12445068359375,8.326052447917919,15.565747227393018,19.526991515010145,18.838334270561198,26.5170569371433,20.140129770026476
SV_NewYork_40.7402_-74.0052.tif,0,26.49742889404297,6.866114972544912,8.405026549889211,11.090278858148977,9.68395196534347,15.194781708506165,13.522680680569165
SV_NewYork_40.7402_-74.0052.tif,1,20.957469940185547,4.467892578960103,6.772717987140175,11.267265668444022,7.798121746521642,16.46766454658067,8.250909061607127
SV_NewYork_40.7402_-74.0052.tif,2,17.728639602661133,4.906333589701393,4.7995642301639965,15.091135014313613,5.708857360158358,21.59140820106332,6.827125496388941
SV_NewYork_40.7402_-74.0052.tif,3,18.503952026367188,4.487698092281447,5.333492655197578,12.554465482533057,5.692052976280094,18.168098447357274,8.58334968186711
SV_NewYork_40.7402_-74.0052.tif,4,29.580183029174805,5.52200441523616,7.536387604152691,10.772246024315223,9.365545736788189,15.249761685337353,11.605017423566881
SV_NewYork_40.7402_-74.0052.tif,5,40.46556854248047,6.131234818046003,6.554619920177227,14.708622843718612,7.674791626483677,20.35991634567943,7.764234919892358
SV_NewYork_40.7402_-74.0052.tif,6,20.807863235473633,4.944984602886275,6.759944818254996,12.450816613752213,9.385473995006148,17.7703862219156,13.226798816191097
SV_NewYork_40.7402_-74.0052.tif,7,34.516353607177734,5.163859675491822,3.3252753754020454,14.489236275644878,5.186826556902887,20.69738221433605,6.996819100994287
SV_NewYork_40.7402_-74.0052.tif,8,42.90349578857422,2.0,3.3165597775915003,9.758041752575748,2.822436780431008,16.298274146812794,7.460400548430194
SV_NewYork_40.7402_-74.0052.tif,9,43.81462478637695,3.9587571516682916,6.306884581025001,13.083377450973298,11.12824060646978,19.114888622736963,11.078953882226985
SV_NewYork_40.7402_-74.0052.tif,10,13.08028507232666,4.528774618353359,6.465375268637235,13.352624932998918,8.05092891351799,19.363618141839794,9.827501950055149
SV_NewYork_40.7402_-74.0052.tif,11,12.654394149780273,3.772481262286445,3.2960066846089515,13.7124668606689,5.780023852056357,20.2942190853327,8.880247106542798
SV_NewYork_40.7402_-74.0052.tif,12,16.739646911621094,3.07588307165617,6.213989487732744,9.750340057124953,6.529518247491116,15.179465551990216,12.528853893151124
SV_NewYork_40.7334_-73.9916.tif,0,69.69334411621094,5.868736611058286,5.886866384388632,12.309983726651629,10.924653032518703,17.264489876430233,12.33322942605673
SV_NewYork_40.7334_-73.9916.tif,1,55.74421310424805,10.996899703724782,10.619793439497226,17.518567688793347,12.034898197354355,22.37575604172946,16.59831123936926
SV_NewYork_40.7334_-73.9916.tif,2,42.07819366455078,8.54638588362334,16.445584965590562,14.774627410036862,11.476950593913857,19.623994463224594,13.038612115737449
SV_NewYork_40.7334_-73.9916.tif,3,32.43434524536133,4.148057491550133,4.143184184955872,12.607314263061838,8.466840581393626,18.227591449318204,10.609999451993827
SV_NewYork_40.7334_-73.9916.tif,4,55.11290740966797,3.4643044892890806,2.2143110256067513,9.6630240893725,7.645233588500747,14.779447151469707,6.648808601641214
SV_NewYork_40.7334_-73.9916.tif,5,55.12067413330078,4.302544591303163,2.0,11.82959380086938,8.751389391251232,17.139948264496766,8.69851290840674
SV_NewYork_40.7334_-73.9916.tif,6,0.0,4.070578025755327,2.0,10.426213448462876,8.693905809713039,15.462210742330576,6.948715404038359
SV_NewYork_40.7334_-73.9916.tif,7,26.328493118286133,7.735399077740267,7.982904346251878,12.729950637493689,10.928660692262158,16.732372620839975,14.665297085612579
SV_NewYork_40.7334_-73.9916.tif,8,30.719154357910156,5.228034662635507,2.0,14.99694086470962,8.702840668697268,21.255348980471574,6.43435887138736
SV_NewYork_40.7334_-73.9916.tif,9,31.20410919189453,5.121963855669967,3.063773699008312,13.077653370249907,8.017335638770868,18.5676642063722,7.288550861722615
SV_NewYork_40.7334_-73.9916.tif,10,86.34902954101562,7.004236720808063,7.972327634863442,12.543563138503355,10.432856142289783,16.96967329448234,12.454464547162631
SV_NewYork_40.7334_-73.9916.tif,11,34.845924377441406,5.308531785820267,5.9994779975196995,10.746460734249178,7.911218962223674,15.278095280172316,7.919906333347723
SV_NewYork_40.7334_-73.9916.tif,12,32.90169143676758,8.300873037229165,9.540811230428282,15.12338126125582,13.128343967704122,20.001267452304948,13.129334935252949
SV_NewYork_40.7334_-73.9916.tif,13,23.803865432739258,2.82725338936282,6.4441306376042276,8.452861931710183,8.306446229030088,13.441065034999172,9.035195815656046
SV_NewYork_40.7400_-73.9871.tif,0,0.0,5.319427903610033,3.413011407258885,14.666713258979083,7.1974243541079845,20.891505680312363,6.837450426108103
SV_NewYork_40.7400_-73.9871.tif,1,64.22936248779297,5.499984884363977,5.383602624387559,13.258539622399812,12.497792165190646,18.357621659705103,9.069491982333616
SV_NewYork_40.7400_-73.9871.tif,2,61.6186408996582,3.5090415478796384,5.03291988228158,9.928463350623774,10.140934502537695,14.905664735899046,9.652346117662159
SV_NewYork_40.7400_-73.9871.tif,3,49.76671600341797,2.272205826238462,2.8231415495089407,9.975708268046612,8.90223340512374,15.837573500793885,5.141754286900395
SV_NewYork_40.7400_-73.9871.tif,4,62.27460479736328,7.348893135690474,7.260677972359663,19.503008378636252,11.915470247927676,26.170656333527255,7.724685052423155
SV_NewYork_40.7400_-73.9871.tif,5,76.60502624511719,12.765713016157134,14.722302166964985,16.620508507120174,21.535733333320824,19.668230933544375,17.176313760008473
SV_NewYork_40.7400_-73.9871.tif,6,0.0,4.081511731885857,3.3878517040338014,11.737521731547144,4.394093975363561,17.446792174668452,8.064437020589002
SV_NewYork_40.7400_-73.9871.tif,7,60.9616813659668,11.116905530189598,12.404751338928877,17.420417321538213,19.821232800604584,21.300661650314815,15.56832654309723
SV_NewYork_40.7400_-73.9871.tif,8,32.266632080078125,9.774445972279352,11.391200661734672,15.650904332865982,11.182611823321768,19.875809102910488,15.243272523982867
SV_NewYork_40.7400_-73.9871.tif,9,25.895008087158203,4.528272116970814,8.415419166681811,13.55974405483849,15.415430285460147,19.112043891071842,11.91987280677857
SV_NewYork_40.7400_-73.9871.tif,10,50.425418853759766,7.809466357891411,10.530415836040099,14.696384023305404,11.020829424711811,19.18137343613334,10.646219880955986
SV_NewYork_40.7400_-73.9871.tif,11,69.85950469970703,7.221632483779042,9.00867332716161,13.502118247169129,15.244596946423819,17.898127092000443,13.720882756853955
SV_NewYork_40.7400_-73.9871.tif,12,20.15028190612793,4.154137430907176,5.14308699174886,15.150026023220361,7.261424527950612,21.95645828034488,8.207099133823537
SV_NewYork_40.7399_-73.9783.tif,0,60.6602783203125,13.43383263144588,12.643690236031844,21.960318531492078,11.829862107133282,26.75598309299889,11.078480488225212
SV_NewYork_40.7399_-73.9783.tif,2,52.1595344543457,5.247021634304928,8.649483017378573,14.853660528748904,13.491530619708941,21.034881411634778,11.318752062736216
SV_NewYork_40.7399_-73.9783.tif,3,83.7504653930664,13.877944536777214,16.189409727573675,20.579406182235417,12.612255744557777,24.657607843657527,9.088444497661621
SV_NewYork_40.7399_-73.9783.tif,4,58.41752624511719,11.824806003216679,14.373546188018592,17.701592449010512,6.820191938164795,21.259085126832343,9.442850050110057
SV_NewYork_40.7385_-73.9783.tif,0,83.74872589111328,5.844260871321904,5.161280309529638,15.774686116289239,7.024734248196197,22.09276525473661,6.195502203544332
SV_NewYork_40.7385_-73.9783.tif,1,74.34175109863281,5.4017630474093234,2.0,19.00473005828602,4.222953052624831,26.78105627178782,3.529473001506559
SV_NewYork_40.7385_-73.9783.tif,3,9.435858726501465,4.486330122363498,5.970070883245166,15.973073760366155,6.680185083401395,23.013860301923977,8.372873489879591
SV_NewYork_40.7385_-73.9783.tif,4,11.604836463928223,6.482430509018199,8.07368539702723,11.37301132903579,8.81871781720559,15.946894489963569,12.597605036243813
SV_NewYork_40.7385_-73.9783.tif,5,44.81856155395508,12.326456170831403,12.998060916926361,23.354998326655668,14.434350315351235,29.344561136376555,16.552891333648635
SV_NewYork_40.7385_-73.9783.tif,6,44.58589553833008,5.616868402559227,9.82868677140266,15.289268432478988,9.937106792713488,21.34953443610466,9.35264552058987
SV_NewYork_40.7373_-73.9971.tif,0,37.96614074707031,2.0,3.1825061233785927,4.4463597498478205,8.129171994247216,9.373911370605223,9.098153157359027
SV_NewYork_40.7373_-73.9971.tif,2,58.15433883666992,2.9773367769049326,3.189729615481424,7.220775939618159,11.077758161131488,12.048371492956944,8.01201333134906
SV_NewYork_40.7373_-73.9971.tif,3,69.02239990234375,6.364679038690392,6.484139939175525,12.018236908222775,11.304055757677153,16.71195071204223,9.253458507212843
SV_NewYork_40.7373_-73.9971.tif,4,39.79119110107422,2.0,3.575792397835684,6.850577801799732,3.6353420501414897,12.543579382501802,7.156683365828656
SV_NewYork_40.7373_-73.9971.tif,6,69.29353332519531,10.932067742582245,12.239816348041227,21.202060157793362,12.136839154917205,26.701209414139385,16.5230933700074
SV_NewYork_40.7373_-73.9971.tif,7,54.60682678222656,6.005374896999889,5.805437624919841,13.317439821410062,12.091487064194405,18.462087562129824,10.574723086755194
SV_NewYork_40.7373_-73.9971.tif,8,42.433441162109375,2.152273411271022,2.1815959512140846,7.746515978660424,7.41503257702166,12.937692931016999,8.824639553364785
SV_NewYork_40.7373_-73.9971.tif,9,42.35313415527344,3.0267435543099364,2.0,13.264617137980832,6.823874523446816,19.865473909160166,5.143050033049375
SV_NewYork_40.7373_-73.9971.tif,10,44.94990158081055,7.5532381926650425,15.813775315158477,9.511222215129875,14.341036601495821,12.801424275643159,17.65502796817433
SV_NewYork_40.7373_-73.9971.tif,11,22.64311981201172,3.4965432154362883,3.350497577435631,12.522676871509663,8.940450651422527,18.784175000815026,9.853158682728514
SV_NewYork_40.7373_-73.9971.tif,12,81.71578216552734,3.934009544123348,7.365712635839612,10.37791049544618,9.920861082570807,15.642200726961525,7.820532347177587
SV_NewYork_40.7371_-73.9797.tif,0,46.749183654785156,13.91595075673003,15.483155373047818,22.706265976678566,17.42594644219499,27.133561137437844,17.926709323467154
SV_NewYork_40.7371_-73.9797.tif,1,49.17228698730469,13.266310208452937,17.112382289345565,23.97683122906799,20.011963646751077,28.820454614172696,18.82880190184068
SV_NewYork_40.7371_-73.9797.tif,2,60.854949951171875,13.164798568604938,15.627949743008834,25.54900827696502,25.08700660178672,31.004269825512996,18.682789995890822
SV_NewYork_40.7371_-73.9797.tif,3,48.09626007080078,17.223308518322423,18.818246730326543,27.977803285704724,21.92042649800111,32.61166247277299,21.923539970143775
SV_NewYork_40.7371_-73.9797.tif,4,46.686195373535156,12.872882925449966,14.99239019788394,22.073287346707623,15.552107510778745,26.63051692000119,18.07142735338484
SV_NewYork_40.7371_-73.9797.tif,5,47.13054275512695,15.680397177502876,19.86925682599183,25.502019435094564,23.048184964333227,30.059896846703932,20.990540559838344
SV_NewYork_40.7371_-73.9797.tif,6,46.76553726196289,15.517667218254102,18.532064242297967,24.05780796089803,22.640526693197398,28.096176241239192,22.226754892181173
SV_NewYork_40.7371_-73.9797.tif,7,46.502891540527344,15.450711661957609,20.71178520863363,25.885255863956928,25.444692631205314,30.84434336246969,25.296896470699117
SV_NewYork_40.7371_-73.9797.tif,8,43.54689407348633,12.382582157935099,15.133002068839867,20.34767109378265,20.042654986522074,25.12470401901951,18.028909214531804
SV_NewYork_40.7371_-73.9797.tif,9,43.61358642578125,9.518474803141503,9.810626750553343,19.614450071440867,17.450576714169692,25.38407683284874,12.929234619732517
SV_NewYork_40.7387_-74.0020.tif,1,33.383663177490234,4.4951654818022595,2.5397606006633136,13.026416178951495,2.6797537575786734,18.546074588729585,2.4529854955770056
SV_NewYork_40.7387_-74.0020.tif,2,25.135562896728516,4.814997391350779,5.173069025182627,11.615465705028326,5.626628432472691,16.2072866121433,5.867703709369413
SV_NewYork_40.7387_-74.0020.tif,3,21.108869552612305,3.7202576919555153,5.2245777804744975,8.533804656060399,3.45542687856882,12.771059688506607,5.402006317905845
SV_NewYork_40.7387_-74.0020.tif,4,57.231075286865234,11.602112813725356,9.316392071088229,20.148418623570198,7.583135788272718,24.01183010183566,8.916407946181199
SV_NewYork_40.7387_-74.0020.tif,5,22.372806549072266,3.435182049143112,5.202570263300957,7.392516232615604,5.789878052349827,11.252431323391326,6.865860485705407
SV_NewYork_40.7387_-74.0020.tif,6,27.348371505737305,18.852969602208177,13.262726720685592,18.31969874126709,16.608153634846715,19.26606984456884,18.354299672748397
SV_NewYork_40.7387_-74.0020.tif,7,29.850265502929688,4.955849698296601,2.7045266651406483,11.852428255200905,2.0,16.631908490201567,2.0
SV_NewYork_40.7387_-74.0020.tif,8,16.94428253173828,13.428077733136863,10.378402227195132,21.60685363418146,17.159199350073315,25.17112244021152,15.01046302219962
SV_NewYork_40.7387_-74.0020.tif,9,17.13091468811035,6.065264405368373,6.542476270099677,11.997105371651196,6.121411098525406,15.880811251301115,4.4330376555329325
SV_NewYork_40.7387_-74.0020.tif,10,23.37539291381836,3.312205054150498,6.51462420547893,6.829166588310015,3.8474867427862005,10.458750807832399,3.410164209178224
SV_NewYork_40.7387_-74.0020.tif,11,16.273649215698242,8.071161481233819,8.360720381137387,12.150979923150437,8.38266554787783,15.566629532309456,9.816137278869148
SV_NewYork_40.7387_-74.0020.tif,12,25.519556045532227,4.870639538930016,5.652034841740262,9.594582215041406,6.659548557677932,13.383352557090998,6.2559232381069
SV_NewYork_40.7387_-74.0020.tif,13,17.94725227355957,7.373851541719603,11.02720256846975,13.1610662600561,9.924855437562954,17.12559575794429,9.345121063760528
SV_NewYork_40.7387_-74.0020.tif,14,22.339181900024414,9.317698807299799,8.419636042264624,15.801549217252138,8.630715244928707,19.593545981544725,11.898757816066412
SV_NewYork_40.7387_-74.0020.tif,15,23.310901641845703,10.946043770238797,9.346260389478232,14.823411990312056,13.592923069004652,17.658956440282786,17.675301584295987
SV_NewYork_40.7387_-74.0020.tif,16,63.30302429199219,2.0,2.0,9.715532852476171,2.0,15.063346336695446,2.0
SV_NewYork_40.7387_-74.0020.tif,17,63.36015701293945,6.265446985615632,6.67705980685498,11.954070758799602,5.562938781298363,15.832345515965251,6.0611863530574475
SV_NewYork_40.7387_-74.0020.tif,18,20.835893630981445,7.0649198865546,5.352468902358395,14.196713333973165,6.758066911273738,18.38215332843774,6.562009067948007
SV_NewYork_40.7387_-74.0020.tif,19,51.6558837890625,4.644232052924624,4.899183855285883,10.405768464504593,3.8283397594727457,14.63456243691532,5.101194540002711
SV_NewYork_40.7401_-73.9952.tif,0,50.385704040527344,5.099108028927567,3.41335455657278,14.437495389899457,7.299480419249643,20.938785545303947,5.2971255864103615
SV_NewYork_40.7401_-73.9952.tif,1,48.06786346435547,5.422425731430984,12.2561626976633,17.611348980955324,9.668723119302028,24.94984812781471,7.036729739034406
SV_NewYork_40.7401_-73.9952.tif,2,63.8167610168457,7.208682736527299,9.93096464019611,16.003346275032307,13.595477816756814,21.936088269911483,13.890295571100326
SV_NewYork_40.7401_-73.9952.tif,3,47.92720031738281,8.033402422129642,13.132057488449204,19.64123739172813,11.12277053434561,26.42803246226284,9.252058232720344
SV_NewYork_40.7401_-73.9952.tif,4,69.2916488647461,10.1942539819166,13.735899045699778,23.116327339373818,13.327998377003825,30.13350584642589,10.818339189885753
SV_NewYork_40.7401_-73.9952.tif,5,56.838172912597656,4.858355351021931,8.867546662312503,12.350279848878692,12.708825682648223,18.370130280648002,4.85801322160738
SV_NewYork_40.7401_-73.9952.tif,6,86.08062744140625,7.111264306424298,17.378102744661337,15.728510736237968,14.11864247408422,21.328093925690414,16.520301508696665
SV_NewYork_40.7346_-74.0071.tif,0,4.97001314163208,6.833889959768413,10.125259584410793,20.391166359616086,16.454626812869215,28.44896471072788,16.514715479603943
SV_NewYork_40.7346_-74.0071.tif,1,21.033475875854492,3.5654584050878046,2.2783629291319,14.05359775928424,6.2699401816529035,21.67702937974905,6.70187906596663
SV_NewYork_40.7386_-73.9815.tif,0,28.036014556884766,6.11887965786039,5.000717539870728,15.122216069761194,10.147645898524646,20.495011071536194,8.792961430113126
SV_NewYork_40.7386_-73.9815.tif,1,83.53218078613281,10.16460248869434,10.896680224124449,16.205871833920078,9.865164296837234,20.335356502772672,15.340116088820674
SV_NewYork_40.7386_-73.9815.tif,2,81.54115295410156,10.913727588316636,12.156337662540496,14.597299604895543,18.148101131226433,17.9822269665042,21.090653139935913
SV_NewYork_40.7386_-73.9815.tif,3,78.5529556274414,28.4457253723386,25.921197824500275,30.568776651522803,28.477144905637804,31.1384461865336,31.660608890802386
SV_NewYork_40.7386_-73.9815.tif,4,19.12574577331543,3.3667098728039377,4.735989559441723,9.66359749836547,5.520756264653589,14.77133459360619,8.433689918083099
SV_NewYork_40.7386_-73.9815.tif,5,65.65652465820312,34.22130342445447,59.338985631109104,43.37460710579504,27.638867321071373,46.117283180709684,25.811772858882847
SV_NewYork_40.7386_-73.9815.tif,6,49.61085510253906,6.15582677462746,5.453191021596996,15.384878155946275,8.898711264400355,21.009736032937585,6.575448386867501
SV_NewYork_40.7386_-73.9815.tif,7,75.41312408447266,3.791123338958583,4.778041780152269,10.730504600707597,5.6532887910730105,15.942263625427383,7.723796728775002
SV_NewYork_40.7386_-73.9815.tif,8,45.47163009643555,30.472439241276106,26.744261249971387,44.626425865534884,31.26322991002352,48.30481479599026,29.78863288366261
SV_NewYork_40.7386_-73.9815.tif,9,66.04082489013672,3.535359480258622,5.20824890836691,11.443410861776108,6.241511391425855,17.01036349443693,10.318970504888062
SV_NewYork_40.7386_-73.9815.tif,10,20.57347869873047,4.126967854827143,4.9176030984392485,8.85871411674069,6.789707201906988,13.289833635938846,8.48464685191297
SV_NewYork_40.7386_-73.9815.tif,11,15.08001708984375,4.311414774784552,3.1860828455750223,11.930754887588968,5.917222108058646,17.34973190222165,7.3213446082982
SV_NewYork_40.7386_-73.9815.tif,12,44.56314468383789,7.100522646341776,7.5279161958086505,14.330658739691799,9.665028876714755,18.44478753627643,11.801222098373598
SV_NewYork_40.7386_-73.9815.tif,14,20.175872802734375,2.425684905333286,2.0,12.075986763932377,11.85521689452273,18.749216837171996,12.269610389260738
SV_NewYork_40.7386_-73.9834.tif,0,23.914249420166016,5.904514681661191,4.13959009646481,11.01069233507899,13.939601995123324,14.623058494340235,10.194060056377763
SV_NewYork_40.7386_-73.9834.tif,1,83.50067901611328,15.890542923831198,10.692087475801566,25.574788764997606,13.3732307739192,29.04215047079248,18.783086241594376
SV_NewYork_40.7386_-73.9834.tif,2,24.765846252441406,6.823434048703337,5.709453157333408,12.881457554316096,13.463201524109728,16.70993338165443,10.264595725387784
SV_NewYork_40.7386_-73.9834.tif,4,30.227691650390625,6.204527089447641,5.120248871189146,11.957298369323517,13.195047775432062,15.766896170561289,12.47641588859243
SV_NewYork_40.7386_-73.9834.tif,5,39.6433219909668,7.669146965477432,8.26673310101387,13.17715582419812,16.213679286353244,16.63528800654869,13.130221628598099
SV_NewYork_40.7386_-73.9834.tif,6,14.030352592468262,2.944791888243053,2.0,8.33566751095601,11.29067354478391,12.528882128206096,6.159348582642596
SV_NewYork_40.7386_-73.9834.tif,7,32.37192916870117,6.56311427079892,5.482510375365928,13.003929395792024,13.191925578806877,16.935286862534916,10.908421458894118
SV_NewYork_40.7386_-73.9834.tif,8,78.71276092529297,12.153361481003584,24.65799034719042,23.144513850620754,18.615696675290653,27.93844733011067,20.967704531046152
SV_NewYork_40.7386_-73.9834.tif,9,51.02336120605469,11.23495396934673,8.992617106508602,18.414775312432198,19.02567517940715,22.012747474585318,17.172558127258867
SV_NewYork_40.7386_-73.9834.tif,10,28.076431274414062,17.981716747814353,10.983106099836972,27.978498689291918,15.266626546176406,31.245755947001854,21.414955564114813
SV_NewYork_40.7386_-73.9834.tif,11,75.37357330322266,16.250205488419063,12.844057142968266,21.461607271882944,15.285800447161762,24.398520038953947,21.161997712329708
SV_NewYork_40.7386_-73.9834.tif,12,26.496824264526367,19.76897910820005,13.629720381987148,24.236230921598196,16.42684609628588,25.567233553986355,25.245089668782096
SV_NewYork_40.7386_-73.9834.tif,13,24.818971633911133,6.2914315832934165,5.901490343410831,9.965971002966025,13.09626481961504,13.106097843218318,9.28002818340305
SV_NewYork_40.7386_-73.9834.tif,14,48.68560791015625,30.369301829788284,42.304103814116246,40.35900318688462,22.870414484327693,43.35927346884921,25.830913525139277
SV_NewYork_40.7386_-73.9834.tif,15,40.40226364135742,21.066483290807966,13.096284634901938,30.581192676635546,20.270334734840386,33.5194787766544,23.061982365108218
SV_NewYork_40.7386_-73.9834.tif,16,50.76569366455078,18.48415848851949,14.077392812161339,20.19119347226166,17.46421925234627,21.764039147742956,15.842941273674166
SV_NewYork_40.7386_-73.9834.tif,17,19.3365478515625,5.218813602934397,4.1934698749073425,9.290268119404182,12.789890634900422,12.691516908341342,8.267797463400509
SV_NewYork_40.7386_-73.9834.tif,18,0.0,3.8043301572077635,2.0,7.589437315539991,11.376385671729784,11.210476337474155,7.749566307332684
SV_NewYork_40.7386_-73.9834.tif,19,39.691471099853516,4.372507414901735,2.0,12.957683976662498,11.078387358577627,18.270567704765188,4.204756713619129
SV_NewYork_40.7346_-74.0090.tif,0,14.936891555786133,3.045898616098004,5.37147395232985,16.078225810526575,2.0,24.469591588364253,3.168446837165395
SV_NewYork_40.7346_-74.0090.tif,1,15.080601692199707,4.394819854581937,2.706502336389153,15.132466716145771,5.809717392574815,22.77139541272624,3.9285207836136546
SV_NewYork_40.7346_-74.0090.tif,2,26.287538528442383,6.187137319875897,4.4875448912970395,16.736670007845245,4.874119269098014,23.772047534218377,7.950100174969245
SV_NewYork_40.7346_-74.0090.tif,3,21.030166625976562,3.715546700514248,6.9809922435835885,12.712555310311568,8.898772582489492,19.48837127982352,8.36021814393858
SV_NewYork_40.7346_-74.0090.tif,4,11.671789169311523,4.4256864280890715,5.279671800746867,17.53376500964052,6.402227039361812,25.64084682894933,3.9102366948910467
SV_NewYork_40.7333_-73.9902.tif,0,38.044105529785156,4.184344665952498,4.513878850704635,9.667471692313558,6.62916164945359,14.4893257835534,6.494290426232207
SV_NewYork_40.7333_-73.9902.tif,1,33.120113372802734,3.1779719731322764,3.5265830347587714,7.450596572488703,8.164396841932051,11.850217539497628,11.075275019746512
SV_NewYork_40.7333_-73.9902.tif,3,30.760601043701172,3.4816720033421014,2.9434545868368813,8.163903021939078,7.023965384229105,12.655787976810771,8.867312060863252
SV_NewYork_40.7333_-73.9902.tif,4,23.364980697631836,2.0,2.0,2.0,3.7485531786574033,5.8799371826271525,2.943197041094143
SV_NewYork_40.7333_-73.9902.tif,5,23.520339965820312,2.0,3.928694737080428,5.65437161125541,6.40806314458593,10.262956733028862,11.018006462383083
SV_NewYork_40.7333_-73.9902.tif,6,24.3194637298584,7.701539627696896,8.344271737974141,13.201718132139991,10.48247810512799,17.561849637362478,14.89362564667101
SV_NewYork_40.7333_-73.9902.tif,7,86.01930236816406,6.3462042776350795,6.156437316409217,11.50222734143363,10.706747207438248,15.877943417573551,14.672446772651776
SV_NewYork_40.7333_-73.9902.tif,9,20.80525016784668,2.0,2.7949957236758056,2.0,2.940555094274787,6.960358411048471,6.377458532429532
SV_NewYork_40.7333_-73.9902.tif,10,32.88877487182617,3.07633579534909,5.244737826856444,7.570708503663045,4.666760052255996,12.203134741569258,6.26174483298581
SV_NewYork_40.7333_-73.9902.tif,12,18.853960037231445,3.2206197558792553,5.934127266157309,6.362418208059584,9.385479126599279,10.495159981201827,10.626796565418157
SV_NewYork_40.7333_-73.9902.tif,13,42.67662048339844,2.8778905416621363,2.6142272761387058,10.740254090803031,3.753154253019133,16.8004520223517,3.8904951013905107
SV_NewYork_40.7333_-73.9902.tif,14,23.567163467407227,2.0,2.056719223923672,2.1273633895765762,2.1911935253480532,7.402275364726847,2.0
SV_NewYork_40.7333_-73.9902.tif,15,22.909076690673828,3.2980534113784614,2.400470147079082,9.485471330107444,3.872947921569908,14.785287222113375,7.84682974347472
SV_NewYork_40.7343_-73.9783.tif,0,60.60011291503906,7.172084730069474,10.82298980912025,14.441016639009558,16.439066932602316,18.687003579446163,16.41189878294201
SV_NewYork_40.7343_-73.9783.tif,1,0.0,9.46087752320729,13.694411991805625,20.590662609637928,17.95974267361326,25.810699466582314,18.372738974283127
SV_NewYork_40.7343_-73.9783.tif,2,47.3570442199707,9.490796288484098,14.224662431090575,14.51577534982556,17.855420764212543,17.95648010490865,18.107195483753845
SV_NewYork_40.7343_-73.9783.tif,3,40.29137420654297,10.941070371377009,15.00385680507095,18.539320359452336,22.420899527745068,22.725754434137066,21.570764370037367
SV_NewYork_40.7343_-73.9783.tif,4,61.67177963256836,9.407085218906015,12.830345914306116,15.492670468909001,18.559663371225557,19.239153294629027,18.764338505803824
SV_NewYork_40.7343_-73.9783.tif,5,41.483280181884766,11.909096642652678,17.011455258135598,18.325969793931623,25.83484705067506,21.605758786915903,25.509902083567535
SV_NewYork_40.7343_-73.9783.tif,6,36.85035705566406,11.75170777589964,15.120430603743685,23.5566463886138,22.743436314648417,29.037212261482942,20.042827150011302
SV_NewYork_40.7343_-73.9783.tif,7,40.62335205078125,13.648862441212355,17.00508606871739,20.41564071246207,26.56004481220966,23.669114829603622,25.818042139227213
SV_NewYork_40.7343_-73.9783.tif,8,41.86914825439453,17.58286081282147,24.44242901006384,22.096275853813687,27.453404212498242,24.068370888008907,26.828280006197932
SV_NewYork_40.7343_-73.9783.tif,9,41.82239532470703,17.754080460577498,23.198431311129667,29.394765917706458,29.034921560614457,34.05239713604195,30.536418848115108
SV_NewYork_40.7343_-73.9783.tif,10,37.83834457397461,8.128131043397923,13.678673815317762,16.450782725458204,19.366080364371324,21.001906462680566,19.67516280105318
SV_NewYork_40.7343_-73.9783.tif,11,39.60576248168945,17.164393825258404,23.89386609798142,25.818861435942786,30.22688675674509,29.438161713967585,30.671721495918746
SV_NewYork_40.7343_-73.9783.tif,12,42.03252029418945,17.79166789746675,22.26058618805976,26.187819380364477,29.627053289167925,29.904732854050913,33.376627811020136
SV_NewYork_40.7358_-73.9916.tif,0,0.0,5.151874481071136,3.488527192402619,16.037243985915346,4.430629600005017,23.084382163967597,3.5155879399138925
SV_NewYork_40.7358_-73.9916.tif,1,101.06059265136719,8.332766000003964,6.964817458142143,22.143758943313895,4.3384374096002185,29.53085392593342,5.446968422285405
SV_NewYork_40.7358_-73.9916.tif,2,3.4288241863250732,4.418957942917739,2.0,15.82804167863334,2.0,23.310679966822697,4.391632282180083
SV_NewYork_40.7358_-73.9916.tif,3,0.0,5.326054810073142,4.50355862668612,16.363663686085545,2.0,23.50919388781498,3.1197739598503405
SV_NewYork_40.7358_-73.9916.tif,4,0.0,4.4998473944624315,2.402573826079798,12.60097289857142,5.490613792786419,18.73604283508329,7.348143463306263
SV_NewYork_40.7358_-73.9916.tif,5,43.246097564697266,6.037077129412781,4.705622843176484,17.01191274479522,6.398589392994519,23.899771758189814,7.216165895391072
SV_NewYork_40.7345_-73.9990.tif,0,24.708154678344727,2.8257671566013993,4.998805237083402,13.516856131262355,3.9377927769675947,20.804219236147283,6.220361848505314
SV_NewYork_40.7345_-73.9990.tif,1,24.680696487426758,2.0,4.671205565552197,9.314888081783764,2.465189635774828,16.317673035898625,2.2213683881074453
SV_NewYork_40.7345_-73.9990.tif,2,36.152313232421875,2.0,5.105185565308485,10.158092706501563,2.241980083576407,17.183411434351193,2.0
SV_NewYork_40.7345_-73.9990.tif,3,45.19582748413086,2.0,7.390933950078767,8.342834563906173,7.272876762811646,14.0384350026822,9.596142358418428
SV_NewYork_40.7345_-73.9990.tif,4,60.70455551147461,3.5759811542358992,4.3513036088325,10.975524308874917,7.963817035995146,16.86865333434062,7.690814875543982
SV_NewYork_40.7345_-73.9990.tif,5,35.31137466430664,5.561457916344532,7.350070023024974,13.628144380602121,11.064285046818934,19.206028267839553,13.722670277321196
SV_NewYork_40.7345_-73.9990.tif,6,26.903623580932617,3.186045634939301,3.1472190519290733,10.805767286654788,5.753018716323196,17.03689641164317,4.870118413112639
SV_NewYork_40.7345_-73.9990.tif,7,38.707252502441406,4.36308430313097,4.008626680264081,13.34204716308846,6.296430749259351,19.841296741651952,4.798861488665138
SV_NewYork_40.7345_-73.9990.tif,8,58.036964416503906,3.767207669372949,5.028592377587244,12.293969351337992,7.057156114917103,18.698857977981554,6.046398681229294
SV_NewYork_40.7345_-73.9990.tif,9,50.332332611083984,2.8154134353174314,3.8170916752275357,10.205588145195176,5.0024931397915156,16.63275563184093,3.566951959351704
SV_NewYork_40.7333_-73.9835.tif,0,38.11602020263672,11.321295266808564,12.519851642062935,19.939691704766012,15.675662940478828,24.419813271703227,14.978534096248518
SV_NewYork_40.7333_-73.9835.tif,1,38.75379180908203,8.720908734365269,12.23039691133031,18.565458674624313,12.017977040758483,23.888266952491318,10.879673437713606
SV_NewYork_40.7333_-73.9835.tif,2,40.0800895690918,13.339249754508366,8.10197648812495,22.373395038733438,10.747125401941855,26.797107595183494,13.588684699380618
SV_NewYork_40.7333_-73.9835.tif,3,40.28544616699219,18.65335211316922,15.426935798399183,28.29016549930486,24.18917288130941,32.66389070128956,26.607756944731786
SV_NewYork_40.7333_-73.9835.tif,4,39.08683776855469,26.085739264573427,14.207981919976765,31.66736628903383,22.612460653544755,34.33915307941565,22.515906091570415
SV_NewYork_40.7333_-73.9835.tif,5,12.871416091918945,4.335996922371923,2.0,15.13780668008377,4.313637426461663,22.21040044835969,2.0
SV_NewYork_40.7346_-74.0053.tif,0,20.243408203125,2.0,2.325226777827179,11.7742036021971,2.7068456992213665,19.96071591265717,2.0
SV_NewYork_40.7346_-74.0053.tif,1,13.512986183166504,2.0,2.1064047330451943,11.280643741004388,2.0,18.632218090130667,2.0
SV_NewYork_40.7346_-74.0053.tif,2,19.457427978515625,2.0,2.6733477093996574,9.330572009420782,2.9610873415609347,15.522272180702597,4.3652472214991604
SV_NewYork_40.7346_-74.0053.tif,3,21.594940185546875,3.194255435645136,9.145879635793607,9.774993975240493,4.732154730112773,15.596728192355556,7.166272246053046
SV_NewYork_40.7346_-74.0053.tif,4,20.800390243530273,2.0,2.93906541370139,8.790537430547397,2.0,15.393972645775602,2.853341632831859
SV_NewYork_40.7346_-74.0053.tif,5,22.422882080078125,4.6318719813311064,5.149688133864262,12.520717305388677,3.8139417208938613,18.690267641330248,7.108708839717692
SV_NewYork_40.7346_-74.0053.tif,6,13.128247261047363,2.277096809865025,5.00094982876137,14.339744313074574,3.8502058066528755,22.283711775367998,5.470037600734852
SV_NewYork_40.7360_-74.0053.tif,0,27.276554107666016,2.244375797081947,5.4375967550416195,9.097451384491967,4.267227998842953,15.044748533365759,10.113646905902524
SV_NewYork_40.7360_-74.0053.tif,1,20.59809684753418,3.937205701275105,6.4175313430792595,13.62028166214301,5.523062583438495,20.416056712321645,8.142320119233583
SV_NewYork_40.7360_-74.0053.tif,2,21.440954208374023,3.789765426164025,5.690928596325708,10.650729290092324,5.473802175860681,16.510224918376284,8.94478529002917
SV_NewYork_40.7360_-74.0053.tif,3,13.352363586425781,5.17962022807322,7.188049474825427,10.923988390751182,5.977536610058251,15.964553002717341,9.236020917666755
SV_NewYork_40.7360_-74.0053.tif,4,21.661460876464844,2.156764729144811,2.141188355062086,10.895872313336147,2.0,17.787833417274644,3.9982461746502054
SV_NewYork_40.7360_-74.0053.tif,5,22.121477127075195,5.306590546822844,6.262091357621492,13.831480003010832,7.726488518172126,19.857711307628854,9.661754995886447
SV_NewYork_40.7360_-74.0053.tif,6,18.9574031829834,4.596501065983431,4.264326489224397,13.383094374550778,6.099242451171997,19.563434255476416,9.115389713629312
SV_NewYork_40.7360_-74.0053.tif,7,23.433998107910156,4.289111689968327,3.1041709286045216,14.581495730051985,4.13142867016946,21.443873839871912,5.411855938518636
SV_NewYork_40.7400_-73.9797.tif,0,42.88154983520508,14.687597494529978,12.250993612935243,27.3912955407567,14.892343958780229,33.26652998839478,15.298579287691906
SV_NewYork_40.7400_-73.9797.tif,1,81.9257583618164,3.3868359482319903,3.4256373779615132,13.990625861919883,2.7335887552595004,21.0428470689403,6.398193323443409
SV_NewYork_40.7400_-73.9797.tif,3,60.61655807495117,17.367895976581732,14.108655434351286,21.267403148410647,25.486318976106855,23.93624861953844,22.80846491118231
SV_NewYork_40.7400_-73.9797.tif,4,98.66244506835938,13.09062268998686,15.292128293601449,24.51101692270439,22.053201463060944,29.647476987956175,21.303314419732622
SV_NewYork_40.7400_-73.9797.tif,5,46.250030517578125,21.357401577865776,24.596025058154122,27.219297909272804,29.09462432959041,30.03510021910278,25.50171939484559
SV_NewYork_40.7400_-73.9797.tif,6,28.317293167114258,15.170592424863855,15.854787689030319,24.176764491143555,20.468266634851826,28.451598110908677,18.104491948479094
SV_NewYork_40.7400_-73.9797.tif,7,52.09541702270508,18.213846531764446,20.44240686877983,27.53760811653474,37.125731380430615,32.036446311982736,37.39868756710168
SV_NewYork_40.7400_-73.9797.tif,8,28.002662658691406,16.74129930084389,12.897474942524317,23.878284979790973,18.894400034588983,27.605086762879555,16.58076261677411
SV_NewYork_40.7400_-73.9797.tif,9,81.53275299072266,13.403389605186854,15.262206170720287,18.652613998791594,22.888784819923707,22.18933344325201,26.906904536769666
SV_NewYork_40.7400_-73.9797.tif,10,49.54438018798828,10.358028133178255,11.189608891205783,20.69862045001974,18.70831745213802,26.11889146773127,15.025651244950344
SV_NewYork_40.7400_-73.9797.tif,11,40.078697204589844,12.913073943240217,12.303489702311236,24.61064482738825,17.084807498746233,30.41250599589413,17.849264190137188
SV_NewYork_40.7346_-74.0108.tif,0,25.358074188232422,5.26889441980121,2.0,16.52423270051722,2.0,23.77989056637936,4.7126004555212155
SV_NewYork_40.7346_-74.0108.tif,1,21.45909881591797,2.0,2.984239687857218,7.340072902008821,2.639724478646856,14.23058180629397,3.221179603018299
SV_NewYork_40.7346_-74.0108.tif,2,57.875213623046875,6.026080742692958,3.9996034990547225,17.73548808868057,10.48688938618775,24.786980698846456,8.795556850326317
SV_NewYork_40.7346_-74.0108.tif,3,54.64249801635742,3.30149391224494,2.0,14.832406675642467,3.0458991897982535,22.520996050347694,2.192231667572154
SV_NewYork_40.7346_-74.0108.tif,4,25.2807559967041,6.310084241292419,2.0,18.64221174502728,8.597376079133971,26.11286378985564,7.096256960088429
SV_NewYork_40.7346_-74.0108.tif,5,17.394424438476562,3.4604934951641617,2.0,15.481555237136671,5.799027949217428,23.350130161460157,5.38224431871691
SV_NewYork_40.7402_-74.0107.tif,0,13.53460693359375,9.308134689760195,13.347984209081384,20.51034775178793,14.443463680969392,27.146175132175877,14.98690758388643
SV_NewYork_40.7402_-74.0107.tif,1,50.67549514770508,15.5272023400107,20.23925008727971,28.59955008970567,33.70650259817991,34.75705471200315,28.392222386077265
SV_NewYork_40.7402_-74.0107.tif,2,27.35091209411621,5.593541718654372,8.254799597374241,16.244951378895244,7.637080998580569,22.78925414517041,11.25401783683587
SV_NewYork_40.7402_-74.0107.tif,3,0.0,5.693533391479589,6.486862585005027,14.947846023217906,10.683027755035738,20.779768453395235,10.929704865766515
SV_NewYork_40.7402_-74.0107.tif,4,24.226139068603516,2.0,5.628814835499358,10.36799595384421,2.0,16.786833271719352,11.971308296877792
SV_NewYork_40.7402_-74.0107.tif,5,36.31024932861328,7.504398254876509,11.344697377420887,17.832447657393644,15.203362941639273,23.70178773318669,14.393974503934448
SV_NewYork_40.7402_-74.0107.tif,6,44.97958755493164,7.493718067893824,10.000362206578654,16.04184004686515,11.583403382041777,21.57737755189478,10.61806321836763
SV_NewYork_40.7402_-74.0107.tif,7,26.456689834594727,6.591740210956172,11.207654140905621,14.90936931239474,13.872222991261363,20.60943709737082,11.999387883374467
SV_NewYork_40.7402_-74.0107.tif,8,0.0,3.954291391850605,4.543315656454615,13.679485979178185,4.898401717161298,20.34228933187847,6.312459172163786
SV_NewYork_40.7402_-74.0107.tif,9,26.842153549194336,9.113196694960124,12.97342093905008,20.46211681010206,15.626178939495494,26.482585781744802,14.887597985464634
SV_NewYork_40.7402_-74.0107.tif,10,0.0,5.953837769283178,9.600897504270824,14.713605484433554,13.491295974523078,20.02627567942589,15.019678650987464
SV_NewYork_40.7344_-73.9916.tif,0,38.46975326538086,6.636131865205448,5.568072997031017,18.828155975674438,8.85325459119273,26.06458824776747,5.965290710699894
SV_NewYork_40.7344_-73.9916.tif,1,101.09073638916016,5.534249232215346,5.65597238548725,14.03966777488221,7.677938548453983,20.048435503682352,6.686530547463172
SV_NewYork_40.7344_-73.9916.tif,2,0.0,4.528604387002502,2.3414194170499,15.733382053072692,2.860185717741879,23.16866057901903,4.300412671541691
SV_NewYork_40.7344_-73.9916.tif,3,24.876380920410156,4.2229978185785315,5.56326893006923,11.379078803383996,5.952053333817958,17.023113645221393,5.6700911434280625
SV_NewYork_40.7344_-73.9916.tif,4,39.51789855957031,4.9742486680743605,3.8490976435481805,15.853911212278627,3.3967613934983447,22.77312818241569,5.270926313902362
SV_NewYork_40.7344_-73.9916.tif,6,27.264484405517578,4.908662246045272,8.409412989551987,11.890753310548112,6.412604204644095,17.55873335586198,11.39124221508223
SV_NewYork_40.7344_-73.9916.tif,7,87.82098388671875,3.3836290582633026,3.677419466243176,14.647516482302896,4.023948101546897,21.91815892416639,7.3261583410631665
SV_NewYork_40.7344_-73.9871.tif,0,31.93724250793457,4.220793479913628,5.596699717197943,14.976703087950586,6.936758928559255,21.39786486494019,6.798684829123773
SV_NewYork_40.7344_-73.9871.tif,1,24.87979507446289,4.696626721478066,6.220858774457675,10.89969560298958,8.52505475212666,15.624618565640915,11.022978183390101
SV_NewYork_40.7344_-73.9871.tif,2,21.182064056396484,4.565235899963947,2.0,11.02551141940487,7.770881298850173,15.904985168374694,9.657492680092536
SV_NewYork_40.7344_-73.9871.tif,3,22.12843132019043,3.0699748218364356,4.982102314139805,7.979240221568892,5.201371282951722,12.644954440760714,7.6322308804878825
SV_NewYork_40.7344_-73.9871.tif,4,22.324405670166016,2.0,2.0,5.166759602949503,2.0,10.84718095097714,2.379261001249721
SV_NewYork_40.7344_-73.9871.tif,5,31.679399490356445,5.380837626946668,5.841435397275122,11.25018434697609,9.49090058239198,15.713955662751548,9.847673345764507
SV_NewYork_40.7344_-73.9871.tif,6,27.097871780395508,6.366056075616124,7.674267634733532,11.012123472801916,12.346240624747328,14.950517848234812,13.512492832494713
SV_NewYork_40.7344_-73.9871.tif,7,24.609844207763672,4.738204006462728,3.8967202178892197,13.815283341372904,9.966929197310542,19.29109755631024,12.403559655671357
SV_NewYork_40.7344_-73.9871.tif,8,27.611982345581055,2.4403397348645974,2.0,6.894365881109868,6.864022375071774,11.54814955369454,10.723125032342468
SV_NewYork_40.7344_-73.9871.tif,9,21.849964141845703,2.0,2.7502231700630193,7.787605816825758,4.944425668917662,13.228523034458014,3.7337178104912603
SV_NewYork_40.7344_-73.9871.tif,10,28.53923797607422,10.96818533734666,11.884878537815753,13.857183348407096,12.737235126037465,16.634982349588846,19.290831472006676
SV_NewYork_40.7344_-73.9871.tif,11,28.201065063476562,4.0550687819685285,3.0732980249664705,11.120156035420772,7.750638186844777,16.438495289301727,7.449028729237294
SV_NewYork_40.7344_-73.9871.tif,12,24.204038619995117,8.331351977743154,10.637972006466793,14.567555762165297,11.799866261695925,19.028066795699566,15.221297084456756
SV_NewYork_40.7344_-73.9871.tif,13,19.662797927856445,3.6047769234643887,2.0,12.65919485973057,4.485783608271704,18.83802037956533,5.0023657145754035
SV_NewYork_40.7359_-73.9990.tif,0,20.022293090820312,13.96872594596365,32.69874890847468,28.078499561263865,29.139574970857897,34.699825388117716,33.56068632192928
SV_NewYork_40.7359_-73.9990.tif,1,21.502784729003906,2.0,4.276596029722271,8.28220508910969,4.704163988688388,14.536350924133234,2.8640193820319935
SV_NewYork_40.7359_-73.9990.tif,2,24.519729614257812,2.5906971830883947,4.748188366397507,10.220692934709596,6.450863549125212,16.390195235167205,3.3265354583784466
SV_NewYork_40.7359_-73.9990.tif,3,16.86180877685547,2.0,5.152137907686362,7.382962414461,5.909545510195332,12.96224052414922,2.588194636507433
SV_NewYork_40.7359_-73.9990.tif,4,45.16884231567383,5.431253743038181,6.093587908345008,9.869161604689223,10.685474867793314,14.31757074688651,10.051676768202451
SV_NewYork_40.7359_-73.9990.tif,5,20.623239517211914,2.77993533058555,2.0,11.732148980942682,6.278367590420568,18.40182804993065,4.056276849043021
SV_NewYork_40.7359_-73.9990.tif,6,20.603710174560547,2.0,3.123787952808818,9.142954260885768,2.2417177550246645,15.687208385161643,2.9018722717909515
SV_NewYork_40.7359_-73.9990.tif,7,20.56458282470703,2.0,3.1581141512504805,8.617600469916399,5.313279680361661,14.671863960581394,5.583909341455621
SV_NewYork_40.7359_-73.9990.tif,8,29.258445739746094,5.726652745855856,4.416565715071329,17.163771375200167,8.225954745966286,24.217592797152374,10.742639825019264
SV_NewYork_40.7358_-73.9853.tif,0,34.22704315185547,3.3753062895809443,2.0,15.955679844171005,2.0,23.809307052816745,3.4800800095117146
SV_NewYork_40.7358_-73.9853.tif,1,21.902557373046875,2.9696383663862065,4.191073156545973,13.021900730910119,5.679030226404504,19.939516419974005,2.7194085638179226
SV_NewYork_40.7358_-73.9853.tif,2,20.09747886657715,8.243734220896261,5.402794147385349,20.594849155291953,15.213393764662403,27.458316980260758,12.344587587759849
SV_NewYork_40.7358_-73.9853.tif,3,18.642677307128906,4.337951785025808,6.92405559518162,15.499961753203849,5.4176530434588495,22.533501943984493,7.816683464912344
SV_NewYork_40.7358_-73.9853.tif,4,28.998729705810547,2.0,2.0,9.722926632952628,2.163149682631209,16.895804598689033,2.0
SV_NewYork_40.7358_-73.9853.tif,5,22.081851959228516,5.133389404905305,4.649026451230609,12.299873292973288,12.503718525764347,17.804560137319154,11.639597936365268
SV_NewYork_40.7358_-73.9853.tif,6,31.58876609802246,2.773797217362244,2.3012086886582876,10.47756162760021,9.109949732685566,16.810032669016724,5.332856047150524
SV_NewYork_40.7388_-74.0034.tif,0,18.911958694458008,5.720769225797417,3.5505397823368123,18.83677236862345,8.501546291006173,26.476651277422935,5.421596277504215
SV_NewYork_40.7388_-74.0034.tif,1,18.575645446777344,4.939141924725618,2.0,11.599841778782977,4.688651147165415,16.977384238901827,7.122097487667338
SV_NewYork_40.7388_-74.0034.tif,2,23.172229766845703,6.33110200740342,4.146778196768396,17.73839867003225,9.810188295015331,24.718910367835633,7.842334680498558
SV_NewYork_40.7388_-74.0034.tif,3,22.48093605041504,5.08586747097312,4.659728874087111,14.005470171928113,10.416254748816337,20.480398659341084,8.111070993175433
SV_NewYork_40.7388_-74.0034.tif,4,20.676639556884766,5.8282409862962545,2.465904634798542,16.79302821435417,7.599403481889392,23.806375586552253,5.4702919549346385
SV_NewYork_40.7388_-74.0034.tif,5,16.084728240966797,4.314590618280892,2.0,13.95605605757319,3.3401905393606213,20.83087619950554,2.0
SV_NewYork_40.7333_-73.9816.tif,0,40.8510627746582,26.768552198999352,26.856794963579635,39.72564245601071,23.651767992183192,43.21410359341438,25.833780779710125
SV_NewYork_40.7333_-73.9816.tif,1,41.43159866333008,10.262719489484345,17.667619973368126,18.926247831372415,17.733392157937548,23.356164660958555,19.64702070487248
SV_NewYork_40.7333_-73.9816.tif,3,44.3134880065918,20.03770703051565,18.303026151092805,26.37286312832518,21.51627738639869,28.72761878038549,23.8283941669091
SV_NewYork_40.7333_-73.9816.tif,4,37.98295974731445,14.346737769187213,14.761162896231992,22.735002475601668,18.94848064431433,26.28927157986781,20.531009880641378
SV_NewYork_40.7333_-73.9816.tif,5,39.89323043823242,19.983322844332278,22.99509274177638,28.021047635184747,22.784058182633373,31.15367127273,26.778311620075332
SV_NewYork_40.7333_-73.9816.tif,6,43.634307861328125,23.269342783831114,21.9301070877692,30.462719426850413,23.385286661055627,32.64893940631513,25.849903732515273
SV_NewYork_40.7333_-73.9816.tif,7,40.619544982910156,25.252179861588054,28.275086969338506,28.232461328310944,27.826999391973008,28.945552717564556,27.045099846443456
SV_NewYork_40.7333_-73.9816.tif,8,37.17509841918945,21.845188561921923,20.732906351574528,32.49232152937781,21.331471530682172,36.09821076253723,26.290681642678205
SV_NewYork_40.7333_-73.9816.tif,9,39.998043060302734,23.15376382026225,24.749858832181683,33.370476802814466,24.931072355753173,36.6542876562896,27.136554831539616
SV_NewYork_40.7333_-73.9816.tif,10,39.08350372314453,26.572741596712746,47.73346614214915,34.90684335012358,30.496472778215242,37.65907234253483,29.482545355217606
SV_NewYork_40.7333_-73.9816.tif,11,39.28345489501953,13.444275121319576,14.879977284139457,21.516410396486535,18.952618371960092,24.971033722656344,23.794630481853673
SV_NewYork_40.7335_-74.0072.tif,0,26.031076431274414,2.0,2.4337913431953515,10.788337216550222,2.0555988849671674,18.190899497737824,2.0
SV_NewYork_40.7335_-74.0072.tif,1,17.744705200195312,5.842302206716825,7.565661004807642,16.406416109035206,8.96575939086006,23.028130390498234,12.37720834687805
SV_NewYork_40.7335_-74.0072.tif,3,4.9531450271606445,2.0,2.6850597879669422,13.074413591224783,9.495267808681088,21.215323544179338,11.857033476447658
SV_NewYork_40.7335_-74.0072.tif,4,13.073463439941406,4.402477733534141,5.299299784373559,10.553574598744722,8.075572664676564,15.551884217605384,8.206918682827734
SV_NewYork_40.7335_-74.0072.tif,6,12.335135459899902,3.2271448863790475,3.299509965735871,11.872287696211739,4.459298753754223,18.24117755295344,9.37226049553406
SV_NewYork_40.7335_-74.0072.tif,7,0.0,3.185619934493074,2.0,9.953842005382292,2.0,15.96204017053395,7.278882225181297
SV_NewYork_40.7335_-74.0072.tif,8,19.47583770751953,3.553621184792224,2.0,13.504009361155088,9.136092219185976,20.469486895814818,5.5403737767486865
SV_NewYork_40.7372_-73.9916.tif,0,43.47990417480469,7.113715502232338,9.44163398763385,13.705984480131537,10.655492387632428,18.92262062459937,12.147587450671379
SV_NewYork_40.7372_-73.9916.tif,1,25.676462173461914,2.2825843991487638,2.8754110680104596,12.427056088652769,3.6375453153271105,19.649204784185883,2.41914087631403
SV_NewYork_40.7372_-73.9916.tif,2,25.63563346862793,3.575810439088606,4.023501465347995,14.486000213185811,4.073231661455819,21.77620646307391,2.811651604074936
SV_NewYork_40.7372_-73.9916.tif,3,47.529136657714844,6.268458209465879,2.7029923392805357,21.96033612127908,4.811843656940547,30.607759907125462,2.0
SV_NewYork_40.7372_-73.9916.tif,4,0.0,4.943164500391743,2.0,19.378494781319304,3.4327203843534924,27.77545798062916,3.910240627619366
SV_NewYork_40.7344_-73.9853.tif,0,31.928077697753906,4.859600482372569,7.544302499592198,15.983786991775027,9.83868642674682,22.552892959257075,8.949235240535309
SV_NewYork_40.7344_-73.9853.tif,1,27.829641342163086,3.781381666680433,4.025591767778458,13.246217208933231,5.745901079622532,19.854202122667928,9.550009820693615
SV_NewYork_40.7344_-73.9853.tif,2,28.197019577026367,8.422139412911227,7.061313329940079,21.043077204317793,11.081884945946138,27.522048980385375,9.85315913302589
SV_NewYork_40.7344_-73.9853.tif,4,28.318796157836914,4.536498292304081,3.2406990576521286,14.609841665662904,7.509653409016422,21.321641955546255,8.668640198507044
SV_NewYork_40.7344_-73.9853.tif,5,33.6058464050293,4.247652134506877,6.032254137684539,13.973459989931277,7.802102245514834,20.122815977005633,12.043114477753322
SV_NewYork_40.7344_-73.9853.tif,6,22.259445190429688,3.841153371815073,2.8950363484902226,11.863428795765708,6.549760995633545,17.706018254599808,5.718011425281523
SV_NewYork_40.7344_-73.9853.tif,7,25.521724700927734,5.494108744547923,9.83492263033512,13.168399042786193,14.009658495795822,18.409316182748256,13.010431709141411
SV_NewYork_40.7344_-73.9853.tif,8,19.116607666015625,2.715200553339786,2.0,11.96767483878278,5.905377860585154,18.546062964673954,6.562837027101156
SV_NewYork_40.7344_-73.9853.tif,10,19.510337829589844,7.787377281062247,8.010035908550543,15.06713980181277,12.860723788128917,20.31091791930148,11.705056086925206
SV_NewYork_40.7344_-73.9853.tif,11,22.717939376831055,11.939936713709143,7.774361741083455,22.804639890620745,18.301577866932725,28.691549371740816,18.934037183007295
SV_NewYork_40.7335_-74.0108.tif,0,30.138381958007812,6.601207202016159,2.6864958629289966,18.231646382945858,8.85142420362073,25.18311289332345,8.360795420737068
SV_NewYork_40.7335_-74.0108.tif,1,25.358333587646484,5.485827240402593,4.5036130452451495,15.507596847356064,4.36991152285374,22.22971943380725,3.665576985824061
SV_NewYork_40.7335_-74.0108.tif,2,57.78036117553711,7.422112815648323,7.453051024290772,18.67015980642612,8.451810311057436,25.266210613977787,8.548791557646357
SV_NewYork_40.7335_-74.0108.tif,3,58.435489654541016,6.5433643037913045,7.120836880055466,16.57023621298467,7.202768602167807,22.779530657900278,10.3304476070696
SV_NewYork_40.7335_-74.0108.tif,4,41.22601318359375,4.452445021381693,3.8630085943409576,16.12948449511657,8.687386496739869,23.135519107679805,7.731604422912025
SV_NewYork_40.7335_-74.0108.tif,6,37.5689582824707,8.787167682158472,7.571953764211382,19.029674367723498,13.257702428127924,24.988034139886828,13.183836586334232
SV_NewYork_40.7335_-74.0108.tif,7,37.53948974609375,2.0948623242257725,2.5373497714976243,10.913031156128424,4.31199591783015,17.843927637167777,3.3082719372515585
SV_NewYork_40.7387_-73.9971.tif,0,21.018821716308594,3.17862529193296,3.3663009683307243,11.038205689928176,6.442389660794956,16.850007137565647,7.345553868927933
SV_NewYork_40.7387_-73.9971.tif,1,19.27726936340332,2.0,2.0,8.405141677658735,2.856150102190734,13.933098781137264,6.712153285866073
SV_NewYork_40.7387_-73.9971.tif,2,16.87569236755371,3.3899224440578397,2.0,9.383408759277208,4.219410409973755,14.629818933021873,7.606955592997729
SV_NewYork_40.7387_-73.9971.tif,4,37.483707427978516,6.329494816439651,5.178117875022138,13.43488984337437,9.000748206208714,18.541850657780216,8.424921798725588
SV_NewYork_40.7387_-73.9971.tif,5,64.47576141357422,4.467109341825014,3.081369619430535,11.936509981802873,6.269732404841695,17.36185047810642,7.504766949062339
SV_NewYork_40.7387_-73.9971.tif,6,75.67948913574219,3.432092669964401,2.0747630722126744,9.117931047152004,6.678184321571073,13.990147745896003,6.589273562285624
SV_NewYork_40.7387_-73.9971.tif,7,21.199560165405273,2.0,2.0,5.7687740541431065,3.684513746629479,11.248095823842235,4.90744987679197
SV_NewYork_40.7387_-73.9971.tif,8,39.382041931152344,9.924838178432767,9.62302808903211,16.713140213870968,13.57464258962904,21.25879060957762,17.778837867867505
SV_NewYork_40.7387_-73.9971.tif,9,24.17394256591797,2.0,2.0,6.76513357223166,4.279027804742051,12.18076708614823,4.439162131448242
SV_NewYork_40.7387_-73.9971.tif,11,40.811553955078125,5.126409503005756,3.574788377348241,11.902452287034475,8.49174504974585,16.732453733219995,7.632607638314876
SV_NewYork_40.7387_-73.9971.tif,12,45.98515701293945,11.99505815950812,9.043782161255642,17.762537140278706,19.53904929036573,21.439378841780727,17.50750629073092
SV_NewYork_40.7387_-73.9971.tif,13,69.00992584228516,7.133006123726173,6.76023929495639,12.649692425155019,8.809616020004231,16.855617420626874,9.21989423511067
SV_NewYork_40.7345_-74.0034.tif,0,20.483036041259766,3.188592631082857,2.882068621340301,12.03483381841939,4.2113030156958695,18.729958954957024,6.138009355339751
SV_NewYork_40.7345_-74.0034.tif,1,22.693679809570312,2.1701493833209877,3.4959059945254807,10.784067356230228,4.249789957252671,17.35865262941725,3.9651379800512756
SV_NewYork_40.7345_-74.0034.tif,2,42.997318267822266,3.8229035737643082,5.975980413909737,11.172156269071152,8.28308948418827,16.973595168879243,7.738876535298793
SV_NewYork_40.7345_-74.0034.tif,3,20.32525062561035,2.0,2.0,10.21037081987081,2.0,16.99748563422261,2.0
SV_NewYork_40.7345_-74.0034.tif,4,57.84052658081055,4.928445480604219,5.960878357662357,15.811885211413347,7.882700305877173,22.63083376186073,7.656691460990307
SV_NewYork_40.7345_-74.0034.tif,5,17.42059326171875,4.526347850044604,7.695640564175271,13.024488959665693,9.676236344495143,19.032738664619046,9.368021938637469
SV_NewYork_40.7345_-74.0034.tif,6,22.6119384765625,6.947181624092921,7.722545401672389,15.585266697943869,10.924861861026223,21.22932642106801,10.058917816709815
SV_NewYork_40.7345_-74.0034.tif,7,19.350421905517578,4.216649408681936,3.0455740142814807,16.198060394919143,6.750251392479821,23.80061063587331,3.024763971793214
SV_NewYork_40.7345_-74.0034.tif,8,0.0,3.7519694163388584,2.4407506520498736,14.134973881402724,2.375802265232948,21.527257871998405,2.0
SV_NewYork_40.7372_-73.9901.tif,0,83.21630859375,6.6796937333169915,9.738338954691969,15.374150286823149,10.963077626302296,20.907497869735792,10.932752854841437
SV_NewYork_40.7372_-73.9901.tif,1,22.066875457763672,6.548099304286545,7.0335391395501174,16.613928773502852,13.714115146598372,22.75141919150245,11.856382511737618
SV_NewYork_40.7372_-73.9901.tif,4,45.805809020996094,7.519833086410642,5.665818923893517,19.39320344740878,15.231846439816373,25.77882042555613,14.000045535308237
SV_NewYork_40.7372_-73.9901.tif,5,48.78152084350586,3.4211393445756872,8.662894036489208,10.150274814598674,9.713644209137032,15.755045647274308,5.327779652315177
SV_NewYork_40.7372_-73.9901.tif,6,55.36005401611328,12.02132652289165,13.991146928849444,22.094650073766566,19.184107177339524,27.185498642906516,18.781740310144436
SV_NewYork_40.7372_-73.9901.tif,7,45.9749870300293,8.709111676114969,10.313406314932957,15.591926548254628,14.130586772729357,20.413093575980216,13.117080449065583
SV_NewYork_40.7372_-73.9901.tif,9,20.49202537536621,9.634642881912983,10.500471959049431,19.7836933050094,16.33121509536971,25.97248288542038,12.204427176171569
SV_NewYork_40.7400_-73.9815.tif,0,22.86904525756836,4.322659805550774,8.784560753114118,9.151730737902092,11.180295881509092,13.562357665491753,12.9214086717725
SV_NewYork_40.7400_-73.9815.tif,1,43.02452087402344,9.118076368671957,10.949647847293447,16.031135916229925,10.11677040687596,20.621648449838048,10.975738183968963
SV_NewYork_40.7400_-73.9815.tif,2,98.4286880493164,7.39410497956695,6.4651748825582285,15.502227021098875,11.925186170905489,20.08254696014322,9.05158262547515
SV_NewYork_40.7400_-73.9815.tif,3,46.309471130371094,19.997197977170472,18.319534260608414,24.30145746191052,23.626196134931952,27.269113901549733,23.564071750102286
SV_NewYork_40.7400_-73.9815.tif,4,28.16082191467285,13.376875305435545,11.408523264228055,19.63937278562825,16.583997886314005,23.703685821978098,14.842587450438158
SV_NewYork_40.7400_-73.9815.tif,5,54.2376594543457,4.972353660157502,5.948809940614318,11.504378536738482,6.9670705413889324,16.468012061948095,9.829053124266192
SV_NewYork_40.7400_-73.9815.tif,6,27.975622177124023,10.029665163438972,11.143291228747088,12.561269274025436,20.331814600777495,15.020906203368622,19.5748676397853
SV_NewYork_40.7400_-73.9815.tif,7,29.107421875,3.0649952157625364,2.395624289512417,9.333041383216502,5.808667833855423,14.105589515057304,8.307254669674881
SV_NewYork_40.7400_-73.9815.tif,8,83.55825805664062,6.9200530285631885,6.396466412868431,13.662885633764784,8.661529444918921,18.199320706138224,10.133054897714745
SV_NewYork_40.7400_-73.9815.tif,9,81.5344009399414,13.551440567723558,18.141015844966432,17.118966265564552,23.593459054560952,19.827150993642757,25.43502655555499
SV_NewYork_40.7400_-73.9815.tif,10,78.56861877441406,26.552566152603745,46.18364490922219,28.82238836652231,29.783621399620685,30.162860047724507,35.07920544861107
SV_NewYork_40.7400_-73.9815.tif,11,19.106130599975586,7.314219202585502,4.77309842730467,18.83482283685842,14.120455299918431,24.274053806962485,12.777044478803859
SV_NewYork_40.7400_-73.9815.tif,12,53.88765335083008,4.393791114915315,2.7677025027263595,10.269681560844237,6.496526461798845,15.009399271609333,7.9419322531746435
SV_NewYork_40.7400_-73.9815.tif,13,49.52762222290039,11.165624889607626,14.553735175841187,20.476561942011184,21.453281659460664,25.383427759754408,21.521199793570748
SV_NewYork_40.7400_-73.9815.tif,14,23.358705520629883,4.409304073053303,2.6746161786571396,10.52141100964128,6.496526461798845,15.347760371357928,7.9419322531746435
SV_NewYork_40.7400_-73.9815.tif,15,47.556583404541016,4.083746028142569,2.1732379479571677,10.448075121714417,5.524934224335271,15.389636097980265,6.276718590625046
SV_NewYork_40.7357_-73.9797.tif,0,46.507415771484375,11.404541149652838,13.36517139031146,16.067555172920112,19.699123475635915,19.116041583767128,23.82483510851914
SV_NewYork_40.7357_-73.9797.tif,1,48.88076400756836,13.197979902933854,13.259202651693057,17.402563109060672,16.73755087282864,20.123968757973735,17.47176429740036
SV_NewYork_40.7357_-73.9797.tif,2,44.382503509521484,11.273525003984448,12.559369848813317,18.549905166057403,17.524119843317123,22.436701461396176,19.058765636066052
SV_NewYork_40.7357_-73.9797.tif,3,47.09876251220703,13.570227295198867,14.550823385294136,18.246338347968006,20.591026189928538,21.149780330705195,21.548609020411536
SV_NewYork_40.7357_-73.9797.tif,4,46.754859924316406,15.091627988828481,14.17689280109501,19.721889589404057,19.656750955363275,22.26557613325546,19.675663380152837
SV_NewYork_40.7357_-73.9797.tif,5,46.96634292602539,13.962675433369252,14.83627398580428,18.83130775255033,18.528695096510905,21.673282920551824,18.242016573157493
SV_NewYork_40.7357_-73.9797.tif,6,57.95347595214844,13.825298764113594,14.291902822607847,18.45797731610083,18.228997900694157,21.269267447940578,18.678094810489945
SV_NewYork_40.7357_-73.9797.tif,7,46.77790832519531,13.459518652098199,13.204985795803735,17.65551848356231,17.497710010019482,20.320241050674934,17.855847683698048
SV_NewYork_40.7357_-73.9797.tif,8,46.36094284057617,14.95357295365463,14.384800931244515,19.009068157421204,15.56052011474899,21.540559002470072,18.931102038292746
SV_NewYork_40.7357_-73.9797.tif,9,39.50764846801758,14.630107014865647,14.117169626514066,20.76727565612021,19.10858750955085,23.721161663325947,21.27265372400628
SV_NewYork_40.7357_-73.9797.tif,10,56.11188507080078,11.56770646354424,13.34745972226568,16.09840672935651,19.553329225080198,19.050391227427955,17.17798355251888
SV_NewYork_40.7357_-73.9797.tif,11,39.65584945678711,16.244470014691228,15.682354291291409,21.656390798347,19.007031070809166,24.288495214796168,19.252824641913442
SV_NewYork_40.7357_-73.9797.tif,12,37.905235290527344,14.290906245875206,13.668389282569956,20.128801465276613,19.788349618055125,23.240519499620728,21.72578895159669
SV_NewYork_40.7357_-73.9797.tif,13,40.9007453918457,15.110063079555655,14.318760813665996,21.859488398799613,19.873132164776525,25.15031994159737,20.55612685460949
SV_NewYork_40.7357_-73.9797.tif,14,40.48137664794922,13.36192734516614,13.824555269403069,18.58706419262309,18.772022387618573,21.662142161577034,18.85976395313135
SV_NewYork_40.7371_-73.9783.tif,1,44.818050384521484,14.404685603025193,22.031139312660923,27.03806272465576,20.61557381411957,32.563361720245,20.458694855921742
SV_NewYork_40.7371_-73.9783.tif,2,49.466556549072266,13.36596745371975,17.01285163641496,25.222749722749164,19.274424613531583,30.298794778379722,18.767514494106162
SV_NewYork_40.7371_-73.9783.tif,3,60.861000061035156,12.603009872163797,14.251587988272261,26.813714473324772,18.057871998776193,32.60765102617447,17.37028927765652
SV_NewYork_40.7371_-73.9783.tif,4,48.19793701171875,18.171789733180557,18.400565336077662,29.780735974737453,25.303624340776096,34.879215910751114,26.340466752154548
SV_NewYork_40.7371_-73.9783.tif,5,49.00847625732422,13.834088231157228,16.655776275854347,25.909680001570795,20.468490028517813,31.32372179562289,19.668235583505453
SV_NewYork_40.7371_-73.9783.tif,6,47.398780822753906,16.27486369810176,17.018947352259023,27.74818057215424,21.355749748674537,32.5774227012717,19.74881686415397
SV_NewYork_40.7371_-73.9783.tif,7,46.59298324584961,14.76723379621681,18.246996557758266,26.160486356757986,23.082381073824155,31.30397513918936,20.96636253006094
SV_NewYork_40.7371_-73.9783.tif,8,46.75532913208008,18.18844212202524,19.30847854812472,28.701528270807657,27.841518383157855,32.9365976774995,28.338742901950123
SV_NewYork_40.7371_-73.9783.tif,9,47.026668548583984,17.609962367270793,16.501073882442977,27.574740992747948,23.588095431747213,32.54080031643139,23.56857910779692
SV_NewYork_40.7371_-73.9783.tif,10,43.6618537902832,13.250762261143647,14.92322073791096,27.11148618916709,20.391641847409815,33.37704953650707,17.73849278962827
SV_NewYork_40.7332_-73.9784.tif,0,40.594844818115234,14.343341417097392,16.784506131169728,21.69914716652865,21.630555648474648,25.053235042636118,21.88635150149798
SV_NewYork_40.7332_-73.9784.tif,1,41.86880874633789,16.843505724241417,16.24090156647592,19.70218539067174,23.415155732398368,21.444400212186718,22.11427456703477
SV_NewYork_40.7332_-73.9784.tif,2,41.82482147216797,17.42692132992495,16.83558958380013,25.252733077489495,23.13119340489847,29.01009746704977,22.3309094826111
SV_NewYork_40.7332_-73.9784.tif,3,37.83673858642578,11.410754441602725,17.550600808859382,22.24622446168378,18.506080542296413,27.40805459818874,17.711765859353665
SV_NewYork_40.7332_-73.9784.tif,4,39.59323501586914,18.63524422531992,18.597543772334674,26.5823295825195,24.546797970751996,29.866473680298572,24.312327786592874
SV_NewYork_40.7332_-73.9784.tif,5,41.83557891845703,20.011039645246505,22.279351766732646,26.646743014346768,24.618138272880934,29.54195113975238,27.031010928037972
SV_NewYork_40.7332_-73.9784.tif,6,44.470855712890625,19.38312302561769,21.215490191678242,25.176159004068303,23.973949902009775,27.678807227733817,20.779802362532305
SV_NewYork_40.7332_-73.9784.tif,7,41.67390441894531,17.87851981306849,13.658961416397188,27.227185128995707,25.04128191974722,31.185189648930603,25.464960523745507
SV_NewYork_40.7332_-73.9784.tif,8,41.62953567504883,19.348735810996843,14.68810147465199,28.421392433355653,24.58241372848376,32.42944973964092,27.623316298205516
SV_NewYork_40.7332_-73.9784.tif,9,44.57164001464844,15.352772115404012,14.574224626953045,23.883200187521247,20.632179390172414,28.267558482518837,21.581709610446413
SV_NewYork_40.7402_-74.0034.tif,0,18.512672424316406,5.247847043671942,3.4632640995315014,19.51159371161789,5.31432615909253,27.67568425359377,4.2196367021026155
SV_NewYork_40.7402_-74.0034.tif,1,20.37209129333496,5.190123268753134,2.0,17.60925293946294,2.0,24.871249051589754,2.099071605380134
SV_NewYork_40.7402_-74.0034.tif,2,40.90411376953125,4.825582712248694,5.6283513138708,16.607359461591688,6.567254884278845,23.7870907580827,4.288939243465697
SV_NewYork_40.7402_-74.0034.tif,3,22.874008178710938,6.26343564830956,6.715977826678942,16.11851642093215,8.952035777124433,22.424007477999908,10.767875272559104
SV_NewYork_40.7402_-74.0034.tif,4,55.934879302978516,5.426142639134015,5.01056771638227,16.4556984938459,3.908813540459725,23.410632647993086,6.034809110163806
SV_NewYork_40.7402_-74.0034.tif,5,35.53663635253906,8.797533894149637,8.950176693849784,17.339261689216315,10.47487873204007,22.687666435267847,18.082919819985698
SV_NewYork_40.7402_-74.0034.tif,6,21.122655868530273,4.417838758569709,3.5055359942201805,12.487489083461654,4.275872332348073,18.369878561167926,3.3721180012208105
SV_NewYork_40.7402_-74.0034.tif,7,19.878864288330078,3.764691657018589,2.630791265776362,11.929709806840346,6.246204628289626,18.07604196458108,4.387754247165894
SV_NewYork_40.7402_-74.0034.tif,8,27.337696075439453,11.51252894643581,17.150653399764483,20.708594385684574,24.484246611320675,25.98041192218687,25.05921721638136
SV_NewYork_40.7345_-73.9953.tif,0,87.23766326904297,2.5722171476912266,4.9952585311298074,7.351581136463395,5.1220132185976945,11.912787663871807,6.859084777545319
SV_NewYork_40.7345_-73.9953.tif,1,43.340614318847656,7.560418852913987,9.816945365494687,12.13944157123695,9.925839383771457,16.060625928674735,9.91332664199029
SV_NewYork_40.7345_-73.9953.tif,2,47.59686279296875,2.0,3.7798079123498645,5.307216415802603,4.791805885499339,9.883407865471266,10.066800265850537
SV_NewYork_40.7345_-73.9953.tif,3,59.51836395263672,3.5032940931645555,2.905499914582485,9.726824889301596,4.450901946927607,14.712760313469325,6.504296963021935
SV_NewYork_40.7345_-73.9953.tif,4,50.66328811645508,2.7865446473784115,2.31157980150144,7.026483568630347,6.282686822708827,11.462894890247142,11.1653157362553
SV_NewYork_40.7345_-73.9953.tif,5,56.4700927734375,4.045569420176703,3.5668102908828105,11.096106115508622,6.691523224474698,16.223252729703574,7.717852452965065
SV_NewYork_40.7345_-73.9953.tif,6,52.49702835083008,11.67427765035352,9.975395135518962,19.20344661292436,15.200827939804054,23.499867249599298,19.189591921909653
SV_NewYork_40.7345_-73.9953.tif,7,48.39887237548828,9.88484594815956,10.63692660079252,15.518245177362365,15.019382433235728,19.302344360764014,19.14572751194612
SV_NewYork_40.7345_-73.9953.tif,8,19.981821060180664,4.393666463446131,4.535721972626282,9.422587531148572,10.063592078441436,13.782791417974718,7.281759634833628
SV_NewYork_40.7345_-73.9953.tif,9,38.83192443847656,9.727759386251545,8.6331010603486,13.798195763784218,20.272271915383346,17.229558889079392,22.148458182492327
SV_NewYork_40.7345_-73.9953.tif,10,19.560855865478516,3.8659690326605443,2.0156114918728623,9.253523810707513,8.63108596257281,14.027986813588598,8.347729999869632
SV_NewYork_40.7345_-73.9953.tif,11,38.143287658691406,5.127768080517474,2.490527772723899,13.61304882299446,7.444445552401542,19.100243884620873,6.873475219436888
SV_NewYork_40.7345_-73.9953.tif,12,37.68509292602539,6.975509064360215,4.911844819944964,18.414756331277975,10.895348870794258,24.619038766401985,8.836317640737892
SV_NewYork_40.7345_-73.9953.tif,13,50.23829650878906,9.85160557577126,9.59952151141126,16.726770217373872,14.887945806934125,21.44612977218388,15.973293894299164
SV_NewYork_40.7345_-73.9953.tif,14,49.54054260253906,5.199036310765015,6.891852158936014,9.51807452494205,11.855219228755425,13.557884314893904,13.01070975140286
SV_NewYork_40.7345_-73.9953.tif,15,70.99745178222656,5.279302492269391,3.9755313385153226,12.755592533075243,10.207939306709116,17.800201383434366,8.820216147005734
SV_NewYork_40.7333_-73.9872.tif,0,21.98586082458496,2.391121288961074,4.066377057130927,7.720848748316925,5.007058598341644,11.967336782588674,5.378923085824577
SV_NewYork_40.7333_-73.9872.tif,2,30.393251419067383,2.0,4.7648524195013895,4.582489966887362,4.683166608256298,8.204087505106965,4.058023164279314
SV_NewYork_40.7333_-73.9872.tif,3,22.226036071777344,2.0,3.348042967607372,2.0,4.28269479061212,4.5621903803012,8.72594204619342
SV_NewYork_40.7333_-73.9872.tif,4,22.398914337158203,2.0,2.6780862140478057,2.0,2.0,3.7094316584367846,5.797746136862416
SV_NewYork_40.7333_-73.9872.tif,5,19.384572982788086,2.0,2.2585357955247054,2.0,2.0,6.291804647259417,2.0
SV_NewYork_40.7333_-73.9872.tif,6,19.46616554260254,2.0,2.7192398604532824,2.770982870188515,3.097981462211443,6.862068867434722,4.733145472275673
SV_NewYork_40.7333_-73.9872.tif,7,27.12199592590332,2.0,2.3963973351304313,4.022745642754316,2.6987061232762644,7.753974944353573,3.508596209274998
SV_NewYork_40.7333_-73.9872.tif,8,30.9569149017334,4.128829470575387,5.085352785387026,7.587674658162671,4.193718655890032,10.92203646524678,6.616061631899803
SV_NewYork_40.7333_-73.9872.tif,9,24.79344367980957,2.0,2.0,3.213615097308285,3.7767313014760067,7.298434724865565,3.9839321323338948
SV_NewYork_40.7333_-73.9872.tif,11,24.187881469726562,2.0,2.0,6.652494396016166,2.0,11.533843473515088,2.8050467849030367
SV_NewYork_40.7333_-73.9872.tif,12,13.795478820800781,2.0,2.0,2.0,2.2579973435512937,3.6468805561754856,2.5302457194529415
SV_NewYork_40.7333_-73.9872.tif,13,19.579483032226562,2.0,2.1440991578607624,2.0,3.7810164174622116,4.816526112019709,2.4360138629456043
SV_NewYork_40.7333_-73.9872.tif,14,16.94230842590332,2.0,2.0,4.888803927893743,2.0,9.664507957983183,2.0
SV_NewYork_40.7333_-73.9872.tif,15,24.91200828552246,9.780270779784221,9.163116549168825,10.243695125745523,13.382757687359561,12.08324640532049,12.430455941765839
SV_NewYork_40.7333_-73.9872.tif,17,60.53563690185547,4.554739440020595,4.869543569456303,6.875678356195282,7.061205482524049,10.0191538343805,7.773100015319991
SV_NewYork_40.7333_-73.9872.tif,18,37.569332122802734,6.5396749118301,5.0388703086084385,10.593345999942597,7.69284739089649,14.097704776928065,8.840097815421505
SV_NewYork_40.7333_-73.9872.tif,19,40.50756072998047,4.199287351638659,3.6644969877118303,5.973141859025398,6.320324555295714,9.042064189446048,5.970174703115785
SV_NewYork_40.7333_-73.9872.tif,20,18.409221649169922,2.331915902302052,2.401137130874984,4.97539847122165,3.7059240993848515,8.709477581285068,3.286065713205735
SV_NewYork_40.7372_-73.9853.tif,0,22.140043258666992,10.601341959504396,10.89723489312194,16.39264852473817,18.13210614688048,20.282211566563326,16.353722497674
SV_NewYork_40.7372_-73.9853.tif,1,31.192716598510742,3.752623055194161,4.035850305306742,9.078234678921035,6.3335616617454535,13.745810900718004,9.711524765347274
SV_NewYork_40.7372_-73.9853.tif,2,40.4290657043457,7.3172756122152665,8.795737582778012,10.634008105721405,11.476467609081267,13.844247776393159,14.574742589271862
SV_NewYork_40.7372_-73.9853.tif,3,19.49110984802246,6.383173378451611,7.3123065355379495,12.543154205791447,14.213189664785817,16.99850507999004,12.527714237091677
SV_NewYork_40.7372_-73.9853.tif,4,39.249454498291016,3.325958735288573,4.649820025839862,7.577206723560341,10.785663345634317,11.776568367947709,10.337882397133187
SV_NewYork_40.7372_-73.9853.tif,5,54.35679626464844,2.0,2.0,4.769947688293531,4.6714908479810875,9.35592507297667,5.706219623138146
SV_NewYork_40.7372_-73.9853.tif,7,64.87320709228516,8.622944123648075,10.575944957486096,14.643251570447788,10.087981140569678,18.977086777823494,9.92295752218007
SV_NewYork_40.7372_-73.9853.tif,9,60.610740661621094,8.311776282640084,10.596094364553391,12.936123783383852,14.879358505336537,16.706262172568096,17.093193625062565
SV_NewYork_40.7372_-73.9853.tif,10,24.69521141052246,3.0390006220053998,5.256571505746995,6.554539388860007,10.987716292194625,10.627461612254594,7.3737535475908516
SV_NewYork_40.7372_-73.9853.tif,11,21.97169303894043,3.102680292005708,3.5167764286940315,10.0808521365868,9.609723346674484,15.193758878791476,8.968556872758326
SV_NewYork_40.7372_-73.9853.tif,12,25.17659568786621,2.0,3.6291708360567703,5.707173363244358,7.056603150942492,10.16951856640763,7.811805246659275
SV_NewYork_40.7372_-73.9853.tif,13,20.09414291381836,6.175488836124572,10.462207297827579,9.19339614367759,13.8783329114116,12.595823551067136,14.740698262132279
SV_NewYork_40.7372_-73.9853.tif,14,21.808719635009766,7.899718973688957,12.399843121063787,12.152719958059201,13.646699562383253,15.94084689133986,16.49591747767827
SV_NewYork_40.7372_-73.9853.tif,15,21.1573486328125,2.0,3.039744834237471,8.6637890183611,8.356681118576901,13.97285174201644,6.711120686100838
SV_NewYork_40.7372_-73.9853.tif,16,45.54350280761719,6.072694638539691,9.083020576827362,12.681869782673482,13.043977299545707,17.392883710109974,14.492286252536625
SV_NewYork_40.7358_-73.9871.tif,0,21.55896759033203,2.0,2.0,8.611413041613641,2.0,15.013162724990565,4.891424657361934
SV_NewYork_40.7358_-73.9871.tif,1,24.644540786743164,2.0,2.504451446540053,8.744053700679203,3.2029462181134774,14.774677169826646,6.9355146561560135
SV_NewYork_40.7358_-73.9871.tif,2,21.778757095336914,2.0,2.7491866594977905,7.556083796511212,2.0,13.242924340910289,6.904646829304262
SV_NewYork_40.7358_-73.9871.tif,4,15.44682788848877,4.288176578115016,6.874909867964469,9.22339043743755,9.611739500678638,13.69575119743254,12.783982318269187
SV_NewYork_40.7358_-73.9871.tif,5,68.07880401611328,9.541762573759678,11.05683266163939,13.515812146327464,9.258598090202042,17.017124224977778,20.51499799769602
SV_NewYork_40.7358_-73.9871.tif,6,21.034971237182617,4.437540373647425,7.267737892882504,10.758630002582429,8.552910757819973,15.724817166723014,11.984338315179604
SV_NewYork_40.7358_-73.9871.tif,7,32.65700912475586,3.082635729836216,5.5067850500665525,9.341565928569748,6.3482650099581575,14.349889907886313,11.218433898681875
SV_NewYork_40.7358_-73.9871.tif,8,18.778587341308594,2.030379376075498,3.147357876850695,6.147987756809529,6.979439235354053,10.810516566236068,10.359145367766416
SV_NewYork_40.7358_-73.9871.tif,9,22.122730255126953,2.8406070934454526,4.243556491392167,7.901233250991316,7.87489375905847,12.551194615050113,9.161121716876295
SV_NewYork_40.7358_-73.9871.tif,10,21.725080490112305,3.0789010409803073,2.4496754015153157,11.059232357071153,4.501040699208038,16.83769156671401,9.642062013847845
SV_NewYork_40.7358_-73.9871.tif,11,24.96610450744629,6.647868635390126,6.602885177468295,12.01823049425881,11.482353965416769,16.16104934746336,16.907657108537833
SV_NewYork_40.7358_-73.9871.tif,12,50.66332244873047,8.072663327289568,15.933510357582824,14.822163882869534,10.61441710225417,19.317749393084746,16.118800329108485
SV_NewYork_40.7358_-73.9871.tif,13,48.13581085205078,5.122678798557094,3.749264752109692,13.57171602428423,8.06630965416008,19.306203635115263,6.719992548134803
SV_NewYork_40.7357_-73.9783.tif,0,48.88384246826172,8.388944134645623,11.19469274726046,10.520473336450749,13.49859306812011,13.220835959814954,13.589031659063233
SV_NewYork_40.7357_-73.9783.tif,1,44.383575439453125,5.57921849393488,9.080126931569819,9.800840506241597,12.499771009060687,13.42127596698274,12.644760810138509
SV_NewYork_40.7357_-73.9783.tif,2,49.01295471191406,7.955934102039694,10.2108647467387,13.354969353998687,12.223608967912853,16.765660577696273,13.82034896477461
SV_NewYork_40.7357_-73.9783.tif,3,48.37628173828125,9.191018341433844,12.129298494018823,13.094139837279538,14.925699616938337,16.090736745399454,14.779944736942225
SV_NewYork_40.7357_-73.9783.tif,4,48.832759857177734,7.512905846661028,10.2108647467387,12.956635293697008,12.440627653821814,16.411200685349613,13.912977763643395
SV_NewYork_40.7357_-73.9783.tif,5,46.76850891113281,12.0232872880326,13.542100676755961,15.41353679315553,24.707719482179257,17.84334536302681,23.0535253582639
SV_NewYork_40.7357_-73.9783.tif,6,46.701908111572266,9.695780970331176,11.745635486349798,13.97850619026237,14.305930074275278,17.034037838357996,14.77308344978385
SV_NewYork_40.7357_-73.9783.tif,7,46.65720748901367,10.166998165164793,13.258761566898368,13.999741714187689,17.842503256445315,16.818197825244717,19.040862603763976
SV_NewYork_40.7357_-73.9783.tif,8,44.034156799316406,9.009072408870708,11.598959105483878,15.523784294709927,14.543109027787727,19.75457248188922,13.330870720963494
SV_NewYork_40.7357_-73.9783.tif,9,47.38438034057617,9.690132864832727,12.882209866915971,13.12390927395344,17.564737311856057,15.788920167005193,19.43480456346918
SV_NewYork_40.7357_-73.9783.tif,10,0.0,11.963075740217189,12.21399141572165,17.1480430513235,18.63377781508251,19.98403696631179,19.85853628331354
SV_NewYork_40.7357_-73.9783.tif,11,59.34292984008789,9.649701931765298,12.043843279548238,14.91800283775014,14.614152854155233,18.152960277905542,14.562453416417165
SV_NewYork_40.7357_-73.9783.tif,12,46.39197540283203,11.999828730482056,14.836311336162895,15.630790383057754,18.24022145396708,18.28579480481914,19.068280167311173
SV_NewYork_40.7357_-73.9783.tif,13,39.89768981933594,12.157579578548685,11.979018774800942,20.982433788689587,16.018554605898807,24.98634057160816,18.21920105661379
SV_NewYork_40.7357_-73.9783.tif,14,58.13633728027344,11.402839812302467,12.91618066489599,14.304003647234879,20.13578389641806,16.737705836474948,21.20323157117768
SV_NewYork_40.7357_-73.9783.tif,15,40.90256881713867,11.600210570199792,11.657769217363848,16.341927266281136,19.322156351414396,19.259786619388212,22.160440654769936
SV_NewYork_40.7357_-73.9783.tif,16,36.889617919921875,2.5832381615163396,4.22820258974183,8.675404380350125,3.2736851460093477,13.83467334269453,5.379271432694699
SV_NewYork_40.7357_-73.9783.tif,17,36.83296203613281,5.389932869661857,2.831864794672442,13.185780250032778,9.283530269726292,18.41414604186949,9.640322771813256
SV_NewYork_40.7334_-74.0020.tif,0,14.398523330688477,4.051389123562834,5.005263590269898,8.46052481686589,7.054799939815534,12.85802159263286,8.33511752501013
SV_NewYork_40.7334_-74.0020.tif,1,16.003131866455078,5.789646621340165,7.506408220343018,9.848884625631056,9.227897847659166,13.662907884162738,8.845020811176978
SV_NewYork_40.7334_-74.0020.tif,2,21.022258758544922,2.933049011599719,2.1883070066323818,11.45616212276595,2.07765752709258,17.226225629332415,2.868922465428493
SV_NewYork_40.7334_-74.0020.tif,3,12.691102027893066,3.4040967462011906,2.044059735512129,9.658675509464498,5.76654476661072,14.798360786426755,3.9155985806803875
SV_NewYork_40.7334_-74.0020.tif,4,20.66452407836914,2.0,3.5561562516909917,5.485594413943234,5.071038500085272,9.613164157906464,5.811942542319195
SV_NewYork_40.7334_-74.0020.tif,5,20.131084442138672,3.8113078672269287,3.8186773074197924,10.646926869785563,6.648298605021412,15.701155834742899,6.268797584341251
SV_NewYork_40.7334_-74.0020.tif,6,18.07911491394043,2.596234191994295,3.486724712868788,7.426089693807073,4.110919880077196,12.358869399904332,6.814080240319569
SV_NewYork_40.7334_-74.0020.tif,7,9.38428783416748,2.8311533325813443,2.0,10.192978433869609,2.6195590774551083,15.857319910984117,5.751919783975765
SV_NewYork_40.7334_-74.0020.tif,8,19.025968551635742,2.386506125964658,3.7804289149203547,7.730003029081502,8.683481720544096,12.674276661085436,11.936405774944046
SV_NewYork_40.7334_-74.0020.tif,9,19.579132080078125,3.0159438843262762,3.523446899939537,8.141522707784908,6.36601348495141,12.474258949873672,5.024071333364801
SV_NewYork_40.7334_-74.0020.tif,10,29.121337890625,4.810619066448052,5.824385441050728,7.491993565869066,7.746892401691537,10.90128244702481,6.692541438456169
SV_NewYork_40.7334_-74.0020.tif,11,26.072284698486328,7.598903701339576,9.749910309049351,11.2877502642325,11.78318420059174,14.560419505167033,16.281764183909498
SV_NewYork_40.7334_-74.0020.tif,12,22.382936477661133,3.744518004052126,6.23839428362981,6.038490563501995,7.482679510700895,9.091029229135772,10.488309205769498
SV_NewYork_40.7334_-74.0020.tif,13,16.09976577758789,2.0,3.350120484862243,3.363900363454997,5.587946785056177,7.548151298576428,7.515628866380748
SV_NewYork_40.7334_-74.0020.tif,14,64.32270050048828,6.380201732035203,8.67539263011911,8.739759468989321,10.463333891647288,11.93558535870092,9.199996871372411
SV_NewYork_40.7334_-74.0020.tif,15,14.831487655639648,3.1765283924818757,5.316002024998619,10.619935361865025,11.74625875354509,16.046604819257674,14.387178798242765
SV_NewYork_40.7334_-74.0020.tif,16,19.669723510742188,2.954242541553178,4.915409569233473,6.767773139005811,5.824218526554794,11.035488888931827,10.794152558105518
SV_NewYork_40.7334_-74.0020.tif,17,63.88783264160156,4.202894146876381,7.0986970601408705,7.073576952553621,7.665048606009134,10.709139058422412,7.645710019771109
SV_NewYork_40.7333_-73.9853.tif,0,30.391420364379883,5.360853213326067,8.497268518865939,8.7820000512391,7.100783199064026,12.104342605674784,6.001950601577156
SV_NewYork_40.7333_-73.9853.tif,2,15.916754722595215,3.931721762180988,5.097214617112872,10.364606008713626,4.176528825652809,14.990076684909859,3.867633855839469
SV_NewYork_40.7333_-73.9853.tif,3,28.03147315979004,4.432503449525637,2.0,11.275490108454779,2.0,16.1232795772915,2.98814694282937
SV_NewYork_40.7333_-73.9853.tif,4,19.475994110107422,6.065103687459111,7.101584928655868,11.747495091564634,6.650463857694368,16.156797216273297,5.124335307787787
SV_NewYork_40.7333_-73.9853.tif,5,30.434009552001953,8.867943769401187,6.019946051078067,13.204533736221606,6.883014457699381,15.969863809112503,9.776987132330396
SV_NewYork_40.7333_-73.9853.tif,6,28.369731903076172,4.849861029506393,2.255559604005243,9.768063206092972,2.261537663777521,13.898864803896814,2.9056075468593585
SV_NewYork_40.7333_-73.9853.tif,7,42.94641876220703,4.896104289411539,2.0,13.636194580168965,2.0,19.093441194851398,2.0
SV_NewYork_40.7333_-73.9853.tif,8,28.09490203857422,6.122479802985534,4.903356094678761,10.328097402348487,6.039222716688557,14.058822677052504,4.077697451603093
SV_NewYork_40.7333_-73.9853.tif,9,22.64406394958496,3.0352135181164446,2.804155843163171,6.90333782506816,2.0,10.85664926034545,2.6304416857905983
SV_NewYork_40.7333_-73.9853.tif,10,22.34855079650879,6.007277457550407,3.658245516922742,13.088008338948427,3.828898430988859,17.65537250921132,2.787947448743704
SV_NewYork_40.7333_-73.9853.tif,11,46.8916130065918,14.86211195239594,9.709542712721069,16.4706694036114,15.840440057453389,17.830636273285343,19.755419470353292
SV_NewYork_40.7333_-73.9853.tif,12,19.040416717529297,2.4322565871991184,2.0,8.038709282686616,2.0,12.775123351871644,2.0
SV_NewYork_40.7333_-73.9853.tif,13,44.823936462402344,12.154882436775866,7.530882871905853,18.42483575090105,9.426581879931067,21.989625199578832,12.363146835512508
SV_NewYork_40.7333_-73.9853.tif,14,20.374622344970703,9.054643944905319,5.581051232965512,14.481990719044175,7.6719030300077575,17.653144973361584,6.519464901222763
SV_NewYork_40.7333_-73.9853.tif,15,60.40790939331055,10.659205611782555,8.935851937424063,16.423780113147615,20.45077936709475,19.349375185829345,16.097424320664754
SV_NewYork_40.7333_-73.9853.tif,16,21.318050384521484,6.5240519849172385,5.491805257540173,9.296400380290773,5.563156782295629,12.348333387887216,2.5401766285264302
SV_NewYork_40.7333_-73.9853.tif,17,18.420352935791016,3.128870488716464,2.0,6.97662940681767,2.0,11.229027833097629,2.0
SV_NewYork_40.7333_-73.9853.tif,18,14.881954193115234,6.015911463893827,5.249722475266066,11.156520649288353,6.958761329306346,14.56027958747328,4.8146949221097675
SV_NewYork_40.7333_-73.9853.tif,19,37.567874908447266,8.938334714005808,5.953074226894459,13.828146987704113,8.553112124400654,17.20677117317002,7.607497279826862
SV_NewYork_40.7373_-73.9953.tif,0,75.86625671386719,2.7800171149390227,3.128645548749577,8.155981382392438,6.485703484369048,13.02723364342667,7.660115470707582
SV_NewYork_40.7373_-73.9953.tif,1,69.86060333251953,4.102074268223794,4.555921456545811,10.747682457227336,5.386094538154135,15.974315480434722,6.918196166404135
SV_NewYork_40.7373_-73.9953.tif,2,42.860469818115234,2.0,2.522433473080467,10.82943299589359,2.2587501467534588,17.167524162308577,5.163126835765942
SV_NewYork_40.7373_-73.9953.tif,3,48.79756164550781,3.320390717359965,2.967065179921655,8.607414932259916,6.633875793749685,13.62617325691593,7.090816992102051
SV_NewYork_40.7373_-73.9953.tif,4,42.52692413330078,2.0,2.423800105080067,8.094523634985231,4.257412243372051,13.889414081957717,5.102918642977718
SV_NewYork_40.7373_-73.9953.tif,5,69.16374206542969,2.8094076107042163,2.0,8.812661914881135,7.463030268318758,13.956435365496215,7.952310279732218
SV_NewYork_40.7373_-73.9953.tif,6,68.61637115478516,4.215115812707935,2.9317156670999305,9.625554697219522,8.49503413634808,14.305783442144264,9.508945111495711
SV_NewYork_40.7373_-73.9953.tif,7,49.97681427001953,3.7801202823037743,2.9317156670999305,8.545724595778124,7.043248113012631,13.149316098434511,6.717980992526702
SV_NewYork_40.7373_-73.9953.tif,8,63.6380615234375,2.0,2.0,9.36929545358536,5.18382512777363,15.643826564962634,6.654396087357758
SV_NewYork_40.7373_-73.9953.tif,9,72.0833740234375,7.9347406540055125,10.423679172774468,13.632126977031124,10.875426399296913,17.82115046131903,13.20523719434614
SV_NewYork_40.7373_-73.9953.tif,10,54.57932662963867,4.185708617704985,4.523079812751227,12.103869842842998,10.317909411181544,17.404200273911506,12.867770080741483
SV_NewYork_40.7373_-73.9953.tif,11,28.083709716796875,6.587432574714282,9.378607839937436,11.98467947349875,9.942889510082983,15.960584164413056,13.073542549864182
SV_NewYork_40.7373_-73.9953.tif,12,45.104881286621094,8.789013439154457,10.863550504423845,13.212936828635684,10.984912094248063,17.029845831316493,16.897804627096132
SV_NewYork_40.7373_-73.9953.tif,13,46.5263786315918,4.650746706351723,2.0,12.378636517302327,7.096143368894761,17.84498800272158,6.934604580936355
SV_NewYork_40.7385_-73.9797.tif,0,18.624204635620117,4.56165436153659,5.4671787758609725,12.60247158441137,6.787430395615931,18.129990439986628,8.006488713005655
SV_NewYork_40.7385_-73.9797.tif,1,81.530517578125,15.283875826159754,19.483885908945087,19.351191514795623,23.60754844003095,22.561187728006946,25.975751189910095
SV_NewYork_40.7385_-73.9797.tif,2,65.50904846191406,19.73322661121304,17.452853866187482,27.765235824366137,21.98341270524757,31.53970114639908,21.860015131981765
SV_NewYork_40.7385_-73.9797.tif,3,40.15158462524414,13.136925748003893,14.25577800037588,19.21200805438521,13.899563828184231,23.058666832639638,20.180551190883772
SV_NewYork_40.7385_-73.9797.tif,4,66.03658294677734,2.0,3.2464859430991027,9.046276209516126,3.120861090885074,14.569839751327027,2.7872437059981636
SV_NewYork_40.7385_-73.9797.tif,5,82.09619140625,7.464184015194865,7.64265377172056,15.94406978776459,6.27776522915786,21.011617829197288,6.2127774896522086
SV_NewYork_40.7385_-73.9797.tif,6,74.47693634033203,5.929825586433333,6.001771351621262,15.621899426856261,9.009307842914295,21.379080217960983,8.701584201883268
SV_NewYork_40.7385_-73.9797.tif,8,74.35946655273438,4.172230112581095,5.145846010579183,9.940192884726201,8.382561734948455,14.770625138182911,8.058971257257548
SV_NewYork_40.7385_-73.9797.tif,9,16.673194885253906,5.4024196539017755,9.01884812751771,10.024063021780671,9.51060465331642,14.02997022485621,9.993396717318173
SV_NewYork_40.7385_-73.9797.tif,11,16.352771759033203,3.0427688213911317,5.326518339109515,8.962823603032142,5.858393790632422,13.83572250745728,6.958503839775786
SV_NewYork_40.7385_-73.9797.tif,12,48.471492767333984,19.365404991158968,17.11259562699661,27.166561284305743,22.41278237151369,31.180626599246654,22.249856382924253
SV_NewYork_40.7385_-73.9797.tif,13,19.366565704345703,5.1186372774971565,8.03551949251435,11.119248033991578,10.4962968075921,15.92600515619883,9.060561694751057
SV_NewYork_40.7385_-73.9797.tif,14,44.586204528808594,8.088848479567865,11.706710017468668,14.463954979311783,11.670495412754121,18.409200391674066,15.187953219354055
SV_NewYork_40.7385_-73.9797.tif,15,0.0,2.7836444771712987,3.2491982190143758,9.041663915926806,4.803303166525406,14.199584555932493,5.9710369080145185
SV_NewYork_40.7345_-73.9934.tif,0,87.24697875976562,3.3914792995993626,6.6343854383823055,14.395726472046766,6.017259004451748,21.35651648361094,7.534100958919197
SV_NewYork_40.7345_-73.9934.tif,1,54.84538650512695,6.837304109013124,11.453478514747198,20.60062097025802,9.88698673145653,27.85318434538148,8.975312701955984
SV_NewYork_40.7345_-73.9934.tif,3,42.40329360961914,6.652719311121225,13.999265947078246,18.65936151509575,11.380227162228733,25.513205459029265,10.992641137084066
SV_NewYork_40.7345_-73.9934.tif,4,26.730356216430664,7.505385817018626,11.483582058685197,22.363946918213983,13.598668290402907,30.378262305741412,9.786732976532397
SV_NewYork_40.7345_-73.9934.tif,5,27.788726806640625,3.179375812605228,9.031075815761717,11.298980447217067,5.899169757642976,17.55717648063469,3.229631264873855
SV_NewYork_40.7345_-73.9934.tif,6,50.234947204589844,10.858083936650289,20.950461840384975,20.89240586189807,16.739984569070984,26.912141475538917,16.686965368815788
SV_NewYork_40.7345_-73.9934.tif,7,64.74609375,5.484667885470249,12.165213835103653,13.97507969047629,7.6977794407011375,20.008210334622294,9.452226911957384
SV_NewYork_40.7386_-73.9852.tif,1,22.132890701293945,5.44804310995638,6.965936060723153,13.520005301590142,13.001039826438012,19.089249323309083,13.316348939568872
SV_NewYork_40.7386_-73.9852.tif,2,20.230365753173828,7.059160488496744,9.613207160565636,15.655773401390189,16.157306202407053,21.482925028458748,15.523813879327893
SV_NewYork_40.7386_-73.9852.tif,3,40.41701126098633,9.477846567735773,23.13014604735981,16.57109659685783,16.05736912054982,21.41321484121538,19.183974617512522
SV_NewYork_40.7386_-73.9852.tif,4,36.76044464111328,11.96886140331513,20.282211002796586,27.465939584544802,19.016258331315996,34.86080839148115,19.420731318770873
SV_NewYork_40.7386_-73.9852.tif,5,77.27600860595703,6.094398633926954,13.129544950199838,17.310338629840075,18.17263931915454,24.099130756357617,15.786203120848748
SV_NewYork_40.7386_-73.9852.tif,6,39.88701629638672,4.494356325657524,9.746841405697664,16.636672061960805,5.391349983236283,24.056596583066028,2.399601777742297
SV_NewYork_40.7360_-74.0090.tif,0,8.795525550842285,5.1367587462322,2.0,15.585089442521067,4.533990745216053,22.530776556347607,6.472262608972347
SV_NewYork_40.7360_-74.0090.tif,1,13.086376190185547,2.0,3.2636074534642874,11.112493858263633,2.0,18.762341827368566,2.0
SV_NewYork_40.7360_-74.0090.tif,2,0.0,4.863051657386396,4.791026126644855,21.088368019691575,10.174519211755106,30.28139142449218,16.55872410289019
SV_NewYork_40.7360_-74.0090.tif,3,0.0,4.3752548209332875,3.737060489201193,16.457226587883035,3.645584093168851,24.289801653288745,7.754823848552741
SV_NewYork_40.7360_-74.0090.tif,4,20.533340454101562,5.97582504464982,10.693578565653565,16.714074373268325,8.485913341230908,23.85372447310611,11.840397313231836
SV_NewYork_40.7360_-74.0090.tif,5,14.177291870117188,4.738103819352109,3.491859842444377,16.208045051884625,3.4378928108267366,23.631858824741126,8.020006390716995
SV_NewYork_40.7372_-73.9871.tif,0,64.09300994873047,13.757730913731823,27.105979281757413,25.39674294450537,22.861105644109056,31.22663504565834,21.193102281281426
SV_NewYork_40.7372_-73.9871.tif,1,28.99516487121582,4.6449002367140935,2.663426588487865,14.76251319472169,6.552918458165322,21.459902579661286,8.915318903272317
SV_NewYork_40.7372_-73.9871.tif,2,21.920692443847656,4.535216191464574,2.968772512385657,18.009183426490125,12.1592697666778,26.068430411978575,4.834612450487089
SV_NewYork_40.7387_-73.9952.tif,0,78.95623779296875,4.584126687854956,3.7189879761185605,13.775116852062594,10.487200839382744,19.853134529794055,7.998658174953606
SV_NewYork_40.7387_-73.9952.tif,1,57.70002746582031,9.839461880272466,21.105101669113964,20.271742785887064,15.93073695312976,26.410989213853426,16.114895916474108
SV_NewYork_40.7387_-73.9952.tif,2,77.04676055908203,11.624007447928461,24.690744123386224,19.56194078721669,24.52152357460196,24.57148137585874,19.822678045110155
SV_NewYork_40.7387_-73.9952.tif,3,78.49700927734375,8.871190349232762,18.156091731892623,18.118843759406563,14.639987422116977,23.753171157029982,13.483790400720961
SV_NewYork_40.7387_-73.9952.tif,4,49.5947265625,8.60803744112805,19.02560182905412,14.80346261301379,15.099931034651108,19.615934751668487,14.48022039776786
SV_NewYork_40.7387_-73.9952.tif,5,68.9697036743164,9.05673972849098,9.933161315801922,19.26853060781456,15.520128107384771,25.171579964508346,16.68817842576926
SV_NewYork_40.7387_-73.9952.tif,6,47.240150451660156,4.916264634404514,9.72926991027319,16.746767179059095,6.41731882270988,24.13522569291991,2.161572065559484
SV_NewYork_40.7358_-73.9834.tif,0,54.689388275146484,2.0,4.577599791504425,14.581024903845881,8.791307335901573,23.1264585044455,10.539458586346175
SV_NewYork_40.7358_-73.9834.tif,1,18.699338912963867,8.112986344415962,9.870353267631048,16.201264338757344,13.574992255380685,21.49888466589325,15.642149030633727
SV_NewYork_40.7358_-73.9834.tif,2,21.92563247680664,2.0,2.0,7.528838196788618,2.063614731669684,14.043872714282575,3.26679741299522
SV_NewYork_40.7358_-73.9834.tif,3,14.615408897399902,2.0,2.0,8.167881632126074,2.2831640165625067,14.847470790429607,2.0
SV_NewYork_40.7358_-73.9834.tif,4,14.838122367858887,2.98809062104454,2.6276435022650846,12.07848293237365,5.45613051496717,18.799231897964226,2.5221186320231572
SV_NewYork_40.7358_-73.9834.tif,5,12.819331169128418,2.0,2.7806963434218166,6.090164893228879,5.901267741751181,12.102383832454116,3.9365235501449676
SV_NewYork_40.7358_-73.9834.tif,6,76.13160705566406,4.274426664539347,4.769085037523608,10.720014773807552,8.980438653253124,16.213742979794876,9.11217807288219
SV_NewYork_40.7358_-73.9834.tif,7,58.9896125793457,5.521606122208557,2.6057006951090953,19.48442010956441,8.856805658091151,27.28795485993561,5.972559494773434
SV_NewYork_40.7358_-73.9834.tif,8,36.1419563293457,9.288070376981995,10.49435315969651,21.011298833622735,19.227150960722554,27.587165289673496,17.861631886936262
SV_NewYork_40.7334_-73.9935.tif,0,55.743614196777344,6.391109524298869,10.89450648187901,12.901137582369444,11.67324619072402,17.745365016950448,12.371767567600216
SV_NewYork_40.7334_-73.9935.tif,1,69.70257568359375,6.563252197788984,11.107576946775568,14.457168088854148,9.943753849928056,19.441946117022773,10.179311609156567
SV_NewYork_40.7334_-73.9935.tif,2,50.074073791503906,5.784673512788474,6.377494423655,16.39874847101406,11.675280252054721,22.34248373341782,12.371318491795197
SV_NewYork_40.7334_-73.9935.tif,3,42.41777420043945,6.423905709800617,5.060684572632175,15.742860346917704,10.748560309334549,21.35694322089387,10.786545396467414
SV_NewYork_40.7334_-73.9935.tif,4,42.54972457885742,11.79354424752066,11.760464292855376,16.831947615315723,18.382194193601492,19.810305681134967,21.49451293742913
SV_NewYork_40.7334_-73.9935.tif,5,64.7459945678711,3.5001084016978474,2.0402971364835496,14.064157191688611,5.820705075735071,20.637153093498274,5.403435790514142
SV_NewYork_40.7334_-73.9935.tif,6,51.420902252197266,3.612497241254532,6.134083595929933,10.030352212982438,9.922426431490292,14.94103352466214,9.6483811897127
SV_NewYork_40.7334_-73.9935.tif,7,39.279937744140625,4.177666945862344,2.7072378204967076,12.737973121266709,7.147780112061247,18.471608070071554,6.035507428140497
SV_NewYork_40.7334_-73.9935.tif,8,41.071632385253906,5.145511301872513,3.568612885676035,13.432352408588944,10.921728329920997,19.158360960635726,9.486499933582536
SV_NewYork_40.7334_-73.9935.tif,9,38.34010314941406,4.643989227946416,3.7961655955630356,13.182236220182535,8.609331961550517,18.885655822570975,5.796241662193838
SV_NewYork_40.7334_-73.9935.tif,10,19.728343963623047,16.01548961982899,41.22340304126293,23.48103985404835,23.04485713752527,27.578208072675956,24.540783830674496
SV_NewYork_40.7334_-73.9935.tif,11,69.52324676513672,13.917971798982444,13.38044328953013,25.9132928147906,22.722862067086712,31.255078965484813,21.525220432493136
SV_NewYork_40.7334_-73.9935.tif,12,47.86417770385742,5.068980756193718,3.42702039078691,14.919216371209425,7.767215436969072,21.14161082791831,6.904956102716833
SV_NewYork_40.7344_-73.9902.tif,0,85.64794158935547,8.861430890646611,8.359133027452483,16.96127631779476,11.994029458880874,22.054955647073964,12.823802771419809
SV_NewYork_40.7344_-73.9902.tif,1,47.743099212646484,2.702468343584954,4.6706115929998715,8.86573967362876,9.591338046202983,14.395141209883068,7.213442950623129
SV_NewYork_40.7344_-73.9902.tif,2,42.9913215637207,17.51377678219417,16.997451192666553,35.14722317293583,27.55807901153727,41.51625819327613,26.857531535959644
SV_NewYork_40.7344_-73.9902.tif,3,37.99941635131836,5.646034372753762,6.332857113273364,13.3397968386926,11.620786293164787,18.764981426568312,8.650739309451382
SV_NewYork_40.7344_-73.9902.tif,4,33.11193084716797,4.763359262701247,2.0,13.791655562252295,5.71920766431166,19.93020322244802,3.591012727067489
SV_NewYork_40.7344_-73.9902.tif,6,23.516355514526367,3.7399871542898833,8.450495164812414,10.080802593559483,11.679332779233244,15.10273860533276,11.046560222053083
SV_NewYork_40.7344_-73.9902.tif,7,19.369443893432617,4.186714977314823,5.945705216084446,15.114609882999174,3.586946023417673,21.938560255856917,7.168057802930359
SV_NewYork_40.7344_-73.9902.tif,9,87.78710174560547,7.02063945355282,9.995498819667379,15.834909829061733,14.777175943669924,21.599781745918104,14.371367519227958
SV_NewYork_40.7387_-73.9989.tif,0,27.57177734375,2.8582885815800516,5.5598417238010205,11.21957892004389,7.293790567984744,17.288549300243886,7.4465215258369355
SV_NewYork_40.7387_-73.9989.tif,1,45.21019744873047,4.104839258081093,3.0935379148072886,12.494632984765744,6.017876022953229,18.561981603782222,11.20794670744123
SV_NewYork_40.7387_-73.9989.tif,2,17.90407371520996,5.930522201566003,6.911471335747423,18.79058713991434,8.243940148411273,26.1956626742734,7.443055712940666
SV_NewYork_40.7387_-73.9989.tif,3,64.51068878173828,4.852093315028627,6.224222505928624,11.867417565428502,9.020367338985386,17.1891481976768,8.895242302446896
SV_NewYork_40.7387_-73.9989.tif,4,17.40943145751953,2.394756947479232,3.5761889826223228,7.999595079695851,4.313602078027512,13.27075758738853,8.715883846765715
SV_NewYork_40.7387_-73.9989.tif,5,23.220827102661133,5.568233977920736,6.182978813578351,15.605988596349668,10.474496373411235,22.007228389790082,10.116562410983908
SV_NewYork_40.7387_-73.9989.tif,6,17.870988845825195,2.3189193292849968,4.893536071448602,8.712426676734303,8.281109323790895,13.986259050073336,6.029303350476207
SV_NewYork_40.7387_-73.9989.tif,7,54.36688995361328,4.976305249482904,2.4204694737860537,15.132707085124686,4.757419248069771,21.73769999682471,6.87356521267111
SV_NewYork_40.7387_-73.9989.tif,8,46.0888671875,6.792243343511076,7.318016518249837,13.613290976730859,11.973874498657729,18.81077876326048,13.616438282182994
SV_NewYork_40.7387_-73.9989.tif,9,21.388559341430664,3.3154563383279267,6.4364767679321115,9.987239849331294,10.285127030290534,15.251465366923814,6.540072810921829
SV_NewYork_40.7387_-73.9989.tif,10,69.34188842773438,3.7442348355287187,2.0,12.947860134314663,7.457528451147467,19.35791836805337,7.757478475189073
SV_NewYork_40.7387_-73.9989.tif,11,61.36337661743164,3.602919453116913,2.0,12.730587870447085,5.920614074568699,19.29525330387989,5.818152253616857
SV_NewYork_40.7373_-73.9989.tif,0,23.217893600463867,6.655642119343348,5.2696632911936065,19.89822582590756,7.30107134913072,27.503374257597745,11.169760575182922
SV_NewYork_40.7373_-73.9989.tif,1,37.61014175415039,8.349469856689907,11.64469653336433,16.487341414369794,11.654587758563112,21.87935788822637,11.455165195341397
SV_NewYork_40.7373_-73.9989.tif,2,22.01664161682129,4.988596981377736,7.420104871660541,15.684640726773955,7.669419192532087,22.484034759565304,6.894136160064144
SV_NewYork_40.7373_-73.9989.tif,3,20.093990325927734,6.072923325193733,5.352170407852814,16.29406553018495,8.496452631106374,22.840218332689613,7.177205590210865
SV_NewYork_40.7373_-73.9989.tif,4,0.0,3.7542557662419576,2.0,13.60359309457209,2.0,20.212613485624377,2.0
SV_NewYork_40.7373_-73.9989.tif,5,20.60881805419922,3.008386932064134,2.0,15.865694285684079,2.0,24.129698534322387,2.0
SV_NewYork_40.7358_-73.9902.tif,0,27.158740997314453,4.276393784171639,4.519308337103397,14.46887166744396,5.748514671455033,21.028098876918644,3.4768644579908075
SV_NewYork_40.7358_-73.9902.tif,1,47.725921630859375,4.933306587036619,3.5560608175318666,15.18447652613415,7.263266724165438,21.492152628924874,6.560529763751412
SV_NewYork_40.7358_-73.9902.tif,2,55.55638122558594,4.675123629532181,6.820920612265967,13.561097784434889,6.989565407843737,19.762296120055975,5.685605709937318
SV_NewYork_40.7358_-73.9902.tif,3,45.902099609375,3.6106055214496084,2.514748067791885,13.650616774176545,4.857135629855203,20.193124577846614,4.3890923491549945
SV_NewYork_40.7358_-73.9902.tif,5,18.643247604370117,2.0,2.5065924284326266,11.489442173216567,4.434672085703363,18.05555709872861,2.0
SV_NewYork_40.7358_-73.9902.tif,6,92.00213623046875,8.890607785912586,13.139370846904026,13.26060537151788,15.828871126394747,17.26485544973907,16.034662275611097
SV_NewYork_40.7358_-73.9902.tif,7,0.0,4.157584167031932,2.413047912766301,12.038758845453817,5.531964681346943,18.024669698553286,7.529098493277334
SV_NewYork_40.7358_-73.9902.tif,8,43.01525115966797,5.92870381665469,5.2691641045091675,15.548222191130677,7.853542797453271,21.79075084840423,6.1450534895486975
SV_NewYork_40.7386_-73.9871.tif,0,81.68815612792969,5.4725200249817085,3.341627407586509,16.56252227497386,7.726633968636782,23.61615356031899,7.076372554472177
SV_NewYork_40.7386_-73.9871.tif,1,17.864980697631836,5.0527536558253985,4.676057600963597,15.39129479800901,5.052061642311357,22.362232769721697,5.34717890138934
SV_NewYork_40.7386_-73.9871.tif,2,19.785856246948242,2.8904259734288917,2.0,11.670845030594187,6.550973328141336,18.271538568373426,6.404055534440583
SV_NewYork_40.7386_-73.9871.tif,3,19.839452743530273,3.113280602740236,2.0,10.73662833521509,8.892702697892272,17.045759218757528,5.02262569201624
SV_NewYork_40.7386_-73.9871.tif,4,24.72319793701172,7.074899563702031,11.15783978219536,14.786682316981125,11.516682899502413,20.278585569793744,18.268848390756915
SV_NewYork_40.7386_-73.9871.tif,5,50.5802116394043,5.631359513865403,3.7961639436037515,15.145807415260506,6.507139425776793,21.77239930854338,4.701063332061393
SV_NewYork_40.7386_-73.9871.tif,6,16.419944763183594,3.719342654806381,2.0,11.859074514811702,6.435579981548247,18.154396136630563,8.48422124163156
SV_NewYork_40.7388_-74.0089.tif,0,18.47488021850586,4.263072013049822,14.65408895750322,12.553624468431602,11.2110862198461,18.40626897409089,11.833687049125052
SV_NewYork_40.7388_-74.0089.tif,1,44.997310638427734,4.310742208759864,6.207396782939552,13.325909949566222,6.959209861489495,19.487466769667872,12.642873536497554
SV_NewYork_40.7388_-74.0089.tif,2,16.38588523864746,2.0,5.123805881750236,7.955565416152897,5.365988292764162,14.303174840909726,7.258150787859986
SV_NewYork_40.7388_-74.0089.tif,3,28.02398681640625,9.098180942440631,9.564300452341792,22.793613455481207,8.703267144558284,29.782250525381137,10.58296528425759
SV_NewYork_40.7388_-74.0089.tif,5,48.55335998535156,5.706145558094409,8.556622786186018,16.260967173920296,8.905141758805131,22.220735678098706,12.040451443058124
SV_NewYork_40.7388_-74.0089.tif,6,29.07294464111328,9.250920950920026,11.82242848849772,15.815149117992117,17.7673254039316,20.555473985830087,19.71228053556246
SV_NewYork_40.7388_-74.0089.tif,7,13.55699348449707,4.052872645388371,2.8546979596394095,14.966711445352269,4.015654294756337,21.97748040891044,6.516455027669786
SV_NewYork_40.7388_-74.0089.tif,8,31.36598014831543,2.8651009067900883,3.030534605770225,10.262464874855135,4.346551084559475,15.92919674323645,9.671416537168005
SV_NewYork_40.7388_-74.0089.tif,9,52.34554672241211,3.810488575711341,5.573800968951231,12.982181756472455,4.648732128955715,19.236059596090286,8.993698949899864
SV_NewYork_40.7388_-74.0089.tif,10,14.470040321350098,5.527633061351576,10.896850318739006,14.210416691862875,11.383677391804689,20.232403942297196,12.080085581814924
SV_NewYork_40.7344_-73.9835.tif,0,38.86619186401367,7.165522137602501,11.196849388633195,16.04900752117426,12.957549654238672,21.40148977616883,13.418268443666213
SV_NewYork_40.7344_-73.9835.tif,1,38.18266296386719,9.877411257900825,15.26128185176772,17.285598818000242,15.183093161821832,21.595309488423176,16.5801763023855
SV_NewYork_40.7344_-73.9835.tif,2,28.736648559570312,6.188081229997922,9.868445459761299,15.189503048969081,9.112515017740218,20.96998793189697,9.661124009570885
SV_NewYork_40.7344_-73.9835.tif,3,19.296733856201172,8.365719837193756,11.279379869312521,17.795246662424663,12.916298600354262,23.4559227667923,11.61494256032365
SV_NewYork_40.7344_-73.9835.tif,4,38.381649017333984,15.322267084814063,14.307244864713025,24.663587198301865,17.085601868834903,29.823120131549565,21.477888405244673
SV_NewYork_40.7344_-73.9835.tif,5,22.660940170288086,2.887069906580626,5.104753976453042,11.502779254527848,2.3127475512345197,17.710928819182467,8.007314560024398
SV_NewYork_40.7344_-73.9835.tif,6,22.341428756713867,5.221017227764415,5.654730453376005,14.365217975202416,8.241272593040113,20.28326868558853,9.247613689119914
SV_NewYork_40.7344_-73.9835.tif,7,39.88167953491211,12.92393156411124,17.977288868102157,20.262901614525436,17.172720132921086,24.229508973871546,17.800595411099476
SV_NewYork_40.7344_-73.9835.tif,8,25.513689041137695,6.573199609109626,10.685678135350072,15.285401547697088,8.085710327921786,20.62530267003825,15.563449113460647
SV_NewYork_40.7344_-73.9835.tif,9,22.702835083007812,6.0375669664853255,6.889144777448719,15.876949623978115,13.075766006525368,22.077853587733163,12.106399957686312
SV_NewYork_40.7344_-73.9835.tif,10,37.740962982177734,6.270338864742575,9.487754726147667,13.172719680821798,14.176781131257671,17.874770417096407,17.43588710991531
SV_NewYork_40.7373_-74.0034.tif,0,21.644901275634766,5.274123872421091,6.0457923824901725,17.64187806134714,11.434899741832336,25.30599120614044,10.94579750391258
SV_NewYork_40.7373_-74.0034.tif,1,16.170902252197266,2.0,3.7134009500507648,12.294719276265376,2.0,19.997710608756954,6.537764223889153
SV_NewYork_40.7402_-74.0089.tif,0,0.0,3.7256468102471922,3.206514119363983,12.630741206387016,5.174464323247331,18.61190475929626,5.837095650173366
SV_NewYork_40.7402_-74.0089.tif,1,42.5877685546875,4.320229169253486,6.582179061091946,10.49478822347487,9.899757530628705,15.198058422209275,11.868307908207454
SV_NewYork_40.7402_-74.0089.tif,2,10.016590118408203,2.0,2.7595275415143057,3.7449519872383608,2.0256093653369525,8.292613803227354,8.664981166941653
SV_NewYork_40.7402_-74.0089.tif,3,7.431272983551025,2.0,5.815979993373263,7.331247070481481,2.0,12.864786107816201,8.08376094568313
SV_NewYork_40.7402_-74.0089.tif,5,13.49400520324707,2.0,2.4892928148091404,4.7426561401636125,4.474932444548788,9.56019608526083,7.716362383302404
SV_NewYork_40.7402_-74.0089.tif,6,21.157075881958008,2.0,4.225946654873277,8.271716225653773,4.007345577065068,14.148267337558146,6.579100084416145
SV_NewYork_40.7402_-74.0089.tif,7,24.99283218383789,5.543671985503092,8.455927761410392,10.742951679512156,10.718594530363521,15.246336242193252,13.752574137781568
SV_NewYork_40.7402_-74.0089.tif,8,51.8096923828125,2.977930962126706,4.905339676499974,7.8887491463520245,7.919052984920003,12.434583045057936,12.58101750751517
SV_NewYork_40.7402_-74.0089.tif,9,16.511877059936523,3.233323278147605,8.143227131743561,7.774947114125437,11.062555932326752,12.186635666709865,11.363908050636983
SV_NewYork_40.7402_-74.0089.tif,10,51.71577453613281,5.078199620660695,6.965765765304059,9.74958902119779,8.165494465258119,13.962652217606545,8.813011286407141
SV_NewYork_40.7402_-74.0089.tif,11,14.957468032836914,2.0,4.326839016241194,5.533261896733299,6.688752112686559,10.072755220599483,9.114569366420042
SV_NewYork_40.7402_-74.0089.tif,12,26.848461151123047,6.005480046868129,7.93422390512042,11.386759334044118,10.47632450292202,15.698029938922483,13.54934804609787
SV_NewYork_40.7402_-74.0089.tif,13,12.648454666137695,2.0,3.4191841243221823,9.250097096167313,6.829296975480584,14.689662766282478,5.527934914190086
SV_NewYork_40.7402_-74.0089.tif,14,33.126285552978516,2.507275249896475,4.366582404386764,7.525044927762462,5.030610896627679,12.40384182045871,9.70088554455724
SV_NewYork_40.7402_-74.0089.tif,15,12.781063079833984,2.0,4.105022128718772,7.88188235329531,5.463877199758917,13.096089292767136,9.64787392100737
SV_NewYork_40.7402_-74.0089.tif,16,18.895614624023438,2.0,4.64295769040887,5.001222533379373,5.130819879586579,9.593771449413142,8.67084833278001
SV_NewYork_40.7402_-74.0089.tif,17,21.590394973754883,5.195775604950415,7.051230537199893,15.72932208650826,14.842922959959942,21.595451582820697,18.834675907341662
SV_NewYork_40.7333_-73.9798.tif,0,36.421730041503906,3.8061797005935096,3.6021472877174037,14.072508188195892,7.756816980541784,19.71941309941133,4.261382320352466
SV_NewYork_40.7333_-73.9798.tif,1,38.61141586303711,13.559171988148215,13.825929973500594,21.37988707684039,18.58341708211947,25.347680221385335,22.254398689525438
SV_NewYork_40.7333_-73.9798.tif,2,39.01103210449219,4.909340975790379,6.95564409287578,15.656645999074378,8.661279114527511,21.796763111748422,9.796102220996532
SV_NewYork_40.7333_-73.9798.tif,3,41.17789840698242,15.88828888952771,14.853434170839668,20.70522752486915,21.082116520491457,23.319725304563985,26.195917490255738
SV_NewYork_40.7333_-73.9798.tif,4,43.92662811279297,17.90846880358661,15.53375608533212,20.8459746105133,22.541108038909158,22.293366725683914,27.532371012452522
SV_NewYork_40.7333_-73.9798.tif,5,41.819419860839844,18.01014038169137,15.862067049004239,26.6051004083115,22.71176313737008,30.31103343417172,28.38420275225513
SV_NewYork_40.7333_-73.9798.tif,6,42.11747360229492,17.110088763249173,19.482583777664846,25.281546532913364,19.89913185928021,29.07729079655251,25.74962231103144
SV_NewYork_40.7333_-73.9798.tif,7,41.43988800048828,21.064303872304173,18.571297555746856,27.340161610132263,27.59439789326397,29.975582758481607,29.391645416764984
SV_NewYork_40.7333_-73.9798.tif,8,39.44182205200195,12.976874557880125,13.375243990807997,20.509451264725918,21.185923631853168,24.648061603676467,24.79840638663277
SV_NewYork_40.7333_-73.9798.tif,9,38.28639602661133,15.718333134936934,13.311780035699265,27.232461519782944,19.36916457373128,32.35405674941462,21.963904714668615
SV_NewYork_40.7333_-73.9798.tif,10,39.74885559082031,21.116959707063344,20.50507365189701,30.097004610148538,28.00737620447182,33.34310099194154,30.559197741984704
SV_NewYork_40.7333_-73.9798.tif,11,41.587154388427734,19.684368503397327,13.070239010005295,28.528801136468466,28.20652640441119,32.38740003485195,33.2743013719156
SV_NewYork_40.7333_-73.9798.tif,12,41.665626525878906,20.099075881625666,18.835542342817842,29.051716303830347,25.16409810892885,32.4987611124755,29.852057843133355
SV_NewYork_40.7333_-73.9798.tif,13,39.283531188964844,8.501230022077479,11.129260204115715,15.924599944387575,18.163621189032337,19.607809800809736,25.032911723329537
SV_NewYork_40.7401_-73.9971.tif,0,33.876834869384766,5.483013379347149,8.145176501003933,10.27028285743351,11.429300300220383,14.765577546551901,9.639796290619412
SV_NewYork_40.7401_-73.9971.tif,1,57.57923126220703,2.0,2.261380167522746,10.477583215964035,3.30250550577559,16.963933108577997,2.1578833129936985
SV_NewYork_40.7401_-73.9971.tif,2,53.660457611083984,2.743966399822975,2.0,9.36852954616004,5.533764684732071,14.990545588020973,7.706622425838024
SV_NewYork_40.7401_-73.9971.tif,3,25.865238189697266,2.0,2.1865199406342217,5.660888972559318,6.152921418329385,10.678364136079304,7.218898381619581
SV_NewYork_40.7401_-73.9971.tif,4,25.959911346435547,3.458890402463455,2.409591833471243,10.050169258934345,6.553473754028622,15.347279979038808,10.498933695385501
SV_NewYork_40.7401_-73.9971.tif,5,25.832080841064453,4.082672720899462,5.398187782505661,8.659403707735622,8.700013123434125,13.299804186738028,10.798838692435126
SV_NewYork_40.7401_-73.9971.tif,6,28.889060974121094,2.0,2.0,7.845613432014831,2.0,13.72837102887677,3.2044845740773455
SV_NewYork_40.7401_-73.9971.tif,7,27.577383041381836,2.0,3.615093722229959,7.325933296899981,4.769626530226005,12.95410542680417,5.655023958207249
SV_NewYork_40.7401_-73.9971.tif,9,16.997161865234375,4.669105912940178,5.3353176131406626,11.07661283196892,8.85164097058847,16.385077276432376,10.83846299962269
SV_NewYork_40.7401_-73.9971.tif,10,45.189910888671875,5.1897429088852105,5.461088936762851,13.667757364996923,12.670644371089617,19.592590815220696,9.462135285047513
SV_NewYork_40.7401_-73.9971.tif,11,90.8093032836914,4.252295904494539,4.396537023146275,15.303759496242916,14.938598830709319,22.316497561984402,13.248187316971082
SV_NewYork_40.7401_-73.9971.tif,12,99.75304412841797,3.786780577347506,2.5172080103329897,11.947607155480458,7.104518175717913,18.11935874521413,5.585214097623818
SV_NewYork_40.7358_-73.9816.tif,0,46.508270263671875,13.167365009518601,18.135509221904663,21.294920696057968,22.761517022365343,26.038037790791808,23.701210861724263
SV_NewYork_40.7358_-73.9816.tif,1,47.5201301574707,13.19814481722898,15.881078330710306,21.24388037186354,23.88596913961476,25.616231118181805,20.175916656019137
SV_NewYork_40.7358_-73.9816.tif,2,43.51930236816406,14.479610413540911,16.350696587709017,26.40982565524017,20.38489651830201,32.29709861267062,21.994765088392494
SV_NewYork_40.7358_-73.9816.tif,3,39.459903717041016,14.449789903772759,19.289319099715872,20.88683714833936,24.15578525631278,24.659431727525167,24.701665193603173
SV_NewYork_40.7358_-73.9816.tif,4,40.540245056152344,15.46997622685278,16.231872203053914,25.851772822637205,24.95758410731349,30.9523692994535,27.081879795453673
SV_NewYork_40.7358_-73.9816.tif,5,39.72715759277344,9.066556708116085,13.050716809752851,17.56166531093745,18.102475655517228,22.470227603372315,19.069044762285767
SV_NewYork_40.7358_-73.9816.tif,6,38.05388641357422,14.228480302347098,15.76398881746701,22.504919791104648,23.272068870360624,26.89353878390874,21.47968302424468
SV_NewYork_40.7358_-73.9816.tif,7,36.17812728881836,11.595436363890967,14.148558364728547,25.132387678520228,19.76856350467957,31.50495204008119,22.50651715441677
SV_NewYork_40.7372_-73.9834.tif,0,22.14824676513672,6.041079945671266,10.37788797138173,13.167981407558612,12.311064365497197,18.366538073055676,12.242074153887165
SV_NewYork_40.7372_-73.9834.tif,1,34.21418762207031,16.54982551095258,16.75012245032284,25.557057689476974,21.966589557559242,30.62116775187787,25.225481475861383
SV_NewYork_40.7372_-73.9834.tif,2,40.42259216308594,11.767599579100503,15.710615925952828,19.580368626137766,22.351554327862658,23.852069320210667,23.37659272333999
SV_NewYork_40.7372_-73.9834.tif,3,20.910446166992188,3.685044686350354,4.86712603954916,8.88301861903463,6.730633289458361,13.691559652792147,12.492094746053882
SV_NewYork_40.7372_-73.9834.tif,4,20.012670516967773,7.698947716321669,9.782977076696566,15.896838710581557,14.812586417386317,21.267118721271864,13.688383680343183
SV_NewYork_40.7372_-73.9834.tif,5,17.862199783325195,5.446619750931802,8.129223580075063,11.285882871530927,10.650674259938096,16.039450736066858,7.758424815558475
SV_NewYork_40.7372_-73.9834.tif,6,54.71051025390625,2.0,2.5309092202739434,6.033403682494143,6.123872897033817,11.429674002286028,6.021968596928416
SV_NewYork_40.7372_-73.9834.tif,7,11.468753814697266,4.768508344610421,7.341430186207175,11.368447041039332,9.866824802733465,16.667883248929108,7.453301637135172
SV_NewYork_40.7372_-73.9834.tif,8,21.57541847229004,8.926702795145838,15.053208107172209,12.221610199442283,10.818690072027989,15.559020051605485,19.49175385468489
SV_NewYork_40.7372_-73.9834.tif,10,21.240482330322266,7.336350966075672,7.516418780643415,16.843796251190604,14.763780408345875,22.37886569161557,12.185552009880723
SV_NewYork_40.7372_-73.9834.tif,11,18.696983337402344,5.380385443655134,5.965112884366504,13.061712324299222,13.366091513742699,18.333097297670648,13.591107674263258
SV_NewYork_40.7373_-74.0020.tif,0,16.19734764099121,5.511279827760545,7.414718920176245,14.90337266291947,7.023056293852654,21.324849382606516,13.73791529265861
SV_NewYork_40.7373_-74.0020.tif,1,24.332706451416016,5.448300948823601,3.407090034088069,18.769002368507202,8.384600960950008,26.700247984552778,8.20009075781099
SV_NewYork_40.7373_-74.0020.tif,2,17.88833236694336,4.398995274029614,4.40433946950793,16.719669414802098,7.419658640923973,24.41869233065233,8.444367560573149
SV_NewYork_40.7373_-74.0020.tif,3,23.318117141723633,5.98414906465365,7.391262419568251,15.126199422137816,8.351760881500665,21.308654755883904,9.986264168743629
SV_NewYork_40.7373_-74.0020.tif,4,11.465038299560547,3.619656797522847,5.9857595619648105,12.440370179399263,3.4312961579569046,18.929281692831182,11.125031840414286
SV_NewYork_40.7373_-74.0020.tif,5,11.617619514465332,2.0,3.3425765857460243,10.775571018337,3.29470850246924,17.814619002370613,5.495780767818973
