tile_id,city,split,positive_pct,negative_pct,positive_negative_ratio,components,largest_component_pct,median_component_size,mega_components_gt_5000px,target_min,target_max
SV_Barcelona_41.3925_2.1498.tif,Barcelona,train,65.38276672363281,34.61723327636719,1.8887346138164347,8,17.9779052734375,19150.5,7,0.0,44.684356689453125
SV_Barcelona_41.3787_2.1564.tif,Barcelona,train,58.031463623046875,41.968536376953125,1.3827373702485048,11,16.313552856445312,10540.0,8,0.0,44.465789794921875
SV_Barcelona_41.3863_2.1462.tif,Barcelona,train,72.52082824707031,27.479171752929688,2.639119872284306,8,20.36895751953125,16542.5,7,0.0,36.970706939697266
SV_Barcelona_41.3953_2.1531.tif,Barcelona,train,66.15104675292969,33.84895324707031,1.9543011055638826,8,20.449447631835938,18483.0,6,0.0,84.70072174072266
SV_Barcelona_41.3900_2.1443.tif,Barcelona,train,65.21682739257812,34.783172607421875,1.8749533899234498,12,18.507003784179688,11982.0,8,0.0,49.938148498535156
SV_Barcelona_41.3821_2.1533.tif,Barcelona,train,57.31391906738281,42.68608093261719,1.342684027560568,9,14.96734619140625,13008.0,6,0.0,36.17157745361328
SV_Barcelona_41.3821_2.1519.tif,Barcelona,train,64.99710083007812,35.002899169921875,1.8569062098127684,9,20.255279541015625,16630.0,7,0.0,35.44349670410156
SV_Barcelona_41.3849_2.1462.tif,Barcelona,train,65.34805297851562,34.651947021484375,1.885840727448865,9,20.557785034179688,11264.0,5,0.0,35.30915451049805
SV_Barcelona_41.3810_2.1481.tif,Barcelona,train,64.15481567382812,35.845184326171875,1.7897750250090458,7,19.750213623046875,26599.0,5,0.0,41.087074279785156
SV_Barcelona_41.3924_2.1443.tif,Barcelona,train,56.30035400390625,43.69964599609375,1.2883480568455603,12,19.7845458984375,4114.0,4,0.0,79.82062530517578
SV_Barcelona_41.3820_2.1463.tif,Barcelona,train,69.63386535644531,30.366134643554688,2.293142218258106,7,19.777679443359375,22638.0,7,0.0,36.79987716674805
SV_Barcelona_41.3911_2.1499.tif,Barcelona,train,66.78466796875,33.21533203125,2.0106578463800076,8,32.11555480957031,10602.5,4,0.0,39.64748764038086
SV_Barcelona_41.3910_2.1443.tif,Barcelona,train,62.27073669433594,37.72926330566406,1.6504625650877105,12,15.853500366210938,4303.5,6,0.0,60.8187255859375
SV_Barcelona_41.3939_2.1531.tif,Barcelona,train,74.04518127441406,25.954818725585938,2.852849101250753,8,20.5657958984375,18154.5,7,0.0,41.76752853393555
SV_Barcelona_41.3810_2.1463.tif,Barcelona,train,55.58815002441406,44.41184997558594,1.2516513060134167,8,18.004989624023438,11170.5,5,0.0,36.686851501464844
SV_Barcelona_41.3835_2.1481.tif,Barcelona,train,56.47697448730469,43.52302551269531,1.2976343859833646,11,19.138336181640625,5798.0,6,0.0,37.59534454345703
SV_Barcelona_41.3835_2.1533.tif,Barcelona,train,55.97686767578125,44.02313232421875,1.2715330491144154,12,17.156982421875,7508.0,7,0.0,37.021339416503906
SV_Barcelona_41.3773_2.1482.tif,Barcelona,train,36.676788330078125,63.323211669921875,0.579199749394571,5,14.6087646484375,13532.0,3,0.0,53.700462341308594
SV_Barcelona_41.3835_2.1500.tif,Barcelona,train,70.02410888671875,29.97589111328125,2.3360142529905827,9,18.73779296875,4369.0,4,0.0,44.89879608154297
SV_Barcelona_41.3834_2.1462.tif,Barcelona,train,56.21337890625,43.78662109375,1.283802620574296,10,17.108535766601562,5907.5,5,0.0,37.373748779296875
SV_Barcelona_41.3967_2.1498.tif,Barcelona,train,60.06965637207031,39.93034362792969,1.5043611177454024,12,25.989913940429688,6748.0,6,0.0,47.81041717529297
SV_Barcelona_41.3967_2.1517.tif,Barcelona,train,53.78150939941406,46.21849060058594,1.1636362135705973,10,20.066452026367188,12362.5,7,0.0,44.44394302368164
SV_Barcelona_41.3967_2.1479.tif,Barcelona,train,69.10934448242188,30.890655517578125,2.23722492528835,16,23.906707763671875,4108.5,7,0.0,47.08158874511719
SV_Barcelona_41.3938_2.1442.tif,Barcelona,train,47.141265869140625,52.858734130859375,0.8918349378635452,9,10.142135620117188,13440.0,7,0.0,79.89476776123047
SV_Barcelona_41.3953_2.1479.tif,Barcelona,train,57.0281982421875,42.9718017578125,1.327107449754989,16,17.381668090820312,4482.0,7,0.0,56.12532424926758
SV_Barcelona_41.3876_2.1443.tif,Barcelona,train,58.333587646484375,41.666412353515625,1.4000146485269076,11,18.729019165039062,4956.0,5,0.0,46.08482360839844
SV_Barcelona_41.3773_2.1463.tif,Barcelona,train,37.95661926269531,62.04338073730469,0.6117754837281654,8,11.801528930664062,10470.0,4,0.0,53.67024612426758
SV_Barcelona_41.3925_2.1517.tif,Barcelona,train,65.37284851074219,34.62715148925781,1.8879071970740198,9,16.490936279296875,13477.0,7,0.0,41.735740661621094
SV_Barcelona_41.3877_2.1532.tif,Barcelona,train,56.533050537109375,43.466949462890625,1.3005985291278326,10,17.918777465820312,8194.0,7,0.0,39.626861572265625
SV_Barcelona_41.3848_2.1444.tif,Barcelona,train,64.22462463378906,35.77537536621094,1.795218749666784,10,17.623519897460938,14910.0,7,0.0,36.33671951293945
SV_Barcelona_41.3810_2.1519.tif,Barcelona,train,66.06330871582031,33.93669128417969,1.9466632195407079,9,20.340347290039062,15898.0,6,0.0,45.98283767700195
SV_Barcelona_41.3863_2.1499.tif,Barcelona,train,62.55836486816406,37.44163513183594,1.670823527014498,8,19.366455078125,9955.5,7,0.0,52.22039031982422
SV_Barcelona_41.3863_2.1481.tif,Barcelona,train,70.068359375,29.931640625,2.34094616639478,8,20.568084716796875,15437.5,7,0.0,52.21965026855469
SV_Barcelona_41.3910_2.1461.tif,Barcelona,train,54.95452880859375,45.04547119140625,1.2199789980014226,12,11.578750610351562,13915.5,8,0.0,41.69118118286133
SV_Barcelona_41.3911_2.1480.tif,Barcelona,train,51.493072509765625,48.506927490234375,1.0615612073168814,14,10.944747924804688,2422.0,6,0.0,39.64753341674805
SV_Barcelona_41.3900_2.1532.tif,Barcelona,train,60.15586853027344,39.84413146972656,1.5097798925791535,9,17.5506591796875,17521.0,7,0.0,34.86908721923828
SV_Barcelona_41.3939_2.1480.tif,Barcelona,train,63.98277282714844,36.01722717285156,1.7764491564019191,12,17.708969116210938,3065.5,5,0.0,50.129512786865234
SV_Barcelona_41.3849_2.1518.tif,Barcelona,train,62.07847595214844,37.92152404785156,1.637024816666499,8,19.464874267578125,18581.5,7,0.0,41.56607437133789
SV_Barcelona_41.3953_2.1461.tif,Barcelona,train,54.72412109375,45.27587890625,1.2086815853329738,13,10.48126220703125,10366.0,9,0.0,56.13054275512695
SV_Barcelona_41.3835_2.1518.tif,Barcelona,train,64.05563354492188,35.944366455078125,1.782077133699828,11,18.729782104492188,7800.0,6,0.0,44.889854431152344
SV_Barcelona_41.3788_2.1599.tif,Barcelona,train,68.0816650390625,31.9183349609375,2.132995506262549,12,20.267105102539062,8742.5,7,0.0,38.57442092895508
SV_Barcelona_41.3877_2.1462.tif,Barcelona,train,56.04820251464844,43.95179748535156,1.275219802633292,14,20.011138916015625,1465.0,5,0.0,46.083778381347656
SV_Barcelona_41.3849_2.1481.tif,Barcelona,train,45.52001953125,54.47998046875,0.8355366345507507,9,14.049530029296875,8661.0,7,0.0,52.219627380371094
SV_Barcelona_41.3900_2.1480.tif,Barcelona,train,50.156402587890625,49.843597412109375,1.0062757343374509,13,15.966796875,2670.0,5,0.0,39.648521423339844
SV_Barcelona_41.3967_2.1531.tif,Barcelona,train,59.43336486816406,40.56663513183594,1.4650799770553775,8,12.548065185546875,21176.5,7,0.0,84.70072174072266
SV_Barcelona_41.3939_2.1461.tif,Barcelona,train,55.39894104003906,44.60105895996094,1.2420992310916104,10,17.259597778320312,13629.5,7,0.0,40.503318786621094
SV_Barcelona_41.3810_2.1533.tif,Barcelona,train,58.52203369140625,41.47796630859375,1.4109185888238973,10,19.001388549804688,6151.5,6,0.0,46.699710845947266
SV_Barcelona_41.3911_2.1517.tif,Barcelona,train,67.48619079589844,32.51380920410156,2.075616251921204,8,26.7974853515625,12275.5,5,0.0,38.0019645690918
SV_Barcelona_41.3810_2.1500.tif,Barcelona,train,69.10591125488281,30.894088745117188,2.236865175892427,8,20.551300048828125,20360.5,6,0.0,45.968597412109375
SV_Barcelona_41.3834_2.1444.tif,Barcelona,train,52.83699035644531,47.16300964355469,1.1203057386662354,9,12.19329833984375,15474.0,5,0.0,35.36091995239258
SV_Barcelona_41.3820_2.1444.tif,Barcelona,train,45.250701904296875,54.749298095703125,0.8265074344003009,11,14.650726318359375,5842.0,6,0.0,57.965946197509766
SV_Barcelona_41.3787_2.1583.tif,Barcelona,train,67.01507568359375,32.98492431640625,2.0316880233149837,11,19.001007080078125,7048.0,6,0.0,38.54380416870117
SV_Barcelona_41.3877_2.1518.tif,Barcelona,train,63.38157653808594,36.61842346191406,1.730865792297355,9,17.026519775390625,14406.0,6,0.0,39.621639251708984
SV_Barcelona_41.3862_2.1443.tif,Barcelona,train,58.77342224121094,41.22657775878906,1.4256197200040712,8,16.105270385742188,15252.5,6,0.0,36.33671951293945
SV_Barcelona_41.3787_2.1500.tif,Barcelona,train,59.62257385253906,40.37742614746094,1.476631364138804,8,20.072174072265625,10593.0,6,0.0,42.46990203857422
SV_Barcelona_41.3774_2.1599.tif,Barcelona,train,60.86921691894531,39.13078308105469,1.555532808859513,10,17.85430908203125,8899.0,7,0.0,39.471256256103516
SV_Barcelona_41.3939_2.1498.tif,Barcelona,train,71.57173156738281,28.428268432617188,2.51762543107497,11,20.042800903320312,5807.0,7,0.0,44.8876838684082
SV_Barcelona_41.3821_2.1481.tif,Barcelona,train,73.05908203125,26.94091796875,2.711826008155868,9,20.577239990234375,14871.0,7,0.0,37.40327835083008
SV_Barcelona_41.3849_2.1499.tif,Barcelona,train,50.05645751953125,49.94354248046875,1.0022608536250037,9,20.425796508789062,8657.0,6,0.0,52.22036361694336
SV_Barcelona_41.3953_2.1498.tif,Barcelona,train,57.31620788574219,42.68379211425781,1.342809648503481,14,17.853546142578125,7949.5,8,0.0,48.04024887084961
SV_Barcelona_41.3787_2.1533.tif,Barcelona,train,60.08110046386719,39.91889953613281,1.5050790768789717,9,17.83294677734375,12844.0,6,0.0,44.555580139160156
SV_Barcelona_41.3774_2.1564.tif,Barcelona,train,59.51080322265625,40.48919677734375,1.4697946108912756,10,19.9676513671875,12407.0,8,0.0,44.25333786010742
SV_Barcelona_41.3786_2.1444.tif,Barcelona,train,43.26057434082031,56.73942565917969,0.7624429369566825,15,7.9376220703125,5888.0,9,0.0,79.89473724365234
SV_Barcelona_41.3809_2.1444.tif,Barcelona,train,42.3370361328125,57.6629638671875,0.7342154008997089,12,13.526153564453125,5273.0,6,0.0,79.54650115966797
SV_Barcelona_41.3953_2.1517.tif,Barcelona,train,62.03727722167969,37.96272277832031,1.6341630073253817,8,18.983840942382812,14701.5,6,0.0,44.407989501953125
SV_Barcelona_41.3863_2.1532.tif,Barcelona,train,49.38240051269531,50.61759948730469,0.9755974406704297,9,11.386871337890625,14248.0,7,0.0,41.72080612182617
SV_Barcelona_41.3863_2.1518.tif,Barcelona,train,53.35350036621094,46.64649963378906,1.1437835804417693,10,19.665908813476562,9999.0,7,0.0,41.56599807739258
SV_Barcelona_41.3939_2.1517.tif,Barcelona,train,74.34730529785156,25.652694702148438,2.898225943164751,8,20.213699340820312,19582.5,7,0.0,41.735740661621094
SV_Barcelona_41.3787_2.1482.tif,Barcelona,train,33.963775634765625,66.03622436523438,0.5143203743284617,6,19.4854736328125,7237.0,4,0.0,39.688819885253906
SV_Barcelona_41.3821_2.1500.tif,Barcelona,train,72.46360778808594,27.536392211914062,2.631557802867632,8,20.261001586914062,18535.5,6,0.0,37.395877838134766
SV_Barcelona_41.3911_2.1532.tif,Barcelona,train,66.87889099121094,33.12110900878906,2.019222574143392,9,17.598342895507812,10221.0,6,0.0,37.83015441894531
SV_Barcelona_41.3925_2.1532.tif,Barcelona,train,71.19979858398438,28.800201416015625,2.472197939018252,9,20.43914794921875,10872.0,8,0.0,41.76752853393555
SV_Barcelona_41.3900_2.1499.tif,Barcelona,train,66.95747375488281,33.04252624511719,2.02640298317921,8,26.918792724609375,14688.0,6,0.0,39.648475646972656
SV_Barcelona_41.3967_2.1442.tif,Barcelona,train,60.94322204589844,39.05677795410156,1.5603750549396884,27,8.700942993164062,2688.0,11,0.0,40.7003288269043
SV_Barcelona_41.3849_2.1532.tif,Barcelona,train,64.35470581054688,35.645294189453125,1.8054194045504164,10,18.595504760742188,12326.5,6,0.0,41.72090148925781
SV_Barcelona_41.3787_2.1463.tif,Barcelona,train,16.825485229492188,83.17451477050781,0.20229135421969666,9,6.519317626953125,3396.0,4,0.0,42.585426330566406
SV_Barcelona_41.3900_2.1517.tif,Barcelona,train,63.054656982421875,36.945343017578125,1.7067010841507486,9,26.992034912109375,14398.0,6,0.0,33.80295181274414
SV_Barcelona_41.3900_2.1462.tif,Barcelona,train,53.68995666503906,46.31004333496094,1.1593588085569073,11,15.754318237304688,10456.0,8,0.0,46.9559211730957
SV_Barcelona_41.3953_2.1442.tif,Barcelona,train,58.248138427734375,41.751861572265625,1.3951027866605756,17,12.186050415039062,4673.0,8,0.0,50.58708572387695
SV_Barcelona_41.3774_2.1533.tif,Barcelona,train,53.859710693359375,46.140289306640625,1.167303272318402,10,12.189865112304688,11801.0,8,0.0,44.49263000488281
SV_Barcelona_41.3773_2.1445.tif,Barcelona,train,64.520263671875,35.479736328125,1.8185102356786513,18,13.263320922851562,6156.0,10,0.0,42.58491134643555
SV_Barcelona_41.3967_2.1461.tif,Barcelona,train,59.50584411621094,40.49415588378906,1.4694921481258183,20,12.163162231445312,2992.5,9,0.0,40.70156478881836
SV_Barcelona_41.3774_2.1519.tif,Barcelona,train,54.335784912109375,45.664215087890625,1.1898985848662558,10,17.664337158203125,10172.5,8,0.0,44.427921295166016
SV_Barcelona_41.3877_2.1480.tif,Barcelona,train,66.72592163085938,33.274078369140625,2.0053424437667666,10,20.306777954101562,3834.0,5,0.0,36.27164077758789
SV_Barcelona_41.3925_2.1461.tif,Barcelona,train,62.3382568359375,37.6617431640625,1.655214326229641,9,18.804168701171875,16307.0,6,0.0,41.70608901977539
SV_Barcelona_41.3877_2.1499.tif,Barcelona,train,69.67582702636719,30.324172973632812,2.2976991684802437,9,15.506362915039062,26442.0,6,0.0,39.53773880004883
SV_Barcelona_41.3774_2.1583.tif,Barcelona,train,59.600067138671875,40.399932861328125,1.4752516382452363,11,18.504714965820312,5780.0,6,0.0,42.57772445678711
SV_Barcelona_41.3774_2.1500.tif,Barcelona,train,51.8829345703125,48.1170654296875,1.0782647301325554,7,20.416259765625,16655.0,4,0.0,38.915374755859375
SV_Barcelona_41.3925_2.1480.tif,Barcelona,train,64.73426818847656,35.26573181152344,1.8356139193267493,9,20.643997192382812,14040.0,6,0.0,44.74966812133789
SV_Barcelona_41.3787_2.1519.tif,Barcelona,train,59.1400146484375,40.8599853515625,1.447382179401001,9,19.205856323242188,9475.0,8,0.0,44.47451400756836
SV_Berlin_52.5317_13.4851.tif,Berlin,train,17.714691162109375,82.28530883789062,0.21528376586650347,6,4.36859130859375,7990.0,5,0.0,15.824419975280762
SV_Berlin_52.5415_13.4359.tif,Berlin,train,17.218780517578125,82.78121948242188,0.20800346534197212,9,3.699493408203125,4304.0,4,0.0,26.469676971435547
SV_Berlin_52.5096_13.4825.tif,Berlin,train,33.412933349609375,66.58706665039062,0.5017931413774533,13,10.523223876953125,5160.0,7,0.0,68.30410766601562
SV_Berlin_52.5056_13.4951.tif,Berlin,train,30.951690673828125,69.04830932617188,0.44826138360054363,16,6.7989349365234375,2415.0,6,0.0,24.866798400878906
SV_Berlin_52.5040_13.4361.tif,Berlin,train,32.60345458984375,67.39654541015625,0.48375557517716045,11,9.461212158203125,5748.0,6,0.0,34.36915588378906
SV_Berlin_52.5054_13.4867.tif,Berlin,train,36.769866943359375,63.230133056640625,0.5815244277664491,13,11.808395385742188,2889.0,5,0.0,23.079118728637695
SV_Berlin_52.5046_13.5053.tif,Berlin,train,20.761489868164062,79.23851013183594,0.262012622822178,9,8.673095703125,3479.0,2,0.0,16.227733612060547
SV_Berlin_52.5109_13.4779.tif,Berlin,train,27.019119262695312,72.98088073730469,0.3702218853722918,11,6.1176300048828125,3827.0,5,0.0,36.3046875
SV_Berlin_52.5362_13.4577.tif,Berlin,train,12.916946411132812,87.08305358886719,0.148329047717088,44,0.8331298828125,699.0,0,0.0,16.56586456298828
SV_Berlin_52.4933_13.5057.tif,Berlin,train,13.401031494140625,86.59896850585938,0.1547481653113905,13,5.290985107421875,1082.0,2,0.0,68.06015014648438
SV_Berlin_52.5286_13.4557.tif,Berlin,train,26.837539672851562,73.16246032714844,0.3668211751333483,13,8.94927978515625,1435.0,5,0.0,58.92547607421875
SV_Berlin_52.5266_13.4954.tif,Berlin,train,27.224349975585938,72.77565002441406,0.37408597472441646,19,9.588241577148438,1586.0,6,0.0,27.099836349487305
SV_Berlin_52.5067_13.4291.tif,Berlin,train,30.310821533203125,69.68917846679688,0.4349430169799547,18,6.555938720703125,2604.5,5,0.0,27.892719268798828
SV_Berlin_52.4977_13.4317.tif,Berlin,train,31.7962646484375,68.2037353515625,0.46619535549689023,7,19.654083251953125,1216.0,3,0.0,33.908958435058594
SV_Berlin_52.4993_13.4907.tif,Berlin,train,4.1805267333984375,95.81947326660156,0.04362919760336007,9,1.41754150390625,698.0,0,0.0,25.138607025146484
SV_Berlin_52.4917_13.4910.tif,Berlin,train,21.185684204101562,78.81431579589844,0.26880502596717437,14,6.74896240234375,1530.0,3,0.0,25.72926902770996
SV_Berlin_52.5225_13.4623.tif,Berlin,train,53.23143005371094,46.76856994628906,1.1381881061329027,13,16.913986206054688,7591.0,10,0.0,13.507944107055664
SV_Berlin_52.5096_13.4359.tif,Berlin,train,33.36677551269531,66.63322448730469,0.5007528266781165,10,10.963058471679688,4000.0,4,0.0,99.18634033203125
SV_Berlin_52.5306_13.5021.tif,Berlin,train,5.7445526123046875,94.25544738769531,0.060946637796709634,6,3.3809661865234375,1577.5,1,0.0,19.907987594604492
SV_Berlin_52.5418_13.4598.tif,Berlin,train,14.066314697265625,85.93368530273438,0.1636880188218582,20,3.020477294921875,1247.0,2,0.0,11.69472599029541
SV_Berlin_52.5021_13.4906.tif,Berlin,train,35.675811767578125,64.32418823242188,0.5546251378823641,36,5.791473388671875,1338.5,4,0.0,24.49593162536621
SV_Berlin_52.5349_13.4430.tif,Berlin,train,30.821609497070312,69.17839050292969,0.4455381120172928,20,6.6280364990234375,993.0,6,0.0,34.4478759765625
SV_Berlin_52.5008_13.4953.tif,Berlin,train,23.905563354492188,76.09443664550781,0.3141565192979642,15,11.660003662109375,2702.0,2,0.0,27.635047912597656
SV_Berlin_52.5320_13.5062.tif,Berlin,train,7.2498321533203125,92.75016784667969,0.07816516478228502,4,3.3473968505859375,4888.5,2,0.0,17.39777374267578
SV_Berlin_52.5300_13.4579.tif,Berlin,train,15.3106689453125,84.6893310546875,0.18078627797196498,15,2.190399169921875,2218.0,3,0.0,31.765993118286133
SV_Berlin_52.4939_13.4341.tif,Berlin,train,48.57063293457031,51.42936706542969,0.9444143629607102,8,26.14593505859375,3046.5,3,0.0,31.461380004882812
SV_Berlin_52.5393_13.4848.tif,Berlin,train,31.91986083984375,68.08013916015625,0.46885716206826994,23,6.10809326171875,1084.0,5,0.0,24.129972457885742
SV_Berlin_52.5054_13.4401.tif,Berlin,train,25.905990600585938,74.09400939941406,0.3496367764489042,6,11.891555786132812,8444.0,4,0.0,33.69989776611328
SV_Berlin_52.5408_13.4870.tif,Berlin,train,28.596878051757812,71.40312194824219,0.4004989876001047,28,6.30645751953125,1376.0,3,0.0,20.976490020751953
SV_Berlin_52.5305_13.4975.tif,Berlin,train,17.230987548828125,82.76901245117188,0.2081816254482104,8,5.60760498046875,3958.0,4,0.0,15.188372611999512
SV_Berlin_52.4901_13.5020.tif,Berlin,train,45.322418212890625,54.677581787109375,0.8289031213808308,3,43.92814636230469,2871.0,1,0.0,16.22361946105957
SV_Berlin_52.5292_13.5063.tif,Berlin,train,41.76177978515625,58.23822021484375,0.7170854403018314,11,7.9914093017578125,8748.0,8,0.0,25.51158332824707
SV_Berlin_52.4900_13.4956.tif,Berlin,train,50.267791748046875,49.732208251953125,1.010769348776559,13,44.42024230957031,714.0,1,0.0,140.50625610351562
SV_Berlin_52.5084_13.4973.tif,Berlin,train,38.886260986328125,61.113739013671875,0.6362932724117698,19,9.978103637695312,1524.0,5,0.0,23.579795837402344
SV_Berlin_52.5172_13.4800.tif,Berlin,train,27.768707275390625,72.23129272460938,0.38444151043041985,10,13.924407958984375,239.0,3,0.0,24.986413955688477
SV_Berlin_52.5067_13.4757.tif,Berlin,train,36.493682861328125,63.506317138671875,0.5746464998378165,17,8.574295043945312,2324.0,6,0.0,24.55927848815918
SV_Berlin_52.5403_13.4553.tif,Berlin,train,10.486984252929688,89.51301574707031,0.11715597073124998,55,0.4627227783203125,503.0,0,0.0,12.93205451965332
SV_Berlin_52.4918_13.4956.tif,Berlin,train,31.851577758789062,68.14842224121094,0.46738540249766297,11,13.798141479492188,1261.0,3,0.0,125.21623992919922
SV_Berlin_52.4934_13.5089.tif,Berlin,train,12.584304809570312,87.41569519042969,0.14395932883855905,8,5.0861358642578125,1485.5,2,0.0,34.1231803894043
SV_Berlin_52.5046_13.5015.tif,Berlin,train,13.465499877929688,86.53450012207031,0.15560845511252178,13,1.73187255859375,2798.0,0,0.0,19.361970901489258
SV_Berlin_52.4917_13.4443.tif,Berlin,train,40.05126953125,59.94873046875,0.6680920382814091,15,12.259292602539062,3995.0,5,0.0,29.197139739990234
SV_Berlin_52.5299_13.4510.tif,Berlin,train,52.23884582519531,47.76115417480469,1.093751747162608,6,30.549240112304688,6477.0,4,0.0,23.227136611938477
SV_Berlin_52.5186_13.4822.tif,Berlin,train,30.9234619140625,69.0765380859375,0.44766953832560197,12,7.7159881591796875,4601.0,5,0.0,22.381946563720703
SV_Berlin_52.5388_13.4469.tif,Berlin,train,19.4305419921875,80.5694580078125,0.24116510738229613,13,5.838775634765625,3710.0,3,0.0,64.60811614990234
SV_Berlin_52.5393_13.4802.tif,Berlin,train,31.006622314453125,68.99337768554688,0.44941447070141877,21,5.7216644287109375,3133.0,4,0.0,23.44736099243164
SV_Berlin_52.4900_13.4461.tif,Berlin,train,35.48698425292969,64.51301574707031,0.5500748002861924,19,9.5916748046875,3728.0,7,0.0,29.19712257385254
SV_Berlin_52.5317_13.4805.tif,Berlin,train,18.822479248046875,81.17752075195312,0.23186812154021108,10,7.3566436767578125,2276.0,2,0.0,37.60906982421875
SV_Berlin_52.5366_13.4872.tif,Berlin,train,25.923919677734375,74.07608032226562,0.3499634371169909,15,6.348419189453125,2436.0,4,0.0,35.931671142578125
SV_Berlin_52.4981_13.5055.tif,Berlin,train,20.123291015625,79.876708984375,0.2519293955834034,17,2.7187347412109375,3262.0,1,0.0,33.810630798339844
SV_Berlin_52.5045_13.4974.tif,Berlin,train,34.34333801269531,65.65666198730469,0.523074688435058,12,9.679794311523438,5169.0,6,0.0,22.35702133178711
SV_Berlin_52.5291_13.4976.tif,Berlin,train,28.215408325195312,71.78459167480469,0.393056610992725,19,7.53936767578125,3093.0,5,0.0,37.3919792175293
SV_Berlin_52.4966_13.4954.tif,Berlin,train,9.521484375,90.478515625,0.1052347544522396,11,2.843475341796875,1026.0,1,0.0,17.106353759765625
SV_Berlin_52.4966_13.5018.tif,Berlin,train,21.36077880859375,78.63922119140625,0.2716300910025807,15,7.5489044189453125,2065.0,3,0.0,32.89998245239258
SV_Berlin_52.5238_13.4581.tif,Berlin,train,20.593643188476562,79.40635681152344,0.2593450199126629,20,6.021881103515625,2337.5,1,0.0,17.208099365234375
SV_Berlin_52.5291_13.4953.tif,Berlin,train,30.413436889648438,69.58656311035156,0.43705904603189394,26,7.0003509521484375,2068.0,4,0.0,37.39201736450195
SV_Berlin_52.5225_13.4729.tif,Berlin,train,23.557662963867188,76.44233703613281,0.30817559846099335,39,5.43670654296875,532.0,3,0.0,23.43791389465332
SV_Berlin_52.5158_13.4864.tif,Berlin,train,35.852813720703125,64.14718627929688,0.5589148301002629,11,16.300201416015625,5298.0,6,0.0,35.14565658569336
SV_Berlin_52.5006_13.4402.tif,Berlin,train,41.60194396972656,58.39805603027344,0.7123857675700745,12,13.113021850585938,5719.0,6,0.0,40.71295166015625
SV_Berlin_52.5081_13.4780.tif,Berlin,train,11.673736572265625,88.32626342773438,0.13216608649834588,12,2.8186798095703125,1670.0,2,0.0,65.60235595703125
SV_Berlin_52.5401_13.4359.tif,Berlin,train,17.263412475585938,82.73658752441406,0.208655118516845,9,6.1428070068359375,2568.0,3,0.0,26.448637008666992
SV_Berlin_52.5333_13.4974.tif,Berlin,train,22.13287353515625,77.86712646484375,0.28423899198526387,7,11.322021484375,2860.0,3,0.0,24.218612670898438
SV_Berlin_52.5082_13.4382.tif,Berlin,train,46.221160888671875,53.778839111328125,0.8594674346351913,14,15.864944458007812,2151.5,6,0.0,99.18211364746094
SV_Berlin_52.5380_13.4894.tif,Berlin,train,30.376052856445312,69.62394714355469,0.43628742843053997,14,7.1018218994140625,4709.0,7,0.0,34.61035919189453
SV_Berlin_52.5068_13.4867.tif,Berlin,train,14.022445678710938,85.97755432128906,0.16309426093129534,8,5.019378662109375,3476.5,2,0.0,22.952917098999023
SV_Berlin_52.5240_13.4729.tif,Berlin,train,16.783905029296875,83.21609497070312,0.20169061087528536,27,6.2908172607421875,582.0,2,0.0,37.55135726928711
SV_Berlin_52.5303_13.4851.tif,Berlin,train,41.064453125,58.935546875,0.6967688483844242,8,17.559814453125,10534.0,5,0.0,68.87139129638672
SV_Berlin_52.4939_13.4405.tif,Berlin,train,12.877273559570312,87.12272644042969,0.14780613607604637,13,1.8169403076171875,3026.0,0,0.0,26.48719024658203
SV_Berlin_52.5355_13.4913.tif,Berlin,train,19.855117797851562,80.14488220214844,0.2477403079559247,6,13.065338134765625,4475.0,3,0.0,69.5113525390625
SV_Berlin_52.5266_13.5000.tif,Berlin,train,31.06231689453125,68.93768310546875,0.4505854489917882,23,6.0779571533203125,1800.0,7,0.0,31.356569290161133
SV_Berlin_52.5299_13.4533.tif,Berlin,train,34.0728759765625,65.9271240234375,0.5168263667083276,8,11.75384521484375,7126.0,5,0.0,42.639949798583984
SV_Berlin_52.5069_13.4928.tif,Berlin,train,42.73109436035156,57.26890563964844,0.7461482611389024,18,6.478118896484375,5412.5,9,0.0,27.051931381225586
SV_Berlin_52.5387_13.4383.tif,Berlin,train,22.417068481445312,77.58293151855469,0.28894330289754594,14,8.691787719726562,1212.0,3,0.0,28.603351593017578
SV_Berlin_52.5071_13.5052.tif,Berlin,train,16.628265380859375,83.37173461914062,0.1994472761880359,13,2.8705596923828125,2526.0,4,0.0,18.421512603759766
SV_Berlin_52.5261_13.4581.tif,Berlin,train,25.079345703125,74.920654296875,0.3347454175152749,17,12.552261352539062,2032.0,2,0.0,22.343372344970703
SV_Berlin_52.4903_13.4444.tif,Berlin,train,40.03639221191406,59.96360778808594,0.6676781749591262,19,7.1643829345703125,4258.0,7,0.0,29.19562530517578
SV_Berlin_52.5265_13.4852.tif,Berlin,train,42.4163818359375,57.5836181640625,0.7366050135142297,18,8.344650268554688,2810.5,8,0.0,26.700185775756836
SV_Berlin_52.5238_13.4558.tif,Berlin,train,30.053329467773438,69.94667053222656,0.4296606148526677,29,2.515411376953125,2698.0,3,0.0,21.32398796081543
SV_Berlin_52.4980_13.4954.tif,Berlin,train,12.244415283203125,87.75558471679688,0.13952861601592725,10,3.324127197265625,2721.0,3,0.0,17.598377227783203
SV_Berlin_52.5359_13.4384.tif,Berlin,train,37.29362487792969,62.70637512207031,0.5947341846077101,12,7.016754150390625,6674.0,8,0.0,27.09429168701172
SV_Berlin_52.4938_13.4318.tif,Berlin,train,41.3970947265625,58.6029052734375,0.7064000416601572,6,20.405197143554688,7906.5,4,0.0,31.480993270874023
SV_Berlin_52.5081_13.4313.tif,Berlin,train,19.544601440429688,80.45539855957031,0.2429246736744283,9,5.7621002197265625,6355.0,5,0.0,39.77630615234375
SV_Berlin_52.4950_13.4387.tif,Berlin,train,22.173690795898438,77.82630920410156,0.2849125317988207,11,7.372283935546875,3850.0,4,0.0,25.90593719482422
SV_Berlin_52.5407_13.4824.tif,Berlin,train,34.621429443359375,65.37857055664062,0.5295531723711389,21,11.342620849609375,1748.0,4,0.0,23.44532585144043
SV_Berlin_52.4918_13.4979.tif,Berlin,train,5.8696746826171875,94.13032531738281,0.06235689362409172,6,2.606964111328125,1726.0,1,0.0,40.69546127319336
SV_Berlin_52.5098_13.5013.tif,Berlin,train,34.86328125,65.13671875,0.5352323838080959,16,8.401870727539062,4190.5,6,0.0,22.091079711914062
SV_Berlin_52.5360_13.4430.tif,Berlin,train,25.376129150390625,74.62387084960938,0.3400537771825255,16,8.986282348632812,831.0,4,0.0,34.44761276245117
SV_Berlin_52.4902_13.5090.tif,Berlin,train,27.962112426757812,72.03788757324219,0.388158417309617,14,15.547561645507812,1431.0,3,0.0,31.663286209106445
SV_Berlin_52.4994_13.4953.tif,Berlin,train,22.989273071289062,77.01072692871094,0.29852040083416304,16,8.568572998046875,2952.0,2,0.0,27.635047912597656
SV_Berlin_52.5240_13.4752.tif,Berlin,train,23.9532470703125,76.0467529296875,0.3149805369396846,16,3.6426544189453125,3796.0,6,0.0,69.43681335449219
SV_Berlin_52.5402_13.4428.tif,Berlin,train,17.23785400390625,82.76214599609375,0.20828186360368,10,5.0121307373046875,3696.5,3,0.0,22.63531494140625
SV_Berlin_52.5112_13.4949.tif,Berlin,train,34.487152099609375,65.51284790039062,0.5264181485751552,12,7.6702117919921875,8102.5,7,0.0,66.64924621582031
SV_Berlin_52.5351_13.4600.tif,Berlin,train,5.5233001708984375,94.47669982910156,0.058462035410736274,21,0.572967529296875,613.0,0,0.0,16.566179275512695
SV_Berlin_52.5290_13.4874.tif,Berlin,train,50.87242126464844,49.12757873535156,1.0355165586054276,12,10.36834716796875,7427.5,6,0.0,34.20183181762695
SV_Berlin_52.5055_13.4928.tif,Berlin,train,31.455230712890625,68.54476928710938,0.4589005264739601,19,7.3520660400390625,1852.0,5,0.0,27.051931381225586
SV_Berlin_52.5333_13.4997.tif,Berlin,train,15.238571166992188,84.76142883300781,0.17978190524624546,6,9.470367431640625,2176.0,2,0.0,13.74863052368164
SV_Berlin_52.5005_13.4293.tif,Berlin,train,25.355148315429688,74.64485168457031,0.3396771209697614,9,7.4588775634765625,3474.0,4,0.0,42.34807205200195
SV_Berlin_52.5096_13.4848.tif,Berlin,train,17.290878295898438,82.70912170410156,0.209056485423191,7,8.823394775390625,4100.0,3,0.0,36.201210021972656
SV_Berlin_52.5097_13.4904.tif,Berlin,train,18.799209594726562,81.20079040527344,0.23151510596017155,8,8.677291870117188,1242.0,3,0.0,20.89931869506836
SV_Berlin_52.5044_13.4868.tif,Berlin,train,38.368988037109375,61.631011962890625,0.6225597603396839,16,10.858154296875,2931.5,6,0.0,27.85736083984375
SV_Berlin_52.5054_13.4850.tif,Berlin,train,23.767852783203125,76.23214721679688,0.311782543860527,7,12.398529052734375,2169.0,3,0.0,23.200803756713867
SV_Berlin_52.5314_13.4579.tif,Berlin,train,23.4222412109375,76.5777587890625,0.30586219264336667,13,4.335784912109375,4384.0,5,0.0,34.41822052001953
SV_Berlin_52.4991_13.4316.tif,Berlin,train,18.522262573242188,81.47773742675781,0.22732912275444897,9,6.884002685546875,3125.0,3,0.0,25.98904037475586
SV_Berlin_52.4963_13.4340.tif,Berlin,train,43.00384521484375,56.99615478515625,0.7545043236152384,6,25.06256103515625,3296.0,2,0.0,34.05186462402344
SV_Berlin_52.5221_13.4435.tif,Berlin,train,30.351638793945312,69.64836120605469,0.43578396201096514,7,11.295318603515625,4699.0,3,0.0,26.045547485351562
SV_Berlin_52.5417_13.4552.tif,Berlin,train,12.287139892578125,87.71286010742188,0.14008367618534015,34,3.8295745849609375,215.5,2,0.0,15.428130149841309
SV_Berlin_52.5306_13.5062.tif,Berlin,train,29.129409790039062,70.87059020996094,0.4110225370459084,9,6.26983642578125,7657.0,7,0.0,19.760278701782227
SV_Berlin_52.5418_13.4616.tif,Berlin,train,1.834869384765625,98.16513061523438,0.018691661420566268,9,1.1447906494140625,223.0,0,0.0,11.574081420898438
SV_Berlin_52.5045_13.4951.tif,Berlin,train,27.6885986328125,72.3114013671875,0.38290778645283813,15,6.118011474609375,3605.0,6,0.0,21.62795639038086
SV_Berlin_52.5379_13.4848.tif,Berlin,train,28.897857666015625,71.10214233398438,0.4064273834433178,14,6.80389404296875,4027.0,4,0.0,25.834306716918945
SV_Berlin_52.5401_13.4382.tif,Berlin,train,11.28082275390625,88.71917724609375,0.12715202173950432,12,3.18603515625,1844.0,1,0.0,23.34754753112793
SV_Berlin_52.4994_13.4976.tif,Berlin,train,20.584869384765625,79.41513061523438,0.25920588715643045,17,2.2907257080078125,3530.0,2,0.0,27.63529396057129
SV_Berlin_52.5373_13.4383.tif,Berlin,train,33.25538635253906,66.74461364746094,0.49824824109689253,9,11.4990234375,8785.0,5,0.0,28.627544403076172
SV_Berlin_52.5203_13.5047.tif,Berlin,train,16.753768920898438,83.24623107910156,0.20125558483216863,14,6.655120849609375,1946.0,2,0.0,20.01260757446289
SV_Berlin_52.5223_13.4582.tif,Berlin,train,17.7154541015625,82.2845458984375,0.21529503393539295,13,3.6407470703125,3287.0,1,0.0,22.40442657470703
SV_Berlin_52.5306_13.5044.tif,Berlin,train,18.28460693359375,81.71539306640625,0.22375963998282075,8,6.2946319580078125,4555.0,4,0.0,19.908000946044922
SV_Berlin_52.4964_13.4404.tif,Berlin,train,12.187576293945312,87.81242370605469,0.13879102500054302,2,10.02044677734375,15974.5,2,0.0,29.62889289855957
SV_Berlin_52.5277_13.4953.tif,Berlin,train,36.12213134765625,63.87786865234375,0.5654874232615914,22,8.6029052734375,2940.0,7,0.0,37.4310302734375
SV_Berlin_52.5278_13.5045.tif,Berlin,train,19.234085083007812,80.76591491699219,0.23814606821176726,6,11.272048950195312,3725.0,2,0.0,20.595561981201172
SV_Berlin_52.5085_13.5074.tif,Berlin,train,25.117874145507812,74.88212585449219,0.33543217234932426,25,3.1864166259765625,2313.0,2,0.0,58.39692306518555
SV_Berlin_52.5133_13.4824.tif,Berlin,train,17.227554321289062,82.77244567871094,0.20813151260697843,13,3.296661376953125,3169.0,4,0.0,67.5896987915039
SV_Berlin_52.5171_13.4777.tif,Berlin,train,21.9207763671875,78.0792236328125,0.280750439710768,6,9.533309936523438,4256.0,3,0.0,25.656312942504883
SV_Berlin_52.5044_13.4905.tif,Berlin,train,41.162872314453125,58.837127685546875,0.6996071007144802,15,7.424163818359375,5722.0,8,0.0,24.106435775756836
SV_Berlin_52.5068_13.4803.tif,Berlin,train,7.5405120849609375,92.45948791503906,0.08155476798541116,9,2.773284912109375,1000.0,1,0.0,20.416906356811523
SV_Berlin_52.5407_13.4847.tif,Berlin,train,31.700897216796875,68.29910278320312,0.4641480769875225,33,4.370880126953125,1317.0,5,0.0,23.2802677154541
SV_Berlin_52.5099_13.5084.tif,Berlin,train,27.100372314453125,72.89962768554688,0.3717491182719176,16,6.1130523681640625,3161.0,5,0.0,60.77806854248047
SV_Berlin_52.5422_13.4893.tif,Berlin,train,27.647018432617188,72.35298156738281,0.38211304957584,19,4.132080078125,2917.0,6,0.0,33.4570426940918
SV_Berlin_52.4938_13.4295.tif,Berlin,train,28.559112548828125,71.44088745117188,0.39975864757205865,10,5.24444580078125,8893.0,6,0.0,26.4781551361084
SV_Berlin_52.5005_13.4316.tif,Berlin,train,28.596115112304688,71.40388488769531,0.40048402348528966,12,9.9700927734375,2500.0,3,0.0,34.384742736816406
SV_Berlin_52.5022_13.4952.tif,Berlin,train,24.141693115234375,75.85830688476562,0.3182471914632552,18,5.09033203125,2517.0,3,0.0,21.697566986083984
SV_Berlin_52.4966_13.4977.tif,Berlin,train,7.257080078125,92.742919921875,0.07824942415268181,8,1.453399658203125,2828.5,0,0.0,59.975608825683594
SV_Berlin_52.5158_13.4846.tif,Berlin,train,39.02778625488281,60.97221374511719,0.640091344198705,7,15.928268432617188,6196.0,4,0.0,44.99732208251953
SV_Berlin_52.4902_13.5081.tif,Berlin,train,29.193496704101562,70.80650329589844,0.41229965250653233,14,15.552139282226562,1862.5,3,0.0,31.721954345703125
SV_Berlin_52.4994_13.4999.tif,Berlin,train,14.698410034179688,85.30158996582031,0.17231109103674652,12,3.1536102294921875,2748.0,2,0.0,26.850492477416992
SV_Berlin_52.5172_13.4863.tif,Berlin,train,25.331878662109375,74.66812133789062,0.3392596225566829,12,4.7199249267578125,4773.0,6,0.0,31.755374908447266
SV_Berlin_52.5350_13.4532.tif,Berlin,train,39.36271667480469,60.63728332519531,0.649150399164554,16,14.485549926757812,4043.0,7,0.0,33.22189712524414
SV_Berlin_52.5333_13.4951.tif,Berlin,train,28.247833251953125,71.75216674804688,0.3936861356555765,11,15.529632568359375,986.0,2,0.0,24.22003936767578
SV_Berlin_52.4919_13.5019.tif,Berlin,train,9.511184692382812,90.48881530761719,0.10510895363199851,5,8.727264404296875,512.0,1,0.0,16.22156524658203
SV_Berlin_52.5354_13.4803.tif,Berlin,train,7.7152252197265625,92.28477478027344,0.08360236277431703,3,3.45458984375,6792.0,2,0.0,60.05291748046875
SV_Berlin_52.5236_13.4388.tif,Berlin,train,28.943634033203125,71.05636596679688,0.4073334407043539,21,5.507659912109375,2136.0,4,0.0,31.77640151977539
SV_Berlin_52.5275_13.4806.tif,Berlin,train,20.718765258789062,79.28123474121094,0.26133252498424203,8,6.3213348388671875,4788.5,4,0.0,34.178916931152344
SV_Berlin_52.5070_13.5014.tif,Berlin,train,34.282684326171875,65.71731567382812,0.5216689692002275,16,12.265396118164062,4093.0,4,0.0,22.044450759887695
SV_Berlin_52.5083_13.4904.tif,Berlin,train,17.224884033203125,82.77511596679688,0.20809253882667403,15,3.2222747802734375,2612.0,2,0.0,20.40009307861328
SV_Berlin_52.5203_13.5080.tif,Berlin,train,13.09356689453125,86.90643310546875,0.15066280396804496,11,2.9010772705078125,1938.0,2,0.0,14.515118598937988
SV_Berlin_52.5376_13.4617.tif,Berlin,train,0.0438690185546875,99.95613098144531,0.00043888271908834516,1,0.0438690185546875,115.0,0,0.0,2.399454355239868
SV_Berlin_52.5236_13.4434.tif,Berlin,train,32.830047607421875,67.16995239257812,0.48876091820856193,10,15.895462036132812,1793.0,2,0.0,26.045902252197266
SV_Berlin_52.5067_13.4337.tif,Berlin,train,21.10748291015625,78.89251708984375,0.2675473376786647,8,5.838775634765625,5675.5,4,0.0,63.821285247802734
SV_Berlin_52.5054_13.4804.tif,Berlin,train,20.2911376953125,79.7088623046875,0.25456564186990316,10,5.2745819091796875,3337.0,3,0.0,24.143354415893555
SV_Berlin_52.4995_13.5087.tif,Berlin,train,19.971847534179688,80.02815246582031,0.24956027246423787,20,1.6651153564453125,3048.0,0,0.0,33.9968376159668
SV_Berlin_52.5380_13.4871.tif,Berlin,train,32.67059326171875,67.32940673828125,0.4852351274787535,17,8.774948120117188,3609.0,5,0.0,26.861373901367188
SV_Berlin_52.5113_13.5050.tif,Berlin,train,29.298782348632812,70.70121765136719,0.41440279703678123,23,6.6097259521484375,2376.0,5,0.0,36.96713638305664
SV_Brasilia_-15.8359_-47.9151.tif,Brasilia,train,8.968353271484375,91.03164672851562,0.09851907104603702,3,5.23223876953125,9469.0,2,0.0,21.352367401123047
SV_Brasilia_-15.8345_-47.9151.tif,Brasilia,train,17.0623779296875,82.9376220703125,0.20572542959119844,6,6.679534912109375,5241.5,3,0.0,21.35401153564453
SV_Brasilia_-15.8516_-47.8859.tif,Brasilia,train,16.407012939453125,83.59298706054688,0.1962726003267407,29,1.834869384765625,1053.0,0,0.0,10.32684326171875
SV_Brasilia_-15.8489_-47.9153.tif,Brasilia,train,6.5265655517578125,93.47343444824219,0.06982267839288266,12,2.24456787109375,1029.0,1,0.0,12.510431289672852
GF2_Brasilia_-15.8667_-47.9277.tif,Brasilia,train,11.629486083984375,88.37051391601562,0.13159916773864921,7,8.650970458984375,533.0,1,0.0,15.183941841125488
SV_Brasilia_-15.8422_-47.9097.tif,Brasilia,train,5.590057373046875,94.40994262695312,0.05921047315043032,19,1.3889312744140625,455.0,0,0.0,14.268299102783203
SV_Brasilia_-15.8402_-47.8872.tif,Brasilia,train,21.20361328125,78.79638671875,0.2690937257939582,31,4.03594970703125,607.0,3,0.0,14.03657054901123
SV_Brasilia_-15.8378_-47.8828.tif,Brasilia,train,27.545928955078125,72.45407104492188,0.3801846957364137,51,2.7317047119140625,831.0,2,0.0,11.99360179901123
SV_Brasilia_-15.8516_-47.8819.tif,Brasilia,train,18.401718139648438,81.59828186035156,0.22551600009349945,31,2.7774810791015625,990.0,1,0.0,10.692963600158691
SV_Brasilia_-15.8378_-47.8842.tif,Brasilia,train,15.324783325195312,84.67521667480469,0.18098310139612833,14,2.8476715087890625,1926.0,4,0.0,12.993638038635254
SV_Brasilia_-15.8558_-47.8831.tif,Brasilia,train,11.002349853515625,88.99765014648438,0.1236251725231674,25,1.5323638916015625,749.0,0,0.0,9.51274299621582
GF2_Brasilia_-15.8695_-47.9308.tif,Brasilia,train,26.1444091796875,73.8555908203125,0.3539936366265857,8,16.743850708007812,1625.0,2,0.0,21.218759536743164
SV_Brasilia_-15.8425_-47.8872.tif,Brasilia,train,28.733444213867188,71.26655578613281,0.403182725710707,45,3.1665802001953125,1498.0,2,0.0,11.358845710754395
SV_Brasilia_-15.8492_-47.8923.tif,Brasilia,train,17.438125610351562,82.56187438964844,0.2112128114734026,19,5.1166534423828125,773.0,4,0.0,11.255260467529297
SV_Brasilia_-15.8424_-47.8951.tif,Brasilia,train,28.927230834960938,71.07276916503906,0.4070086360050023,27,8.770751953125,1365.0,3,0.0,9.826449394226074
GF2_Brasilia_-15.8666_-47.9337.tif,Brasilia,train,20.222854614257812,79.77714538574219,0.2534918304794602,11,8.728790283203125,355.0,3,0.0,18.86174964904785
GF2_Brasilia_-15.8695_-47.9294.tif,Brasilia,train,18.037796020507812,81.96220397949219,0.22007456052574015,7,8.747482299804688,811.0,3,0.0,14.62090015411377
GF2_Brasilia_-15.8652_-47.9351.tif,Brasilia,train,15.480422973632812,84.51957702636719,0.18315783772561303,7,8.50830078125,2380.0,2,0.0,17.411949157714844
GF2_Brasilia_-15.8681_-47.9277.tif,Brasilia,train,10.086822509765625,89.91317749023438,0.11218402898575319,5,6.8408966064453125,541.0,2,0.0,15.327392578125
SV_Brasilia_-15.8515_-47.8888.tif,Brasilia,train,12.868118286132812,87.13188171386719,0.14768553178261992,33,1.3347625732421875,417.0,0,0.0,9.300503730773926
SV_Brasilia_-15.8482_-47.8844.tif,Brasilia,train,26.453018188476562,73.54698181152344,0.3596751020492845,36,2.9148101806640625,1353.5,3,0.0,11.945225715637207
SV_Brasilia_-15.8467_-47.8887.tif,Brasilia,train,11.855316162109375,88.14468383789062,0.13449836843153037,25,1.924896240234375,572.0,1,0.0,10.326456069946289
SV_Brasilia_-15.8350_-47.8816.tif,Brasilia,train,27.294158935546875,72.70584106445312,0.37540531181464265,29,3.692626953125,2160.0,3,0.0,16.400022506713867
SV_Brasilia_-15.8489_-47.9124.tif,Brasilia,train,12.363815307617188,87.63618469238281,0.1410811681386653,22,2.2052764892578125,1371.5,1,0.0,12.947418212890625
SV_Brasilia_-15.8438_-47.8951.tif,Brasilia,train,28.582000732421875,71.41799926757812,0.4002072450298582,19,11.916351318359375,2076.0,2,0.0,19.550561904907227
GF2_Brasilia_-15.8666_-47.9352.tif,Brasilia,train,19.116592407226562,80.88340759277344,0.23634751522183076,13,8.531951904296875,264.0,3,0.0,17.413864135742188
SV_Brasilia_-15.8453_-47.8887.tif,Brasilia,train,18.741607666015625,81.25839233398438,0.23064211741951232,37,1.33514404296875,1279.0,0,0.0,10.555838584899902
SV_Brasilia_-15.8452_-47.8966.tif,Brasilia,train,38.994598388671875,61.005401611328125,0.6391991095659134,27,28.981399536132812,787.0,2,0.0,19.556264877319336
SV_Brasilia_-15.8478_-47.9124.tif,Brasilia,train,15.338516235351562,84.66148376464844,0.18117466825872441,27,2.318572998046875,1175.0,1,0.0,10.12459945678711
GF2_Brasilia_-15.8680_-47.9395.tif,Brasilia,train,2.294158935546875,97.70584106445312,0.023480263928473823,4,2.0496368408203125,274.5,1,0.0,7.637845039367676
GF2_Brasilia_-15.8681_-47.9294.tif,Brasilia,train,11.606216430664062,88.39378356933594,0.13130127438837558,6,10.225296020507812,654.5,1,0.0,21.16014862060547
SV_Brasilia_-15.8450_-47.9109.tif,Brasilia,train,0.2529144287109375,99.74708557128906,0.0025355570768048155,3,0.247955322265625,12.0,0,0.0,6.43475341796875
SV_Brasilia_-15.8388_-47.9097.tif,Brasilia,train,0.6465911865234375,99.35340881347656,0.0065079919677172885,8,0.1750946044921875,180.5,0,0.0,4.736689567565918
SV_Brasilia_-15.8482_-47.8818.tif,Brasilia,train,30.434417724609375,69.56558227539062,0.4374924600519845,44,5.4271697998046875,1576.0,2,0.0,10.077105522155762
SV_Brasilia_-15.8335_-47.8842.tif,Brasilia,train,25.230026245117188,74.76997375488281,0.3374352695084309,37,2.1656036376953125,1593.0,1,0.0,11.100144386291504
SV_Brasilia_-15.8422_-47.9108.tif,Brasilia,train,9.27276611328125,90.72723388671875,0.10220488067407793,21,1.9382476806640625,616.0,1,0.0,14.279067993164062
SV_Brasilia_-15.8346_-47.9136.tif,Brasilia,train,39.24446105957031,60.75553894042969,0.645940464754155,9,20.875930786132812,3355.0,4,0.0,22.000778198242188
SV_Brasilia_-15.8439_-47.8937.tif,Brasilia,train,23.601913452148438,76.39808654785156,0.30893330603725916,48,1.755523681640625,1043.0,0,0.0,9.825987815856934
SV_Brasilia_-15.8559_-47.8819.tif,Brasilia,train,9.48486328125,90.51513671875,0.1047875927174646,23,1.5300750732421875,506.0,0,0.0,9.514595985412598
GF2_Brasilia_-15.8695_-47.9337.tif,Brasilia,train,16.764068603515625,83.23593139648438,0.20140422918633535,27,8.219528198242188,501.0,1,0.0,10.704452514648438
SV_Brasilia_-15.8403_-47.8817.tif,Brasilia,train,27.230072021484375,72.76992797851562,0.3741940218701838,38,6.511688232421875,1462.5,1,0.0,14.893271446228027
GF2_Brasilia_-15.8652_-47.9366.tif,Brasilia,train,9.720611572265625,90.27938842773438,0.10767254565582983,5,4.19769287109375,4738.0,2,0.0,17.417551040649414
SV_Brasilia_-15.8401_-47.8965.tif,Brasilia,train,0.7877349853515625,99.21226501464844,0.007939895185693577,4,0.4650115966796875,391.5,0,0.0,8.115531921386719
SV_Brasilia_-15.8346_-47.9107.tif,Brasilia,train,11.055755615234375,88.94424438476562,0.12429984302759454,10,5.54046630859375,271.5,2,0.0,21.3599853515625
SV_Brasilia_-15.8493_-47.8873.tif,Brasilia,train,14.818954467773438,85.18104553222656,0.17397009364209998,37,2.513885498046875,738.0,1,0.0,9.777422904968262
SV_Brasilia_-15.8559_-47.8795.tif,Brasilia,train,10.266494750976562,89.73350524902344,0.11441094073485213,16,1.776123046875,1177.0,0,0.0,11.891805648803711
GF2_Brasilia_-15.8694_-47.9381.tif,Brasilia,train,12.579345703125,87.420654296875,0.14389443552328424,7,6.2725067138671875,813.0,2,0.0,11.209915161132812
SV_Brasilia_-15.8364_-47.8817.tif,Brasilia,train,32.59620666503906,67.40379333496094,0.4835960270522652,45,4.3529510498046875,1650.0,2,0.0,16.387561798095703
SV_Brasilia_-15.8453_-47.8937.tif,Brasilia,train,28.92608642578125,71.07391357421875,0.4069859808068014,44,3.943634033203125,1185.0,3,0.0,10.074079513549805
GF2_Brasilia_-15.8680_-47.9381.tif,Brasilia,train,0.5481719970703125,99.45182800292969,0.005511934854069894,1,0.5481719970703125,1437.0,0,0.0,5.86700439453125
GF2_Brasilia_-15.8652_-47.9337.tif,Brasilia,train,19.582366943359375,80.41763305664062,0.24350837246809923,5,8.722305297851562,10794.0,3,0.0,18.869163513183594
SV_Brasilia_-15.8402_-47.8857.tif,Brasilia,train,24.567794799804688,75.43220520019531,0.3256937104596416,38,3.9234161376953125,1248.5,2,0.0,14.032492637634277
GF2_Brasilia_-15.8694_-47.9352.tif,Brasilia,train,15.757369995117188,84.24263000488281,0.18704746034405467,16,5.2082061767578125,695.0,3,0.0,11.623093605041504
SV_Brasilia_-15.8399_-47.9097.tif,Brasilia,train,0.5550384521484375,99.44496154785156,0.0055813632335848466,9,0.1575469970703125,173.0,0,0.0,5.23936128616333
SV_Brasilia_-15.8493_-47.8844.tif,Brasilia,train,19.78607177734375,80.21392822265625,0.2466662862143088,25,2.88543701171875,1277.0,3,0.0,11.945533752441406
SV_Brasilia_-15.8391_-47.8886.tif,Brasilia,train,29.801559448242188,70.19844055175781,0.42453306959531795,37,3.131866455078125,1590.0,4,0.0,10.860977172851562
SV_Brasilia_-15.8359_-47.9166.tif,Brasilia,train,17.76580810546875,82.23419189453125,0.2160391887629191,13,14.348220825195312,459.0,1,0.0,16.776107788085938
SV_Brasilia_-15.8426_-47.8858.tif,Brasilia,train,32.40509033203125,67.59490966796875,0.47940134088805614,53,2.3624420166015625,1683.0,1,0.0,11.366296768188477
SV_Brasilia_-15.8440_-47.8818.tif,Brasilia,train,22.388458251953125,77.61154174804688,0.2884681549637756,37,4.4403076171875,450.0,3,0.0,11.982078552246094
SV_Brasilia_-15.8425_-47.8887.tif,Brasilia,train,25.21820068359375,74.78179931640625,0.33722377522495867,36,1.7425537109375,1835.0,0,0.0,10.49504280090332
SV_Brasilia_-15.8530_-47.8874.tif,Brasilia,train,13.9007568359375,86.0992431640625,0.1614503952078829,22,1.4469146728515625,1325.0,0,0.0,10.209413528442383
SV_Brasilia_-15.8530_-47.8845.tif,Brasilia,train,13.786697387695312,86.21330261230469,0.15991380645389663,31,1.71356201171875,772.0,0,0.0,9.470072746276855
SV_Brasilia_-15.8452_-47.8981.tif,Brasilia,train,22.917556762695312,77.08244323730469,0.29731227761089146,43,3.9272308349609375,896.0,2,0.0,11.553411483764648
SV_Brasilia_-15.8468_-47.8858.tif,Brasilia,train,17.656707763671875,82.34329223632812,0.21442800359495595,27,2.7889251708984375,1585.0,2,0.0,15.606461524963379
SV_Brasilia_-15.8436_-47.9123.tif,Brasilia,train,6.0657501220703125,93.93424987792969,0.06457442445064428,9,3.365325927734375,670.0,1,0.0,11.91596508026123
SV_Brasilia_-15.8530_-47.8819.tif,Brasilia,train,13.930892944335938,86.06910705566406,0.16185706371191136,21,2.4135589599609375,532.0,1,0.0,10.546618461608887
SV_Brasilia_-15.8334_-47.8964.tif,Brasilia,train,1.8421173095703125,98.15788269042969,0.01876688106017916,8,0.6984710693359375,531.0,0,0.0,6.875725746154785
SV_Brasilia_-15.8350_-47.8842.tif,Brasilia,train,25.358200073242188,74.64179992675781,0.33973189416821264,24,6.6135406494140625,1793.5,3,0.0,10.655956268310547
SV_Brasilia_-15.8531_-47.8795.tif,Brasilia,train,14.608001708984375,85.39199829101562,0.1710699128880947,17,2.1724700927734375,2302.0,1,0.0,10.06231689453125
SV_Brasilia_-15.8424_-47.8966.tif,Brasilia,train,33.664703369140625,66.33529663085938,0.5074930704912188,23,8.887481689453125,1145.0,4,0.0,11.974957466125488
SV_Brasilia_-15.8481_-47.8888.tif,Brasilia,train,10.2874755859375,89.7125244140625,0.1146715651256931,22,1.5163421630859375,698.5,0,0.0,9.305166244506836
GF2_Brasilia_-15.8706_-47.9352.tif,Brasilia,train,14.093780517578125,85.90621948242188,0.16406007158145278,14,6.739044189453125,695.0,2,0.0,11.25693416595459
SV_Brasilia_-15.8558_-47.8845.tif,Brasilia,train,9.212493896484375,90.78750610351562,0.10147314638184156,20,1.5308380126953125,694.5,0,0.0,11.169106483459473
GF2_Brasilia_-15.8706_-47.9338.tif,Brasilia,train,16.422653198242188,83.57734680175781,0.19649646497149612,18,10.839080810546875,489.0,2,0.0,9.195733070373535
SV_Brasilia_-15.8403_-47.8843.tif,Brasilia,train,19.918441772460938,80.08155822753906,0.24872695054042082,31,3.1192779541015625,1375.0,2,0.0,11.012723922729492
SV_Brasilia_-15.8374_-47.9108.tif,Brasilia,train,9.433746337890625,90.56625366210938,0.10416403413446554,29,0.7511138916015625,692.0,0,0.0,6.989595890045166
SV_Brasilia_-15.8392_-47.8857.tif,Brasilia,train,17.330551147460938,82.66944885253906,0.2096367084577298,27,2.079010009765625,1443.0,1,0.0,11.102150917053223
SV_Brasilia_-15.8349_-47.8857.tif,Brasilia,train,21.977615356445312,78.02238464355469,0.28168346118681276,30,3.624725341796875,1411.0,3,0.0,10.817672729492188
SV_Brasilia_-15.8454_-47.8829.tif,Brasilia,train,35.06317138671875,64.93682861328125,0.53995817374345,42,10.747146606445312,814.5,4,0.0,13.614272117614746
SV_Brasilia_-15.8421_-47.9167.tif,Brasilia,train,15.244293212890625,84.75570678710938,0.1798615549414444,8,7.58209228515625,997.0,3,0.0,13.894869804382324
GF2_Brasilia_-15.8706_-47.9367.tif,Brasilia,train,17.537307739257812,82.46269226074219,0.21266959953000172,11,11.640167236328125,814.0,2,0.0,11.254315376281738
SV_Brasilia_-15.8544_-47.8830.tif,Brasilia,train,11.695480346679688,88.30451965332031,0.13244486683802406,32,1.7375946044921875,570.0,0,0.0,8.112147331237793
SV_Brasilia_-15.8399_-47.9108.tif,Brasilia,train,2.7538299560546875,97.24617004394531,0.0283181327841522,14,0.6519317626953125,405.5,0,0.0,6.448193550109863
SV_Brasilia_-15.8336_-47.8816.tif,Brasilia,train,18.924331665039062,81.07566833496094,0.23341567271272967,32,2.9537200927734375,1607.0,2,0.0,14.823180198669434
SV_Brasilia_-15.8517_-47.8793.tif,Brasilia,train,28.831100463867188,71.16889953613281,0.40510813925441536,35,3.215789794921875,1443.0,4,0.0,14.26970100402832
SV_Brasilia_-15.8333_-47.9003.tif,Brasilia,train,8.791732788085938,91.20826721191406,0.09639184096830994,8,6.4922332763671875,457.0,1,0.0,18.171955108642578
SV_Brasilia_-15.8375_-47.9029.tif,Brasilia,train,0.3360748291015625,99.66392517089844,0.0033720810064953705,6,0.1068115234375,112.5,0,0.0,4.296269416809082
SV_Brasilia_-15.8391_-47.8921.tif,Brasilia,train,2.8522491455078125,97.14775085449219,0.029359909214778514,7,1.7513275146484375,798.0,0,0.0,11.227046966552734
SV_Brasilia_-15.8491_-47.8981.tif,Brasilia,train,21.172332763671875,78.82766723632812,0.2685901220468249,35,6.45599365234375,497.0,2,0.0,13.393081665039062
SV_Brasilia_-15.8544_-47.8859.tif,Brasilia,train,13.942337036132812,86.05766296386719,0.1620115694053503,22,2.860260009765625,986.5,1,0.0,11.319844245910645
SV_Brasilia_-15.8545_-47.8819.tif,Brasilia,train,9.019088745117188,90.98091125488281,0.09913165982532568,28,1.740264892578125,435.5,0,0.0,10.544716835021973
SV_Brasilia_-15.8516_-47.8844.tif,Brasilia,train,14.329147338867188,85.67085266113281,0.16725813848900842,23,1.702117919921875,1064.0,0,0.0,10.327817916870117
GF2_Brasilia_-15.8681_-47.9337.tif,Brasilia,train,4.46624755859375,95.53375244140625,0.04675046718522896,20,1.442718505859375,219.5,0,0.0,10.686896324157715
SV_Brasilia_-15.8440_-47.8843.tif,Brasilia,train,27.83966064453125,72.16033935546875,0.3858027954579095,34,10.098648071289062,1121.5,3,0.0,13.611410140991211
GF2_Brasilia_-15.8695_-47.9278.tif,Brasilia,train,10.263442993164062,89.73655700683594,0.11437304188506157,5,5.2600860595703125,2685.0,2,0.0,29.0196533203125
SV_Brasilia_-15.8349_-47.8871.tif,Brasilia,train,4.8191070556640625,95.18089294433594,0.05063103430309686,10,1.323699951171875,696.5,0,0.0,10.80729866027832
SV_Brasilia_-15.8454_-47.8818.tif,Brasilia,train,34.82398986816406,65.17601013183594,0.5343068683971789,47,3.6701202392578125,1264.0,6,0.0,11.961860656738281
SV_Brasilia_-15.8451_-47.9098.tif,Brasilia,train,0.899505615234375,99.10049438476562,0.0090767015928495,4,0.6458282470703125,332.0,0,0.0,8.43537425994873
SV_Brasilia_-15.8464_-47.9109.tif,Brasilia,train,11.60125732421875,88.39874267578125,0.13123780919337855,22,1.445770263671875,1201.5,0,0.0,10.211499214172363
SV_Brasilia_-15.8336_-47.8827.tif,Brasilia,train,18.7530517578125,81.2469482421875,0.2308154603162679,23,2.953338623046875,1259.0,2,0.0,14.824501037597656
SV_Brasilia_-15.8436_-47.9097.tif,Brasilia,train,2.1739959716796875,97.82600402832031,0.022223088771471465,9,1.5949249267578125,132.0,0,0.0,19.452999114990234
GF2_Brasilia_-15.8681_-47.9279.tif,Brasilia,train,12.044143676757812,87.95585632324219,0.13693395960463373,5,6.835174560546875,526.0,2,0.0,19.721418380737305
SV_Brasilia_-15.8517_-47.8795.tif,Brasilia,train,27.044296264648438,72.95570373535156,0.37069474873071234,39,3.215789794921875,1214.0,4,0.0,10.061680793762207
SV_Brasilia_-15.8422_-47.9138.tif,Brasilia,train,1.598358154296875,98.40164184570312,0.016243206153035036,6,0.783538818359375,485.5,0,0.0,4.093350887298584
SV_Brasilia_-15.8438_-47.8966.tif,Brasilia,train,28.487777709960938,71.51222229003906,0.3983623609740485,10,14.525222778320312,2395.5,4,0.0,19.55388641357422
SV_Brasilia_-15.8360_-47.9096.tif,Brasilia,train,9.672164916992188,90.32783508300781,0.10707845381331059,25,3.643798828125,515.0,1,0.0,12.590171813964844
SV_Brasilia_-15.8363_-47.8871.tif,Brasilia,train,16.716384887695312,83.28361511230469,0.20071636978238666,29,1.584625244140625,1514.0,0,0.0,11.654437065124512
SV_Brasilia_-15.8373_-47.9166.tif,Brasilia,train,6.99920654296875,93.00079345703125,0.07525964330833976,5,6.7127227783203125,149.0,1,0.0,16.641630172729492
SV_Brasilia_-15.8364_-47.8828.tif,Brasilia,train,17.800521850585938,82.19947814941406,0.21655273550800302,32,2.68707275390625,992.0,1,0.0,16.387292861938477
GF2_Brasilia_-15.8707_-47.9294.tif,Brasilia,train,17.391586303710938,82.60841369628906,0.21053044751169459,10,8.747482299804688,816.0,2,0.0,12.352051734924316
SV_Brasilia_-15.8467_-47.8923.tif,Brasilia,train,17.619705200195312,82.38029479980469,0.2138825218216758,27,1.8585205078125,1199.0,0,0.0,10.971134185791016
GF2_Brasilia_-15.8653_-47.9322.tif,Brasilia,train,19.269561767578125,80.73043823242188,0.23869016680054814,5,15.880584716796875,93.0,2,0.0,18.867359161376953
SV_Brasilia_-15.8331_-47.9165.tif,Brasilia,train,17.011642456054688,82.98835754394531,0.20498830148610198,17,1.726531982421875,2801.0,0,0.0,20.97694969177246
GF2_Brasilia_-15.8707_-47.9279.tif,Brasilia,train,11.05194091796875,88.94805908203125,0.1242516254095689,4,6.5685272216796875,5484.5,2,0.0,29.0196533203125
SV_Brasilia_-15.8335_-47.8871.tif,Brasilia,train,0.01068115234375,99.98931884765625,0.00010682293335775,1,0.01068115234375,28.0,0,0.0,4.2557854652404785
SV_Brasilia_-15.8363_-47.8857.tif,Brasilia,train,30.374908447265625,69.62509155273438,0.43626382055468504,40,5.7399749755859375,1482.0,3,0.0,11.637242317199707
GF2_Brasilia_-15.8653_-47.9308.tif,Brasilia,train,16.539764404296875,83.46023559570312,0.19817538599361934,4,12.04833984375,5876.5,2,0.0,18.628477096557617
GF2_Brasilia_-15.8680_-47.9352.tif,Brasilia,train,12.1429443359375,87.8570556640625,0.13821251172322763,12,4.5368194580078125,185.5,3,0.0,11.622901916503906
SV_Brasilia_-15.8378_-47.8817.tif,Brasilia,train,34.50164794921875,65.49835205078125,0.5267559697146185,60,2.2640228271484375,1337.5,1,0.0,12.718292236328125
GF2_Brasilia_-15.8695_-47.9323.tif,Brasilia,train,23.795700073242188,76.20429992675781,0.3122619077415964,25,12.82501220703125,454.0,2,0.0,21.220796585083008
SV_Brasilia_-15.8334_-47.8950.tif,Brasilia,train,1.734161376953125,98.26583862304688,0.01764765254388621,3,1.3896942138671875,890.0,0,0.0,9.917642593383789
GF2_Brasilia_-15.8653_-47.9279.tif,Brasilia,train,14.513015747070312,85.48698425292969,0.16976871828968446,6,11.987686157226562,228.5,2,0.0,13.800782203674316
SV_Brasilia_-15.8403_-47.8828.tif,Brasilia,train,22.941970825195312,77.05802917480469,0.297723301139092,33,3.397369384765625,1401.0,3,0.0,12.216076850891113
SV_Brasilia_-15.8439_-47.8911.tif,Brasilia,train,33.39385986328125,66.60614013671875,0.5013630844654189,44,3.0590057373046875,1596.0,4,0.0,10.011587142944336
SV_Brasilia_-15.8425_-47.8911.tif,Brasilia,train,21.950149536132812,78.04985046386719,0.28123243549703575,28,3.5770416259765625,715.5,5,0.0,10.497838020324707
SV_Brasilia_-15.8377_-47.8857.tif,Brasilia,train,22.048568725585938,77.95143127441406,0.28285008196921874,25,2.967071533203125,1956.0,2,0.0,11.301578521728516
SV_Brasilia_-15.8360_-47.9108.tif,Brasilia,train,11.919021606445312,88.08097839355469,0.1353189056687123,28,3.647613525390625,525.5,1,0.0,6.999996662139893
SV_Brasilia_-15.8493_-47.8830.tif,Brasilia,train,23.365402221679688,76.63459777832031,0.30489364985340456,31,2.84423828125,1443.0,5,0.0,10.131712913513184
SV_Brasilia_-15.8401_-47.8936.tif,Brasilia,train,8.491897583007812,91.50810241699219,0.09279940637727559,11,1.5392303466796875,2691.0,0,0.0,10.670177459716797
GF2_Brasilia_-15.8706_-47.9323.tif,Brasilia,train,16.808700561523438,83.19129943847656,0.2020487800404437,14,13.17138671875,490.5,1,0.0,21.220796585083008
SV_Brasilia_-15.8493_-47.8859.tif,Brasilia,train,16.796875,83.203125,0.20187793427230047,29,2.8564453125,678.0,2,0.0,11.94769287109375
SV_Brasilia_-15.8346_-47.9072.tif,Brasilia,train,10.65521240234375,89.34478759765625,0.11925947432240876,10,4.7634124755859375,1219.5,2,0.0,15.78994369506836
SV_Brasilia_-15.8401_-47.8980.tif,Brasilia,train,1.4904022216796875,98.50959777832031,0.015129512811874364,4,0.9975433349609375,641.5,0,0.0,10.545042037963867
SV_Brasilia_-15.8332_-47.9096.tif,Brasilia,train,0.092315673828125,99.90768432617188,0.000924009744102756,1,0.092315673828125,242.0,0,0.0,2.949139356613159
GF2_Brasilia_-15.8680_-47.9366.tif,Brasilia,train,8.86688232421875,91.13311767578125,0.09729593972373378,5,5.33905029296875,3778.0,1,0.0,12.005437850952148
SV_Brasilia_-15.8468_-47.8829.tif,Brasilia,train,33.83140563964844,66.16859436035156,0.5112909827795938,56,3.1036376953125,1032.5,2,0.0,12.453193664550781
SV_Brasilia_-15.8573_-47.8820.tif,Brasilia,train,5.400848388671875,94.59915161132812,0.0570919326090989,12,1.0974884033203125,753.5,0,0.0,9.506867408752441
GF2_Brasilia_-15.8667_-47.9279.tif,Brasilia,train,12.99591064453125,87.00408935546875,0.149371262210842,7,8.65020751953125,587.0,2,0.0,19.628162384033203
GF2_Brasilia_-15.8695_-47.9279.tif,Brasilia,train,12.00103759765625,87.99896240234375,0.1363770352516863,5,6.5685272216796875,2771.0,2,0.0,29.0196533203125
SV_Brasilia_-15.8492_-47.8912.tif,Brasilia,train,16.640853881835938,83.35914611816406,0.1996284109994005,19,4.7168731689453125,770.0,2,0.0,11.257657051086426
SV_Brasilia_-15.8481_-47.8912.tif,Brasilia,train,16.735458374023438,83.26454162597656,0.2009914190028084,18,4.7550201416015625,796.0,3,0.0,10.932539939880371
SV_Brasilia_-15.8346_-47.9096.tif,Brasilia,train,1.3858795166015625,98.61412048339844,0.014053560583495479,4,0.8411407470703125,594.5,0,0.0,15.571124076843262
SV_Brasilia_-15.8468_-47.8818.tif,Brasilia,train,32.25212097167969,67.74787902832031,0.47606096949835863,48,4.12139892578125,1164.5,3,0.0,12.264203071594238
SV_Brasilia_-15.8490_-47.9098.tif,Brasilia,train,23.0316162109375,76.9683837890625,0.2992347646802268,41,2.706146240234375,1547.0,1,0.0,10.483746528625488
SV_Brasilia_-15.8435_-47.9167.tif,Brasilia,train,20.923995971679688,79.07600402832031,0.26460613720675563,8,10.03875732421875,1001.0,3,0.0,15.273856163024902
SV_Brasilia_-15.8422_-47.9123.tif,Brasilia,train,12.0574951171875,87.9425048828125,0.13710656903910887,17,7.132720947265625,601.0,1,0.0,11.753497123718262
SV_Brasilia_-15.8425_-47.8922.tif,Brasilia,train,27.188873291015625,72.81112670898438,0.3734164614659192,37,3.5968780517578125,1275.0,4,0.0,10.500432014465332
GF2_Brasilia_-15.8653_-47.9293.tif,Brasilia,train,13.35601806640625,86.64398193359375,0.15414824859553036,7,10.33935546875,193.0,2,0.0,13.83854866027832
SV_Brasilia_-15.8402_-47.8910.tif,Brasilia,train,28.588485717773438,71.41151428222656,0.40033439992307734,39,4.940032958984375,901.0,4,0.0,11.712553024291992
SV_Brasilia_-15.8424_-47.8936.tif,Brasilia,train,25.716781616210938,74.28321838378906,0.3461990766655198,35,5.2143096923828125,734.0,4,0.0,9.811599731445312
SV_NewDelhi_28.5988_77.0488.tif,NewDelhi,train,29.13360595703125,70.86639404296875,0.4111060870314149,17,5.942535400390625,3148.0,7,0.0,30.712539672851562
GF2_NewDelhi_28.5529_77.1194.tif,NewDelhi,train,30.33294677734375,69.66705322265625,0.4353987340385921,9,7.2788238525390625,11358.0,5,0.0,29.443923950195312
SV_NewDelhi_28.5720_77.0509.tif,NewDelhi,train,1.75933837890625,98.24066162109375,0.017908454095025086,1,1.75933837890625,4612.0,0,0.0,7.577164173126221
SV_NewDelhi_28.5731_77.0509.tif,NewDelhi,train,1.4911651611328125,98.50883483886719,0.015137374871725366,1,1.4911651611328125,3909.0,0,0.0,7.577871799468994
SV_NewDelhi_28.5885_77.0426.tif,NewDelhi,train,25.064849853515625,74.93515014648438,0.33448721734084036,10,7.58514404296875,6443.5,6,0.0,21.37641143798828
SV_NewDelhi_28.5874_77.0410.tif,NewDelhi,train,26.452255249023438,73.54774475097656,0.35966099760893355,15,5.213165283203125,4319.0,6,0.0,37.46167755126953
SV_NewDelhi_28.5899_77.0442.tif,NewDelhi,train,0.7923126220703125,99.20768737792969,0.007986403503712505,2,0.7602691650390625,1038.5,0,0.0,18.087303161621094
SV_NewDelhi_28.5912_77.0487.tif,NewDelhi,train,10.163116455078125,89.83688354492188,0.11312855092525753,10,2.068328857421875,2491.5,1,0.0,40.35006332397461
SV_NewDelhi_28.5794_77.0484.tif,NewDelhi,train,63.62419128417969,36.37580871582031,1.749079773902283,10,48.183441162109375,571.0,2,0.0,23.72280502319336
SV_NewDelhi_28.5913_77.0443.tif,NewDelhi,train,1.9145965576171875,98.08540344238281,0.01951968886728245,8,1.2905120849609375,220.0,0,0.0,19.105289459228516
SV_NewDelhi_28.6017_77.0476.tif,NewDelhi,train,20.858383178710938,79.14161682128906,0.2635577085291495,21,3.4633636474609375,2347.0,5,0.0,38.12894821166992
SV_NewDelhi_28.5884_77.0486.tif,NewDelhi,train,33.95538330078125,66.04461669921875,0.51412794861724,28,7.2971343994140625,1470.0,7,0.0,40.484222412109375
SV_NewDelhi_28.5746_77.0510.tif,NewDelhi,train,1.351165771484375,98.64883422851562,0.013696723149859629,3,1.0051727294921875,514.0,0,0.0,19.80059051513672
SV_NewDelhi_28.5885_77.0410.tif,NewDelhi,train,12.691879272460938,87.30812072753906,0.1453688290012365,8,4.434967041015625,1902.0,3,0.0,21.37624168395996
SV_NewDelhi_28.5808_77.0457.tif,NewDelhi,train,47.53761291503906,52.46238708496094,0.906127524049823,37,14.292526245117188,1673.0,6,0.0,22.2596492767334
SV_NewDelhi_28.5823_77.0425.tif,NewDelhi,train,6.6852569580078125,93.31474304199219,0.0716420229009194,17,1.2905120849609375,1026.0,0,0.0,18.577667236328125
SV_NewDelhi_28.5913_77.0411.tif,NewDelhi,train,4.7168731689453125,95.28312683105469,0.04950376132501131,6,3.0574798583984375,628.0,1,0.0,20.660512924194336
SV_NewDelhi_28.5912_77.0474.tif,NewDelhi,train,10.57586669921875,89.42413330078125,0.11826635952563774,12,2.390289306640625,2103.5,2,0.0,40.35175323486328
SV_NewDelhi_28.5941_77.0459.tif,NewDelhi,train,22.017288208007812,77.98271179199219,0.28233550362721166,20,5.1361083984375,1562.5,4,0.0,40.504608154296875
SV_NewDelhi_28.5989_77.0460.tif,NewDelhi,train,19.322967529296875,80.67703247070312,0.2395101423235141,26,1.9622802734375,2298.5,1,0.0,42.283023834228516
SV_NewDelhi_28.5822_77.0473.tif,NewDelhi,train,10.805130004882812,89.19486999511719,0.12114071140497565,13,2.793121337890625,925.0,2,0.0,31.232133865356445
SV_NewDelhi_28.5809_77.0425.tif,NewDelhi,train,11.417007446289062,88.58299255371094,0.12888486962513188,29,1.35040283203125,685.0,0,0.0,18.57693099975586
SV_NewDelhi_28.5794_77.0472.tif,NewDelhi,train,50.33531188964844,49.66468811035156,1.0135030301168266,24,13.803863525390625,1964.5,5,0.0,23.718706130981445
SV_NewDelhi_28.5720_77.0525.tif,NewDelhi,train,2.2613525390625,97.7386474609375,0.0231367283854248,2,1.9100189208984375,2964.0,1,0.0,10.091793060302734
SV_NewDelhi_28.6003_77.0476.tif,NewDelhi,train,19.164276123046875,80.83572387695312,0.237076817079271,19,3.107452392578125,2075.0,3,0.0,42.28376388549805
SV_NewDelhi_28.5851_77.0425.tif,NewDelhi,train,39.52674865722656,60.47325134277344,0.6536236729389946,30,5.4271697998046875,3142.5,9,0.0,20.72028160095215
SV_NewDelhi_28.5822_77.0457.tif,NewDelhi,train,16.905593872070312,83.09440612792969,0.2034504446188948,31,2.831268310546875,988.0,1,0.0,21.697481155395508
SV_NewDelhi_28.5926_77.0487.tif,NewDelhi,train,2.1366119384765625,97.86338806152344,0.021832597264396222,2,2.072906494140625,2800.5,1,0.0,7.017273902893066
SV_NewDelhi_28.5784_77.0424.tif,NewDelhi,train,21.9757080078125,78.0242919921875,0.2816521296984394,13,12.451934814453125,299.0,3,0.0,39.10010528564453
SV_NewDelhi_28.5885_77.0442.tif,NewDelhi,train,12.40386962890625,87.59613037109375,0.14160294040796417,10,2.986907958984375,2741.0,3,0.0,20.680580139160156
SV_NewDelhi_28.5964_77.0488.tif,NewDelhi,train,34.87815856933594,65.12184143066406,0.5355831131782582,28,5.1860809326171875,2920.0,7,0.0,40.06497573852539
SV_NewDelhi_28.5964_77.0475.tif,NewDelhi,train,35.41755676269531,64.58244323730469,0.5484084371437515,30,3.5980224609375,1657.0,9,0.0,39.13219451904297
SV_NewDelhi_28.5942_77.0411.tif,NewDelhi,train,15.789031982421875,84.21096801757812,0.18749377134729156,25,5.330657958984375,823.0,1,0.0,31.060203552246094
SV_NewDelhi_28.5884_77.0474.tif,NewDelhi,train,25.497817993164062,74.50218200683594,0.3422425666784432,24,7.0159912109375,1047.0,5,0.0,40.48665237426758
SV_NewDelhi_28.6003_77.0444.tif,NewDelhi,train,14.356613159179688,85.64338684082031,0.16763247798529235,19,4.7992706298828125,671.0,2,0.0,32.20773696899414
GF2_NewDelhi_28.5515_77.1209.tif,NewDelhi,train,28.03955078125,71.96044921875,0.38965224766751483,13,14.435577392578125,322.0,4,0.0,29.438871383666992
GF2_NewDelhi_28.5557_77.1194.tif,NewDelhi,train,12.96539306640625,87.03460693359375,0.14896824979400058,4,10.69183349609375,2867.5,2,0.0,183.1741180419922
SV_NewDelhi_28.6017_77.0429.tif,NewDelhi,train,16.518402099609375,83.48159790039062,0.1978687820436662,25,2.17742919921875,888.0,2,0.0,33.99259948730469
SV_NewDelhi_28.5851_77.0457.tif,NewDelhi,train,3.6376953125,96.3623046875,0.03775019001773499,2,2.9041290283203125,4768.0,1,0.0,16.978233337402344
SV_NewDelhi_28.5837_77.0441.tif,NewDelhi,train,2.7496337890625,97.2503662109375,0.028273762826748674,3,1.715850830078125,2645.0,0,0.0,20.720134735107422
GF2_NewDelhi_28.5543_77.1224.tif,NewDelhi,train,29.203414916992188,70.79658508300781,0.4124975079341987,8,13.702011108398438,3402.0,4,0.0,31.341188430786133
SV_NewDelhi_28.5784_77.0456.tif,NewDelhi,train,48.053741455078125,51.946258544921875,0.9250664590891066,22,27.791595458984375,1669.5,3,0.0,23.62120819091797
SV_NewDelhi_28.5989_77.0476.tif,NewDelhi,train,28.6102294921875,71.3897705078125,0.40076091138374725,19,6.12030029296875,3166.0,5,0.0,42.2837028503418
SV_NewDelhi_28.5964_77.0428.tif,NewDelhi,train,24.044036865234375,75.95596313476562,0.31655232680775836,18,6.0642242431640625,2269.0,4,0.0,31.028905868530273
SV_NewDelhi_28.6017_77.0461.tif,NewDelhi,train,24.8809814453125,75.1190185546875,0.33122080032500506,26,3.12042236328125,2323.5,6,0.0,38.899993896484375
SV_NewDelhi_28.5784_77.0408.tif,NewDelhi,train,20.137786865234375,79.86221313476562,0.25215663421764095,17,3.545379638671875,3083.0,5,0.0,40.44236373901367
SV_NewDelhi_28.6032_77.0413.tif,NewDelhi,train,4.9007415771484375,95.09925842285156,0.051532910544451,11,2.964019775390625,316.0,1,0.0,33.750511169433594
SV_NewDelhi_28.5940_77.0487.tif,NewDelhi,train,7.84454345703125,92.15545654296875,0.08512294064078152,13,1.3500213623046875,1291.0,0,0.0,39.3594970703125
GF2_NewDelhi_28.5515_77.1224.tif,NewDelhi,train,12.638473510742188,87.36152648925781,0.14466864326479284,5,6.407928466796875,5834.0,3,0.0,29.435461044311523
SV_NewDelhi_28.5898_77.0486.tif,NewDelhi,train,34.030914306640625,65.96908569335938,0.5158615425538067,30,3.265380859375,3512.0,3,0.0,40.61199188232422
SV_NewDelhi_28.5975_77.0476.tif,NewDelhi,train,31.15997314453125,68.84002685546875,0.45264324504045217,28,5.4779052734375,2292.0,6,0.0,32.99213409423828
SV_NewDelhi_28.5941_77.0475.tif,NewDelhi,train,16.015625,83.984375,0.19069767441860466,20,2.02484130859375,1812.0,1,0.0,40.504608154296875
SV_NewDelhi_28.5874_77.0442.tif,NewDelhi,train,24.52392578125,75.47607421875,0.3249231764515607,15,4.366302490234375,4008.0,6,0.0,20.67978858947754
SV_NewDelhi_28.5964_77.0460.tif,NewDelhi,train,38.1622314453125,61.8377685546875,0.6171346789715244,31,5.8258056640625,2430.0,7,0.0,34.56063461303711
SV_NewDelhi_28.5927_77.0427.tif,NewDelhi,train,28.156661987304688,71.84333801269531,0.3919175078185979,22,6.2458038330078125,3159.0,2,0.0,26.978973388671875
SV_NewDelhi_28.5836_77.0485.tif,NewDelhi,train,1.9344329833984375,98.06556701660156,0.01972591442897543,2,1.262664794921875,2535.5,0,0.0,20.078014373779297
GF2_NewDelhi_28.5505_77.1209.tif,NewDelhi,train,15.91949462890625,84.08050537109375,0.1893363337749306,6,5.4027557373046875,7252.0,3,0.0,29.426189422607422
SV_NewDelhi_28.5759_77.0526.tif,NewDelhi,train,1.3057708740234375,98.69422912597656,0.013230468342345616,3,0.99639892578125,518.0,0,0.0,19.80040168762207
SV_NewDelhi_28.5975_77.0444.tif,NewDelhi,train,21.875381469726562,78.12461853027344,0.2800062500305177,18,4.3750762939453125,2433.5,4,0.0,32.80708312988281
SV_NewDelhi_28.5874_77.0458.tif,NewDelhi,train,18.701553344726562,81.29844665527344,0.2300358015944144,17,3.77349853515625,626.0,4,0.0,20.590639114379883
SV_NewDelhi_28.5783_77.0484.tif,NewDelhi,train,53.57322692871094,46.42677307128906,1.1539295838297523,20,27.456283569335938,1261.0,5,0.0,23.72339630126953
SV_NewDelhi_28.5874_77.0426.tif,NewDelhi,train,36.36627197265625,63.63372802734375,0.5714936575306333,19,7.0194244384765625,2294.0,9,0.0,20.679567337036133
SV_NewDelhi_28.6003_77.0460.tif,NewDelhi,train,21.13037109375,78.86962890625,0.26791518340814113,23,2.2037506103515625,2485.0,2,0.0,42.283084869384766
SV_NewDelhi_28.5898_77.0474.tif,NewDelhi,train,24.010467529296875,75.98953247070312,0.31597072318551017,20,3.155517578125,3969.5,3,0.0,40.61115264892578
SV_NewDelhi_28.5731_77.0525.tif,NewDelhi,train,1.98974609375,98.01025390625,0.020301407398181592,2,1.636505126953125,2608.0,0,0.0,10.094629287719727
SV_NewDelhi_28.5795_77.0440.tif,NewDelhi,train,25.316238403320312,74.68376159667969,0.3389791550677039,30,2.36358642578125,1501.5,3,0.0,33.501869201660156
SV_NewDelhi_28.5795_77.0424.tif,NewDelhi,train,9.36126708984375,90.63873291015625,0.10328108954394707,20,3.008270263671875,549.0,1,0.0,37.4089241027832
SV_NewDelhi_28.5837_77.0409.tif,NewDelhi,train,2.8171539306640625,97.18284606933594,0.028988180986736483,7,1.987457275390625,463.0,1,0.0,16.814916610717773
GF2_NewDelhi_28.5557_77.1225.tif,NewDelhi,train,22.6287841796875,77.3712158203125,0.29247031909438725,4,16.945648193359375,7286.5,2,0.0,31.348093032836914
SV_NewDelhi_28.5941_77.0427.tif,NewDelhi,train,20.727157592773438,79.27284240722656,0.2614660577742061,21,3.3946990966796875,1983.0,3,0.0,36.20288848876953
SV_NewDelhi_28.5989_77.0428.tif,NewDelhi,train,12.158966064453125,87.84103393554688,0.13842011551656752,11,2.435302734375,2177.0,3,0.0,21.902700424194336
GF2_NewDelhi_28.5504_77.1224.tif,NewDelhi,train,6.46514892578125,93.53485107421875,0.06912021403285534,3,4.80804443359375,3951.0,1,0.0,29.422780990600586
SV_NewDelhi_28.6004_77.0412.tif,NewDelhi,train,21.635818481445312,78.36418151855469,0.2760932107269249,26,3.65753173828125,1394.0,5,0.0,27.717817306518555
SV_NewDelhi_28.5823_77.0441.tif,NewDelhi,train,19.083786010742188,80.91621398925781,0.23584625466134257,36,1.37481689453125,1155.0,0,0.0,21.696884155273438
SV_NewDelhi_28.5899_77.0426.tif,NewDelhi,train,7.2917938232421875,92.70820617675781,0.07865316484863946,9,2.008056640625,843.0,1,0.0,20.514419555664062
SV_NewDelhi_28.5795_77.0408.tif,NewDelhi,train,8.8623046875,91.1376953125,0.0972408250736673,14,3.0307769775390625,318.5,2,0.0,40.442359924316406
SV_NewDelhi_28.5823_77.0409.tif,NewDelhi,train,0.5764007568359375,99.42359924316406,0.005797423963964655,5,0.2712249755859375,219.0,0,0.0,8.250750541687012
SV_NewDelhi_28.5720_77.0537.tif,NewDelhi,train,0.34942626953125,99.65057373046875,0.003506515381199565,1,0.34942626953125,916.0,0,0.0,10.09431266784668
GF2_NewDelhi_28.5529_77.1224.tif,NewDelhi,train,26.25274658203125,73.74725341796875,0.3559827026132296,8,7.431793212890625,8061.0,4,0.0,29.62177276611328
SV_NewDelhi_28.5975_77.0460.tif,NewDelhi,train,32.566070556640625,67.43392944335938,0.48293301051059545,29,5.8368682861328125,1356.0,4,0.0,33.06703567504883
GF2_NewDelhi_28.5543_77.1194.tif,NewDelhi,train,23.955154418945312,76.04484558105469,0.3150135191399921,4,13.607025146484375,11491.5,3,0.0,29.027847290039062
SV_NewDelhi_28.6018_77.0413.tif,NewDelhi,train,19.574356079101562,80.42564392089844,0.2433845117653476,23,4.727935791015625,318.0,4,0.0,33.28879165649414
SV_NewDelhi_28.6032_77.0429.tif,NewDelhi,train,23.524856567382812,76.47514343261719,0.30761441576256393,20,4.5764923095703125,1948.5,3,0.0,33.99235916137695
SV_NewDelhi_28.6031_77.0461.tif,NewDelhi,train,28.892135620117188,71.10786437988281,0.4063142083098629,25,5.82122802734375,1428.0,6,0.0,38.899993896484375
SV_NewDelhi_28.6017_77.0445.tif,NewDelhi,train,20.384979248046875,79.61502075195312,0.256044387799105,17,3.106689453125,3069.0,4,0.0,38.899993896484375
SV_NewDelhi_28.5809_77.0441.tif,NewDelhi,train,31.093597412109375,68.90640258789062,0.4512439518584541,50,2.725982666015625,1207.0,1,0.0,21.696884155273438
SV_NewDelhi_28.5850_77.0473.tif,NewDelhi,train,0.9410858154296875,99.05891418457031,0.00950026378924587,2,0.731658935546875,1233.5,0,0.0,16.977466583251953
SV_NewDelhi_28.6003_77.0428.tif,NewDelhi,train,16.0919189453125,83.9080810546875,0.1917803236952173,26,3.0277252197265625,875.5,2,0.0,21.902801513671875
SV_NewDelhi_28.5784_77.0440.tif,NewDelhi,train,26.581192016601562,73.41880798339844,0.3620488093815435,14,11.590957641601562,2863.0,3,0.0,38.700714111328125
SV_NewDelhi_28.5851_77.0410.tif,NewDelhi,train,17.38128662109375,82.61871337890625,0.2103795364299566,23,2.8369903564453125,823.0,3,0.0,39.649654388427734
GF2_NewDelhi_28.5529_77.1210.tif,NewDelhi,train,48.95896911621094,51.04103088378906,0.959208077667581,16,8.496475219726562,4640.0,8,0.0,29.621719360351562
SV_NewDelhi_28.5794_77.0456.tif,NewDelhi,train,44.80476379394531,55.19523620605469,0.811750558085852,29,14.115524291992188,2208.0,6,0.0,22.258338928222656
SV_NewDelhi_28.5899_77.0458.tif,NewDelhi,train,0.89263916015625,99.10736083984375,0.009006789733799326,4,0.72784423828125,205.5,0,0.0,35.8657112121582
SV_NewDelhi_28.5899_77.0410.tif,NewDelhi,train,3.8753509521484375,96.12464904785156,0.04031589181895748,8,1.793670654296875,625.5,0,0.0,20.514381408691406
SV_NewDelhi_28.6017_77.0489.tif,NewDelhi,train,12.367630004882812,87.63236999511719,0.14113084018578897,13,3.838348388671875,817.0,2,0.0,32.75848388671875
SV_NewDelhi_28.5913_77.0459.tif,NewDelhi,train,1.2317657470703125,98.76823425292969,0.012471274356449027,7,0.730133056640625,222.0,0,0.0,27.714256286621094
SV_NewDelhi_28.5885_77.0458.tif,NewDelhi,train,4.717254638671875,95.28274536132812,0.04950796307120723,8,3.1009674072265625,108.0,1,0.0,20.589557647705078
SV_NewDelhi_28.5975_77.0412.tif,NewDelhi,train,27.777862548828125,72.22213745117188,0.3846170098137604,23,5.4378509521484375,1386.0,7,0.0,20.955171585083008
SV_NewDelhi_28.5989_77.0444.tif,NewDelhi,train,13.8031005859375,86.1968994140625,0.16013453708620995,15,3.1097412109375,2305.0,2,0.0,32.81147384643555
SV_NewDelhi_28.6031_77.0477.tif,NewDelhi,train,21.030807495117188,78.96919250488281,0.26631660813572094,23,3.601837158203125,1776.0,5,0.0,38.02906036376953
SV_NewDelhi_28.5783_77.0472.tif,NewDelhi,train,45.65467834472656,54.34532165527344,0.8400847939464984,23,8.835601806640625,1877.0,6,0.0,23.719297409057617
SV_NewDelhi_28.5927_77.0459.tif,NewDelhi,train,11.485671997070312,88.51432800292969,0.12976059646174068,13,2.6958465576171875,988.0,4,0.0,40.14870071411133
SV_NewDelhi_28.5731_77.0537.tif,NewDelhi,train,0.35247802734375,99.64752197265625,0.0035372482964550955,1,0.35247802734375,924.0,0,0.0,10.097577095031738
SV_NewDelhi_28.5760_77.0510.tif,NewDelhi,train,5.554962158203125,94.44503784179688,0.05881687683272613,8,2.646636962890625,404.0,1,0.0,21.87790298461914
SV_NewDelhi_28.5927_77.0411.tif,NewDelhi,train,15.839767456054688,84.16023254394531,0.18820964459412295,11,4.69512939453125,3301.0,2,0.0,31.014453887939453
SV_NewDelhi_28.6002_77.0488.tif,NewDelhi,train,20.633316040039062,79.36668395996094,0.2599745259666915,20,4.8046112060546875,719.0,4,0.0,30.288352966308594
SV_NewDelhi_28.5808_77.0472.tif,NewDelhi,train,36.27357482910156,63.72642517089844,0.569207745951932,33,8.821868896484375,1689.0,6,0.0,36.519325256347656
GF2_NewDelhi_28.5505_77.1193.tif,NewDelhi,train,12.90283203125,87.09716796875,0.14814295725297827,6,9.539413452148438,204.5,2,0.0,29.006996154785156
SV_NewDelhi_28.6031_77.0445.tif,NewDelhi,train,25.070953369140625,74.92904663085938,0.33459592102717617,26,5.8013916015625,1585.0,3,0.0,38.899993896484375
SV_NewDelhi_28.6031_77.0489.tif,NewDelhi,train,11.79962158203125,88.20037841796875,0.13378198363406743,13,4.04815673828125,707.0,2,0.0,32.06859588623047
SV_NewDelhi_28.5745_77.0526.tif,NewDelhi,train,1.3530731201171875,98.64692687988281,0.013716323081860965,3,1.00555419921875,520.0,0,0.0,19.80058479309082
SV_NewDelhi_28.5965_77.0412.tif,NewDelhi,train,26.3519287109375,73.6480712890625,0.35780880951394356,28,4.3109893798828125,789.0,7,0.0,21.522720336914062
GF2_NewDelhi_28.5557_77.1210.tif,NewDelhi,train,30.698013305664062,69.30198669433594,0.44296007618166905,5,20.911026000976562,1632.0,2,0.0,90.09491729736328
SV_NewDelhi_28.5913_77.0427.tif,NewDelhi,train,11.511993408203125,88.48800659179688,0.13009665209556573,11,6.1370849609375,848.0,1,0.0,20.731647491455078
SV_NewDelhi_28.5974_77.0488.tif,NewDelhi,train,29.4677734375,70.5322265625,0.41779162339910003,18,5.18646240234375,3063.5,6,0.0,38.24217987060547
SV_NewDelhi_28.5822_77.0485.tif,NewDelhi,train,12.929153442382812,87.07084655761719,0.14849003947408773,20,2.376556396484375,577.0,3,0.0,37.165992736816406
SV_NewDelhi_28.5850_77.0486.tif,NewDelhi,train,0.1903533935546875,99.80964660644531,0.001907164287488773,2,0.15716552734375,249.5,0,0.0,17.733078002929688
SV_NewDelhi_28.5927_77.0475.tif,NewDelhi,train,8.398056030273438,91.60194396972656,0.09167988872647619,11,2.072906494140625,1112.0,2,0.0,40.146053314208984
GF2_NewDelhi_28.5515_77.1193.tif,NewDelhi,train,16.326141357421875,83.67385864257812,0.19511639145459686,9,9.7442626953125,314.0,2,0.0,29.44434928894043
SV_NewDelhi_28.5809_77.0409.tif,NewDelhi,train,2.845001220703125,97.15499877929688,0.029283117250261104,14,1.236724853515625,266.0,0,0.0,5.68482780456543
SV_NewDelhi_28.5964_77.0444.tif,NewDelhi,train,26.69219970703125,73.30780029296875,0.3641113169452366,22,3.8997650146484375,2482.0,5,0.0,33.351749420166016
SV_NewDelhi_28.5808_77.0485.tif,NewDelhi,train,36.06681823730469,63.93318176269531,0.5641330095407435,24,16.988754272460938,729.5,6,0.0,39.59599304199219
SV_NewDelhi_28.5927_77.0443.tif,NewDelhi,train,12.611770629882812,87.38822937011719,0.14431887132611323,18,3.557586669921875,699.0,1,0.0,37.615055084228516
SV_NewDelhi_28.5837_77.0425.tif,NewDelhi,train,11.359405517578125,88.64059448242188,0.12815127858636804,15,2.3220062255859375,577.0,2,0.0,20.720476150512695
SV_NewDelhi_28.5975_77.0428.tif,NewDelhi,train,27.9327392578125,72.0672607421875,0.38759263180182085,15,6.09588623046875,2459.0,6,0.0,30.880952835083008
SV_NewDelhi_28.5941_77.0443.tif,NewDelhi,train,26.764678955078125,73.23532104492188,0.36546134533445845,19,4.1118621826171875,3420.0,4,0.0,37.61553192138672
SV_NewDelhi_28.5873_77.0474.tif,NewDelhi,train,26.268386840820312,73.73161315917969,0.3562703393469679,26,7.24029541015625,1048.5,4,0.0,40.41371154785156
SV_NewDelhi_28.5990_77.0412.tif,NewDelhi,train,18.1640625,81.8359375,0.22195704057279236,13,3.057861328125,3563.0,5,0.0,20.955312728881836
GF2_NewDelhi_28.5543_77.1210.tif,NewDelhi,train,47.301483154296875,52.698516845703125,0.8975866112663414,10,16.352081298828125,6483.0,5,0.0,29.621519088745117
SV_NewDelhi_28.5851_77.0441.tif,NewDelhi,train,18.056869506835938,81.94313049316406,0.2203585510849173,17,2.72674560546875,2646.0,4,0.0,20.719940185546875
SV_NewDelhi_28.5873_77.0486.tif,NewDelhi,train,19.56634521484375,80.43365478515625,0.24326067573463853,19,8.101272583007812,425.0,3,0.0,40.41387176513672
SV_Portsmouth_50.8213_-1.0540.tif,Portsmouth,train,20.2972412109375,79.7027587890625,0.2546617145920282,27,3.510284423828125,1565.0,2,0.0,11.19863510131836
SV_Portsmouth_50.7954_-1.0756.tif,Portsmouth,train,51.64985656738281,48.35014343261719,1.0682461912313506,36,5.570220947265625,1846.5,9,0.0,13.339369773864746
SV_Portsmouth_50.7895_-1.0900.tif,Portsmouth,train,31.274032592773438,68.72596740722656,0.45505409050793455,81,3.234100341796875,651.0,2,0.0,14.300294876098633
SV_Portsmouth_50.7968_-1.0716.tif,Portsmouth,train,29.095458984375,70.904541015625,0.41034690539726265,28,9.151840209960938,300.5,5,0.0,12.283648490905762
SV_Portsmouth_50.8012_-1.0873.tif,Portsmouth,train,30.181884765625,69.818115234375,0.43229303260774543,40,5.4149627685546875,1152.0,3,0.0,24.754364013671875
SV_Portsmouth_50.8267_-1.0605.tif,Portsmouth,train,22.019577026367188,77.98042297363281,0.28237314170266264,7,4.940032958984375,8172.0,6,0.0,11.714009284973145
SV_Portsmouth_50.8252_-1.0561.tif,Portsmouth,train,23.583602905273438,76.41639709472656,0.30861966543697367,32,6.3213348388671875,807.5,2,0.0,17.011890411376953
SV_Portsmouth_50.8010_-1.0731.tif,Portsmouth,train,51.7578125,48.2421875,1.0728744939271255,37,3.8532257080078125,1704.0,13,0.0,11.909290313720703
SV_Portsmouth_50.7997_-1.0776.tif,Portsmouth,train,47.28202819824219,52.71797180175781,0.8968863289362288,41,5.5240631103515625,2104.0,6,0.0,30.8378963470459
SV_Portsmouth_50.8280_-1.0560.tif,Portsmouth,train,28.569412231445312,71.43058776855469,0.39996048085190467,42,4.5963287353515625,683.0,5,0.0,14.104446411132812
SV_Portsmouth_50.8225_-1.0584.tif,Portsmouth,train,24.883270263671875,75.11672973632812,0.3312613628284429,9,5.5057525634765625,8090.0,5,0.0,19.052730560302734
SV_Portsmouth_50.7881_-1.0901.tif,Portsmouth,train,36.066436767578125,63.933563232421875,0.564123676893519,56,7.5588226318359375,668.5,5,0.0,36.10183334350586
SV_Portsmouth_50.7829_-1.0685.tif,Portsmouth,train,7.3154449462890625,92.68455505371094,0.07892841414677713,24,1.221466064453125,451.5,0,0.0,12.588654518127441
SV_Portsmouth_50.7815_-1.0686.tif,Portsmouth,train,1.287078857421875,98.71292114257812,0.013038605711635816,6,0.9365081787109375,225.0,0,0.0,5.599557876586914
SV_Portsmouth_50.7895_-1.0944.tif,Portsmouth,train,37.300872802734375,62.699127197265625,0.5949185334809749,75,2.5547027587890625,756.0,3,0.0,20.661191940307617
SV_Portsmouth_50.7984_-1.0857.tif,Portsmouth,train,20.0103759765625,79.9896240234375,0.25016214566403416,34,1.93634033203125,970.0,1,0.0,32.63166427612305
SV_Portsmouth_50.7985_-1.0941.tif,Portsmouth,train,35.64300537109375,64.35699462890625,0.5538326576095977,17,6.3167572021484375,2871.0,6,0.0,49.25757598876953
SV_Portsmouth_50.8223_-1.0501.tif,Portsmouth,train,2.5859832763671875,97.41401672363281,0.026546316057408023,6,1.7452239990234375,673.5,0,0.0,8.483413696289062
SV_Portsmouth_50.7956_-1.0876.tif,Portsmouth,train,27.048873901367188,72.95112609863281,0.3707807589535498,42,5.0991058349609375,1072.5,1,0.0,64.64752960205078
SV_Portsmouth_50.7971_-1.0919.tif,Portsmouth,train,36.368560791015625,63.631439208984375,0.5715501840461374,29,7.8144073486328125,1485.0,6,0.0,48.89023208618164
SV_Portsmouth_50.7880_-1.0862.tif,Portsmouth,train,33.78448486328125,66.21551513671875,0.5102200714368015,54,1.8505096435546875,1194.0,0,0.0,15.637989044189453
SV_Portsmouth_50.8279_-1.0498.tif,Portsmouth,train,14.194488525390625,85.80551147460938,0.16542630282660692,68,5.4325103759765625,261.0,1,0.0,11.335923194885254
SV_Portsmouth_50.7946_-1.0920.tif,Portsmouth,train,34.98802185058594,65.01197814941406,0.5381780842012616,52,3.9981842041015625,1078.5,4,0.0,16.253360748291016
SV_Portsmouth_50.7996_-1.0754.tif,Portsmouth,train,48.27384948730469,51.72615051269531,0.9332581104301717,41,3.2299041748046875,2696.0,7,0.0,14.932846069335938
SV_Portsmouth_50.7983_-1.0799.tif,Portsmouth,train,35.36529541015625,64.63470458984375,0.547156448452513,28,7.7205657958984375,1428.0,5,0.0,28.37761116027832
SV_Portsmouth_50.7922_-1.0860.tif,Portsmouth,train,44.08378601074219,55.91621398925781,0.7883900369079212,39,4.50897216796875,1673.0,7,0.0,13.601574897766113
SV_Portsmouth_50.7945_-1.0876.tif,Portsmouth,train,35.28709411621094,64.71290588378906,0.5452868115608844,48,3.038787841796875,1183.5,4,0.0,50.502464294433594
SV_Portsmouth_50.7985_-1.0896.tif,Portsmouth,train,22.882843017578125,77.11715698242188,0.29672830162546127,30,3.9569854736328125,1123.5,4,0.0,50.70000457763672
SV_Portsmouth_50.7985_-1.0919.tif,Portsmouth,train,34.08050537109375,65.91949462890625,0.5170019212518229,20,6.1779022216796875,2800.5,6,0.0,50.70000457763672
SV_Portsmouth_50.7970_-1.0858.tif,Portsmouth,train,19.097900390625,80.902099609375,0.23606186344775557,37,2.945709228515625,815.0,2,0.0,51.13731384277344
SV_Portsmouth_50.7828_-1.0619.tif,Portsmouth,train,1.58233642578125,98.41766357421875,0.016077768647575933,6,0.701904296875,464.0,0,0.0,14.028800964355469
SV_Portsmouth_50.8013_-1.0940.tif,Portsmouth,train,41.88270568847656,58.11729431152344,0.7206582168807556,11,23.711395263671875,4581.0,4,0.0,68.48393249511719
SV_Portsmouth_50.7909_-1.0922.tif,Portsmouth,train,36.73362731933594,63.26637268066406,0.5806185144318025,72,3.8898468017578125,666.5,4,0.0,19.987703323364258
SV_Portsmouth_50.8266_-1.0538.tif,Portsmouth,train,32.2357177734375,67.7642822265625,0.475703670344517,37,6.610870361328125,803.0,4,0.0,15.771111488342285
SV_Portsmouth_50.8213_-1.0518.tif,Portsmouth,train,1.189422607421875,98.81057739257812,0.012037401650799534,3,0.884246826171875,798.0,0,0.0,9.593806266784668
SV_Portsmouth_50.8013_-1.0895.tif,Portsmouth,train,49.67498779296875,50.32501220703125,0.9870834723022346,24,13.59100341796875,2400.0,5,0.0,33.62841033935547
SV_Portsmouth_50.7945_-1.0823.tif,Portsmouth,train,46.17462158203125,53.82537841796875,0.857859673990078,39,6.8881988525390625,1799.0,7,0.0,16.41353416442871
SV_Portsmouth_50.8252_-1.0539.tif,Portsmouth,train,33.89892578125,66.10107421875,0.5128347183748846,55,4.1015625,648.0,5,0.0,16.376981735229492
SV_Portsmouth_50.8224_-1.0540.tif,Portsmouth,train,23.063278198242188,76.93672180175781,0.2997694424473808,18,4.65240478515625,2415.5,3,0.0,31.61430549621582
SV_Portsmouth_50.7971_-1.0897.tif,Portsmouth,train,28.609466552734375,71.39053344726562,0.4007459416712086,31,4.815673828125,995.0,5,0.0,72.50288391113281
SV_Portsmouth_50.8000_-1.0962.tif,Portsmouth,train,7.5832366943359375,92.41676330566406,0.08205477473015087,11,1.930999755859375,1552.0,1,0.0,56.870235443115234
SV_Portsmouth_50.8212_-1.0501.tif,Portsmouth,train,0.0011444091796875,99.99885559082031,1.1444222765610873e-05,1,0.0011444091796875,3.0,0,0.0,2.49743914604187
SV_Portsmouth_50.8012_-1.0856.tif,Portsmouth,train,25.2471923828125,74.7528076171875,0.3377423964074301,42,2.6889801025390625,1065.5,3,0.0,24.75439453125
SV_Portsmouth_50.7971_-1.0941.tif,Portsmouth,train,38.78593444824219,61.21406555175781,0.63361147635992,21,6.7874908447265625,2870.0,8,0.0,48.88923645019531
SV_Portsmouth_50.8010_-1.0714.tif,Portsmouth,train,36.31858825683594,63.68141174316406,0.570316945913728,59,4.595947265625,748.0,4,0.0,10.954723358154297
SV_Portsmouth_50.7856_-1.0902.tif,Portsmouth,train,45.13587951660156,54.86412048339844,0.822684827878712,43,8.314132690429688,986.0,7,0.0,18.782577514648438
SV_Portsmouth_50.8239_-1.0584.tif,Portsmouth,train,28.847885131835938,71.15211486816406,0.4054396019751127,18,5.4714202880859375,721.5,6,0.0,19.051136016845703
SV_Portsmouth_50.8267_-1.0583.tif,Portsmouth,train,25.823211669921875,74.17678833007812,0.3481306248392903,18,4.7916412353515625,2040.5,5,0.0,12.937904357910156
SV_Portsmouth_50.7998_-1.0857.tif,Portsmouth,train,23.572921752929688,76.42707824707031,0.3084367778226994,39,2.6950836181640625,1198.0,2,0.0,17.89341926574707
SV_Portsmouth_50.7969_-1.0799.tif,Portsmouth,train,22.052383422851562,77.94761657714844,0.2829128636797416,20,7.9441070556640625,1312.5,2,0.0,29.32361602783203
SV_Portsmouth_50.8237_-1.0517.tif,Portsmouth,train,22.07794189453125,77.92205810546875,0.28333365970196017,31,4.970550537109375,962.0,2,0.0,10.404050827026367
SV_Portsmouth_50.7996_-1.0715.tif,Portsmouth,train,34.037017822265625,65.96298217773438,0.5160018043234366,28,6.9110870361328125,1008.5,7,0.0,10.357263565063477
SV_Portsmouth_50.7829_-1.0641.tif,Portsmouth,train,4.90875244140625,95.09124755859375,0.05162149585198735,16,0.70648193359375,650.0,0,0.0,14.028800964355469
SV_Portsmouth_50.7998_-1.0874.tif,Portsmouth,train,22.578811645507812,77.42118835449219,0.2916360769628735,32,5.3791046142578125,1280.5,2,0.0,17.897071838378906
SV_Portsmouth_50.8011_-1.0820.tif,Portsmouth,train,24.882125854492188,75.11787414550781,0.33124108126774227,25,3.1524658203125,2187.0,3,0.0,16.127944946289062
SV_Portsmouth_50.7867_-1.0901.tif,Portsmouth,train,50.018310546875,49.981689453125,1.0007326901941629,35,9.125518798828125,1165.0,9,0.0,17.271963119506836
SV_Portsmouth_50.7866_-1.0879.tif,Portsmouth,train,43.59550476074219,56.40449523925781,0.7729083395892088,47,6.20880126953125,1311.0,8,0.0,16.293834686279297
SV_Portsmouth_50.7972_-1.0963.tif,Portsmouth,train,33.54301452636719,66.45698547363281,0.504732712254539,19,5.941009521484375,2832.0,9,0.0,37.44824981689453
SV_Portsmouth_50.7945_-1.0859.tif,Portsmouth,train,44.537353515625,55.462646484375,0.8030152965775283,40,3.961944580078125,2190.0,8,0.0,18.508989334106445
SV_Portsmouth_50.7908_-1.0860.tif,Portsmouth,train,39.86854553222656,60.13145446777344,0.6630231363120198,48,3.5919189453125,1206.0,6,0.0,16.601089477539062
SV_Portsmouth_50.7955_-1.0800.tif,Portsmouth,train,34.72747802734375,65.27252197265625,0.5320382448512051,27,7.7648162841796875,2162.0,7,0.0,20.23785400390625
SV_Portsmouth_50.7923_-1.0899.tif,Portsmouth,train,34.3780517578125,65.6219482421875,0.5238803887829605,57,6.0955047607421875,843.0,3,0.0,19.98761558532715
SV_Portsmouth_50.7982_-1.0755.tif,Portsmouth,train,38.40751647949219,61.59248352050781,0.6235747332173095,37,6.975555419921875,1597.0,6,0.0,17.899951934814453
SV_Portsmouth_50.7958_-1.0964.tif,Portsmouth,train,29.1229248046875,70.8770751953125,0.4108934337997847,33,4.052734375,1110.0,5,0.0,51.8447265625
SV_Portsmouth_50.7880_-1.0879.tif,Portsmouth,train,40.04325866699219,59.95674133300781,0.6678691632786802,53,5.7643890380859375,885.0,4,0.0,15.421527862548828
SV_Portsmouth_50.7896_-1.0967.tif,Portsmouth,train,30.316543579101562,69.68345642089844,0.43506084709669296,50,2.669525146484375,879.5,3,0.0,21.93220329284668
SV_Portsmouth_50.7999_-1.0896.tif,Portsmouth,train,31.267929077148438,68.73207092285156,0.45492487942412185,23,7.98187255859375,2258.0,4,0.0,50.70000457763672
SV_Portsmouth_50.8239_-1.0606.tif,Portsmouth,train,25.484848022460938,74.51515197753906,0.3420089383987673,16,7.2963714599609375,1193.5,5,0.0,10.579824447631836
SV_Portsmouth_50.7867_-1.0946.tif,Portsmouth,train,36.222076416015625,63.777923583984375,0.5679406663077935,39,4.78363037109375,1385.0,6,0.0,31.765050888061523
SV_Portsmouth_50.7881_-1.0945.tif,Portsmouth,train,39.025115966796875,60.974884033203125,0.6400195192752843,53,7.5527191162109375,887.0,4,0.0,20.66088104248047
SV_Portsmouth_50.7868_-1.0968.tif,Portsmouth,train,12.36572265625,87.63427734375,0.14110600362167433,8,4.8007965087890625,1445.5,3,0.0,22.19987678527832
SV_Portsmouth_50.7982_-1.0716.tif,Portsmouth,train,33.27827453613281,66.72172546386719,0.4987621993402208,21,21.746444702148438,242.0,3,0.0,12.283648490905762
SV_Portsmouth_50.7968_-1.0755.tif,Portsmouth,train,30.850601196289062,69.14939880371094,0.4461441708822702,30,4.0584564208984375,1741.0,4,0.0,18.053571701049805
SV_Portsmouth_50.7943_-1.0717.tif,Portsmouth,train,48.003387451171875,51.996612548828125,0.9232022067994072,46,5.7773590087890625,1632.0,10,0.0,13.332624435424805
SV_Portsmouth_50.8237_-1.0500.tif,Portsmouth,train,19.887161254882812,80.11283874511719,0.24823937793734613,21,7.598876953125,921.0,1,0.0,9.82510757446289
SV_Portsmouth_50.7969_-1.0822.tif,Portsmouth,train,19.458389282226562,80.54161071777344,0.24159424065171572,32,2.848052978515625,949.5,3,0.0,18.00401496887207
SV_Portsmouth_50.7957_-1.0898.tif,Portsmouth,train,25.477981567382812,74.52201843261719,0.3418852857618182,44,4.7046661376953125,1229.0,1,0.0,64.64764404296875
SV_Portsmouth_50.8253_-1.0605.tif,Portsmouth,train,12.267684936523438,87.73231506347656,0.13983085853425223,17,4.9774169921875,670.0,2,0.0,9.256545066833496
SV_Portsmouth_50.7983_-1.0777.tif,Portsmouth,train,38.93165588378906,61.06834411621094,0.6375096041527419,33,9.148025512695312,1456.0,4,0.0,28.310462951660156
SV_Portsmouth_50.7882_-1.0967.tif,Portsmouth,train,20.449066162109375,79.55093383789062,0.25705626792239306,18,7.558441162109375,836.0,3,0.0,20.64447593688965
SV_Portsmouth_50.7867_-1.0923.tif,Portsmouth,train,40.625,59.375,0.6842105263157895,49,4.6417236328125,1186.0,6,0.0,31.731578826904297
SV_Portsmouth_50.7908_-1.0877.tif,Portsmouth,train,37.40386962890625,62.59613037109375,0.5975428418204421,65,3.585052490234375,746.0,5,0.0,18.07549285888672
SV_Portsmouth_50.8011_-1.0798.tif,Portsmouth,train,45.941925048828125,54.058074951171875,0.8498623950321078,36,6.005096435546875,1999.0,7,0.0,18.117673873901367
SV_Portsmouth_50.8213_-1.0563.tif,Portsmouth,train,22.454833984375,77.545166015625,0.28957103502558046,30,3.4816741943359375,1261.0,3,0.0,13.752945899963379
SV_Portsmouth_50.7810_-1.0686.tif,Portsmouth,train,0.3452301025390625,99.65476989746094,0.003464260696144144,5,0.098419189453125,198.0,0,0.0,2.8056368827819824
SV_Portsmouth_50.7956_-1.0858.tif,Portsmouth,train,29.914093017578125,70.08590698242188,0.42682037381753263,46,3.2024383544921875,1176.0,2,0.0,51.13645935058594
SV_Portsmouth_50.7829_-1.0663.tif,Portsmouth,train,5.5797576904296875,94.42024230957031,0.05909493085323432,18,0.7083892822265625,742.5,0,0.0,12.405739784240723
SV_Portsmouth_50.8238_-1.0562.tif,Portsmouth,train,39.45045471191406,60.54954528808594,0.6515400656473064,18,16.562652587890625,736.5,6,0.0,40.17545700073242
SV_Portsmouth_50.8251_-1.0500.tif,Portsmouth,train,34.954833984375,65.045166015625,0.5373932626442713,29,7.598114013671875,330.0,5,0.0,11.578760147094727
SV_Portsmouth_50.7996_-1.0732.tif,Portsmouth,train,45.439910888671875,54.560089111328125,0.8328415812509614,31,7.3825836181640625,1565.0,9,0.0,11.909290313720703
SV_Portsmouth_50.7881_-1.0923.tif,Portsmouth,train,25.664901733398438,74.33509826660156,0.3452595386549663,67,1.937103271484375,685.0,2,0.0,19.250133514404297
SV_Portsmouth_50.7924_-1.0965.tif,Portsmouth,train,28.266143798828125,71.73385620117188,0.3940418833689629,44,3.5037994384765625,1024.5,2,0.0,36.14643096923828
SV_Portsmouth_50.7946_-1.0898.tif,Portsmouth,train,27.38494873046875,72.61505126953125,0.3771249658534535,58,1.914215087890625,1130.0,1,0.0,50.50299072265625
SV_Portsmouth_50.7957_-1.0942.tif,Portsmouth,train,29.6875,70.3125,0.4222222222222222,31,6.1748504638671875,1409.0,3,0.0,51.840911865234375
SV_Portsmouth_50.7954_-1.0734.tif,Portsmouth,train,48.01902770996094,51.98097229003906,0.9237808681613033,38,5.2989959716796875,1435.5,8,0.0,13.339262008666992
SV_Portsmouth_50.7866_-1.0862.tif,Portsmouth,train,37.337493896484375,62.662506103515625,0.5958506325106839,55,2.86102294921875,1311.0,4,0.0,15.418310165405273
SV_Portsmouth_50.7982_-1.0733.tif,Portsmouth,train,29.09698486328125,70.90301513671875,0.4103772569780705,33,8.3648681640625,496.0,3,0.0,12.283702850341797
SV_Portsmouth_50.7955_-1.0778.tif,Portsmouth,train,55.11894226074219,44.88105773925781,1.2281114803702413,30,7.57293701171875,3110.5,10,0.0,20.23785400390625
SV_Portsmouth_50.7894_-1.0878.tif,Portsmouth,train,31.78253173828125,68.21746826171875,0.46590019460039817,76,4.1980743408203125,680.0,2,0.0,14.30044937133789
SV_Portsmouth_50.7997_-1.0798.tif,Portsmouth,train,52.23426818847656,47.76573181152344,1.093551092121551,25,19.267654418945312,1678.0,6,0.0,30.83863067626953
SV_Portsmouth_50.7957_-1.0920.tif,Portsmouth,train,31.758499145507812,68.24150085449219,0.4653839488850753,37,7.7114105224609375,1282.0,3,0.0,48.8907585144043
SV_Portsmouth_50.7969_-1.0777.tif,Portsmouth,train,36.91558837890625,63.08441162109375,0.5851776600633722,25,7.7465057373046875,2581.0,5,0.0,28.305789947509766
SV_Portsmouth_50.8253_-1.0583.tif,Portsmouth,train,15.850830078125,84.149169921875,0.1883658518894611,19,3.8654327392578125,726.0,3,0.0,16.638010025024414
SV_Portsmouth_50.7999_-1.0918.tif,Portsmouth,train,37.89215087890625,62.10784912109375,0.6101024494509004,18,7.86285400390625,4072.0,6,0.0,68.57027435302734
SV_Portsmouth_50.7997_-1.0820.tif,Portsmouth,train,23.490524291992188,76.50947570800781,0.3070276468975145,25,8.855438232421875,1299.0,2,0.0,15.89999771118164
SV_Portsmouth_50.8214_-1.0585.tif,Portsmouth,train,22.6715087890625,77.3284912109375,0.29318441927463595,11,5.4653167724609375,3514.0,3,0.0,16.187219619750977
SV_Portsmouth_50.8013_-1.0917.tif,Portsmouth,train,62.4664306640625,37.5335693359375,1.664281648914546,12,20.86029052734375,5732.5,6,0.0,68.57321166992188
SV_Portsmouth_50.7984_-1.0874.tif,Portsmouth,train,18.161773681640625,81.83822631835938,0.2219228653733208,30,2.0030975341796875,882.0,2,0.0,32.63295364379883
SV_Portsmouth_50.8011_-1.0776.tif,Portsmouth,train,47.41325378417969,52.58674621582031,0.9016198414252864,41,4.742431640625,1907.0,8,0.0,18.118144989013672
SV_Portsmouth_50.8225_-1.0606.tif,Portsmouth,train,30.11322021484375,69.88677978515625,0.43088578851990134,8,7.3307037353515625,10281.0,6,0.0,12.393461227416992
SV_Portsmouth_50.8224_-1.0562.tif,Portsmouth,train,32.23075866699219,67.76924133300781,0.4755956837205113,15,14.0625,3210.0,5,0.0,40.12285232543945
SV_Portsmouth_50.7947_-1.0964.tif,Portsmouth,train,27.50091552734375,72.49908447265625,0.37932776292804077,40,4.5074462890625,1122.0,2,0.0,51.84553146362305
SV_Portsmouth_50.7856_-1.0924.tif,Portsmouth,train,44.158172607421875,55.841827392578125,0.7907723416173678,36,8.306503295898438,1636.0,8,0.0,31.767436981201172
SV_Portsmouth_50.7894_-1.0861.tif,Portsmouth,train,36.5753173828125,63.4246826171875,0.5766732425540105,58,4.1778564453125,891.5,4,0.0,16.601089477539062
SV_Portsmouth_50.7857_-1.0968.tif,Portsmouth,train,2.7912139892578125,97.20878601074219,0.028713597852660824,6,1.0967254638671875,855.0,0,0.0,22.196605682373047
SV_Portsmouth_50.8281_-1.0582.tif,Portsmouth,train,32.01751708984375,67.98248291015625,0.4709671627050928,13,9.87091064453125,3302.0,4,0.0,12.336012840270996
SV_Portsmouth_50.7946_-1.0942.tif,Portsmouth,train,31.231307983398438,68.76869201660156,0.45415009457877775,43,4.004669189453125,1175.0,3,0.0,51.84056091308594
SV_Portsmouth_50.7922_-1.0877.tif,Portsmouth,train,40.19279479980469,59.80720520019531,0.6720393415018402,51,4.4696807861328125,1030.0,6,0.0,18.073518753051758
SV_Portsmouth_50.8280_-1.0538.tif,Portsmouth,train,27.481842041015625,72.51815795898438,0.3789649766967207,79,3.39202880859375,402.0,4,0.0,14.10982894897461
SV_Portsmouth_50.7999_-1.0940.tif,Portsmouth,train,27.124786376953125,72.87521362304688,0.3722086705262827,19,3.9386749267578125,3587.0,6,0.0,68.48393249511719
SV_Portsmouth_50.7856_-1.0880.tif,Portsmouth,train,33.785247802734375,66.21475219726562,0.5102374724907535,51,3.46832275390625,1157.0,4,0.0,16.348526000976562
SV_Portsmouth_50.7909_-1.0944.tif,Portsmouth,train,38.116455078125,61.883544921875,0.6159384554689812,70,4.2690277099609375,804.0,3,0.0,12.17428970336914
SV_Portsmouth_50.7828_-1.0597.tif,Portsmouth,train,0.17242431640625,99.82757568359375,0.001727221313605307,1,0.17242431640625,452.0,0,0.0,5.215585708618164
SV_Portsmouth_50.7944_-1.0778.tif,Portsmouth,train,52.62260437011719,47.37739562988281,1.1107112088053657,37,5.16357421875,3048.0,10,0.0,18.173748016357422
SV_Portsmouth_50.7923_-1.0943.tif,Portsmouth,train,29.744338989257812,70.25566101074219,0.42337284371589445,67,1.48773193359375,1001.0,0,0.0,13.869505882263184
SV_Portsmouth_50.7943_-1.0734.tif,Portsmouth,train,53.53202819824219,46.46797180175781,1.1520198993539277,41,5.2982330322265625,2632.0,8,0.0,11.86924934387207
SV_Portsmouth_50.8266_-1.0560.tif,Portsmouth,train,31.91375732421875,68.08624267578125,0.4687254879989243,33,6.6150665283203125,1403.0,5,0.0,14.698660850524902
SV_Portsmouth_50.7910_-1.0966.tif,Portsmouth,train,34.21592712402344,65.78407287597656,0.5201247905177763,54,2.5463104248046875,1070.5,2,0.0,36.148651123046875
SV_Portsmouth_50.8281_-1.0604.tif,Portsmouth,train,25.31280517578125,74.68719482421875,0.33891760475616484,7,12.677001953125,1933.0,3,0.0,10.909540176391602
SV_Portsmouth_50.8238_-1.0539.tif,Portsmouth,train,34.49897766113281,65.50102233886719,0.5266937282696686,31,5.614471435546875,953.0,6,0.0,31.61430549621582
SV_Portsmouth_50.8214_-1.0607.tif,Portsmouth,train,35.892486572265625,64.10751342773438,0.5598795625215705,10,16.080093383789062,4223.0,5,0.0,16.18385124206543
SV_Portsmouth_50.7944_-1.0801.tif,Portsmouth,train,44.79408264160156,55.20591735839844,0.8114000234938052,40,6.5952301025390625,2199.5,9,0.0,16.453243255615234
SV_Portsmouth_50.8223_-1.0518.tif,Portsmouth,train,5.0586700439453125,94.94132995605469,0.053282064263127656,8,1.4774322509765625,1591.5,0,0.0,9.599527359008789
SV_Portsmouth_50.7895_-1.0922.tif,Portsmouth,train,31.326675415039062,68.67332458496094,0.45616948945412533,86,1.950836181640625,671.5,1,0.0,13.507861137390137
SV_Portsmouth_50.7983_-1.0821.tif,Portsmouth,train,22.938919067382812,77.06108093261719,0.2976719089554529,31,1.971435546875,1244.0,1,0.0,18.00401496887207
SV_Portsmouth_50.7968_-1.0733.tif,Portsmouth,train,28.42254638671875,71.57745361328125,0.3970879788526722,30,6.197357177734375,967.0,5,0.0,13.335972785949707
SV_Portsmouth_50.8010_-1.0754.tif,Portsmouth,train,49.43885803222656,50.56114196777344,0.9778034298303192,29,5.6201934814453125,4728.0,12,0.0,14.884928703308105
SV_Portsmouth_50.8280_-1.0516.tif,Portsmouth,train,18.281936645507812,81.71806335449219,0.2237196513847978,107,1.6834259033203125,305.0,0,0.0,11.112438201904297
SV_Portsmouth_50.8266_-1.0516.tif,Portsmouth,train,28.95050048828125,71.04949951171875,0.4074694499924833,50,4.019927978515625,509.0,5,0.0,15.464376449584961
SV_Portsmouth_50.8251_-1.0517.tif,Portsmouth,train,34.372711181640625,65.62728881835938,0.5237563794045501,56,6.0764312744140625,574.5,5,0.0,16.190776824951172
SV_Portsmouth_50.8265_-1.0499.tif,Portsmouth,train,27.005386352539062,72.99461364746094,0.36996409739170427,30,8.203506469726562,396.5,6,0.0,11.578760147094727
SV_Portsmouth_50.7909_-1.0900.tif,Portsmouth,train,37.065887451171875,62.934112548828125,0.5889633769351065,71,5.9795379638671875,704.0,3,0.0,19.98761558532715
SV_Portsmouth_50.7970_-1.0875.tif,Portsmouth,train,21.563720703125,78.436279296875,0.27492023967006457,33,5.0731658935546875,762.0,4,0.0,72.50277709960938
SV_Portsmouth_50.8014_-1.0962.tif,Portsmouth,train,15.9027099609375,84.0972900390625,0.18909895852233552,18,4.8351287841796875,1591.5,2,0.0,56.8702392578125
SV_Portsmouth_50.7855_-1.0863.tif,Portsmouth,train,34.15794372558594,65.84205627441406,0.5187861020503937,57,2.820587158203125,1179.0,4,0.0,16.35420036315918
SV_Portsmouth_50.7954_-1.0717.tif,Portsmouth,train,44.158172607421875,55.841827392578125,0.7907723416173678,44,4.611968994140625,901.0,12,0.0,13.332624435424805
SV_Portsmouth_50.7923_-1.0921.tif,Portsmouth,train,31.70318603515625,68.29681396484375,0.4641971447083268,63,2.8400421142578125,784.0,2,0.0,19.987703323364258
SV_Portsmouth_50.7986_-1.0963.tif,Portsmouth,train,25.265884399414062,74.73411560058594,0.3380769839365835,13,6.0810089111328125,4000.0,5,0.0,43.52772903442383
SV_Portsmouth_50.7955_-1.0822.tif,Portsmouth,train,31.872177124023438,68.12782287597656,0.4678290862463814,26,8.017730712890625,2007.5,5,0.0,16.41353416442871
SV_Portsmouth_50.7857_-1.0946.tif,Portsmouth,train,20.366668701171875,79.63333129882812,0.2557555783362235,23,4.522705078125,1046.0,3,0.0,31.79071807861328
SV_Portsmouth_50.7943_-1.0756.tif,Portsmouth,train,53.46832275390625,46.53167724609375,1.1490736186260042,41,5.58624267578125,2559.0,7,0.0,9.916716575622559
SV_Rio_-22.9097_-43.1971.tif,Rio,train,31.51702880859375,68.48297119140625,0.4602170183373811,14,18.622589111328125,1065.0,3,0.0,30.934955596923828
SV_Rio_-22.9068_-43.1914.tif,Rio,train,36.74125671386719,63.25874328613281,0.5808091467716744,12,18.014907836914062,4298.5,5,0.0,43.3111686706543
SV_Rio_-22.9068_-43.1971.tif,Rio,train,30.822372436523438,69.17762756347656,0.44555405442664536,25,4.4475555419921875,2069.0,6,0.0,28.048595428466797
SV_Rio_-22.9118_-43.1689.tif,Rio,train,42.014312744140625,57.985687255859375,0.7245635040722077,30,21.511077880859375,2098.0,1,0.0,24.425676345825195
SV_Rio_-22.9120_-43.1802.tif,Rio,train,26.110076904296875,73.88992309570312,0.35336451589587914,16,8.004379272460938,2894.0,5,0.0,62.47607421875
SV_Rio_-22.9068_-43.1956.tif,Rio,train,51.14097595214844,48.85902404785156,1.0467048196063429,23,16.171646118164062,2712.0,7,0.0,77.05183410644531
SV_Rio_-22.9096_-43.1925.tif,Rio,train,72.75047302246094,27.249526977539062,2.669788473114667,13,28.807830810546875,10234.0,8,0.0,45.659053802490234
SV_Rio_-22.9083_-43.1971.tif,Rio,train,49.46098327636719,50.53901672363281,0.9786692833150923,14,17.079925537109375,5151.0,7,0.0,31.991729736328125
SV_Rio_-22.9104_-43.1684.tif,Rio,train,30.9295654296875,69.0704345703125,0.44779746388017494,9,26.569366455078125,1015.0,1,0.0,33.86640548706055
SV_Rio_-22.9104_-43.1690.tif,Rio,train,22.381210327148438,77.61878967285156,0.28834783976252376,8,17.668533325195312,1991.0,1,0.0,33.87199783325195
SV_Rio_-22.9068_-43.1941.tif,Rio,train,62.40692138671875,37.59307861328125,1.6600641311848034,15,24.840927124023438,2698.0,7,0.0,76.8740234375
SV_Rio_-22.9118_-43.1955.tif,Rio,train,45.57991027832031,54.42008972167969,0.8375566911305982,17,17.392730712890625,1205.0,4,0.0,24.174894332885742
SV_Rio_-22.9091_-43.1787.tif,Rio,train,43.424224853515625,56.575775146484375,0.7675409614995617,21,8.373641967773438,2984.0,8,0.0,148.5139923095703
SV_Rio_-22.9091_-43.1772.tif,Rio,train,37.54844665527344,62.45155334472656,0.601241196484091,19,5.6041717529296875,4373.0,7,0.0,132.73867797851562
SV_Rio_-22.9119_-43.1741.tif,Rio,train,13.140106201171875,86.85989379882812,0.15127932612495498,2,11.55242919921875,17223.0,1,0.0,40.87366485595703
SV_Rio_-22.9117_-43.1913.tif,Rio,train,48.02207946777344,51.97792053222656,0.9238938182992433,13,12.836456298828125,3857.0,5,0.0,58.1231575012207
SV_Rio_-22.9082_-43.1925.tif,Rio,train,68.07212829589844,31.927871704101562,2.132059691506267,17,17.760467529296875,3401.0,7,0.0,45.65520095825195
SV_Rio_-22.9028_-43.1691.tif,Rio,train,8.243942260742188,91.75605773925781,0.08984629967613592,14,3.5999298095703125,271.0,2,0.0,19.546772003173828
SV_Rio_-22.9118_-43.1684.tif,Rio,train,50.045013427734375,49.954986572265625,1.0018021595369366,30,32.71636962890625,1384.5,1,0.0,24.41817855834961
SV_Rio_-22.9119_-43.1757.tif,Rio,train,4.9068450927734375,95.09315490722656,0.05160040275833296,3,3.2806396484375,4149.0,1,0.0,68.739013671875
SV_Rio_-22.9091_-43.1757.tif,Rio,train,40.37590026855469,59.62409973144531,0.6771741703507975,14,6.3777923583984375,5066.0,8,0.0,142.53407287597656
SV_Rio_-22.9092_-43.1803.tif,Rio,train,31.126022338867188,68.87397766113281,0.45192717766368135,13,9.4085693359375,2974.0,6,0.0,148.52113342285156
SV_Rio_-22.9082_-43.1914.tif,Rio,train,69.5556640625,30.4443359375,2.284683239775461,10,40.05889892578125,4950.0,5,0.0,45.43763732910156
SV_Rio_-22.9105_-43.1705.tif,Rio,train,3.014373779296875,96.98562622070312,0.03108062397243571,5,1.003265380859375,1552.0,0,0.0,49.98286437988281
SV_Rio_-22.9097_-43.1986.tif,Rio,train,40.96870422363281,59.03129577636719,0.6940166852992303,13,11.8072509765625,5274.0,7,0.0,78.88013458251953
SV_Rio_-22.9068_-43.1925.tif,Rio,train,61.36054992675781,38.63945007324219,1.5880285514014079,18,21.680068969726562,3654.0,8,0.0,41.833736419677734
SV_Rio_-22.9105_-43.1787.tif,Rio,train,44.454193115234375,55.545806884765625,0.800315912368656,25,9.648513793945312,1670.0,9,0.0,106.27043151855469
SV_Rio_-22.9120_-43.1787.tif,Rio,train,20.43609619140625,79.56390380859375,0.25685135109218876,14,3.97491455078125,1207.5,5,0.0,99.55146026611328
SV_Rio_-22.9090_-43.1690.tif,Rio,train,27.9449462890625,72.0550537109375,0.3878277074245055,7,13.8946533203125,2729.0,3,0.0,61.22516632080078
SV_Rio_-22.9096_-43.1913.tif,Rio,train,78.78913879394531,21.210861206054688,3.7145657608402423,9,47.26295471191406,5194.0,5,0.0,49.82928466796875
SV_Rio_-22.9054_-43.1941.tif,Rio,train,36.4776611328125,63.5223388671875,0.5742493394186885,14,9.872817993164062,2806.0,5,0.0,76.87425994873047
SV_Rio_-22.9118_-43.1986.tif,Rio,train,48.096466064453125,51.903533935546875,0.9266510855345357,17,7.552337646484375,5289.0,9,0.0,25.347091674804688
SV_Rio_-22.9063_-43.1788.tif,Rio,train,27.863693237304688,72.13630676269531,0.3862644830011475,10,16.436767578125,1090.0,4,0.0,139.9335174560547
SV_Rio_-22.9039_-43.1685.tif,Rio,train,14.144134521484375,85.85586547851562,0.16474278656038674,18,7.2704315185546875,257.0,2,0.0,21.90745735168457
SV_Rio_-22.9119_-43.1705.tif,Rio,train,15.888214111328125,84.11178588867188,0.18889402886246337,18,6.93206787109375,1619.0,1,0.0,10.644659042358398
SV_Rio_-22.9119_-43.1684.tif,Rio,train,50.12016296386719,49.87983703613281,1.0048180976926666,29,32.7880859375,1452.0,1,0.0,24.418701171875
SV_Rio_-22.9077_-43.1772.tif,Rio,train,46.66023254394531,53.33976745605469,0.8747738276584637,13,10.275650024414062,6470.0,9,0.0,140.0851287841797
SV_Rio_-22.9119_-43.1772.tif,Rio,train,4.5818328857421875,95.41816711425781,0.04801845418237498,4,2.7980804443359375,2187.5,1,0.0,99.54840087890625
SV_Rio_-22.9082_-43.1940.tif,Rio,train,68.77479553222656,31.225204467773438,2.2025410787367905,12,44.18830871582031,4725.5,6,0.0,48.58613586425781
SV_Rio_-22.9062_-43.1705.tif,Rio,train,41.413116455078125,58.586883544921875,0.7068666901069136,20,21.347427368164062,1012.0,5,0.0,48.410099029541016
SV_Rio_-22.9039_-43.1691.tif,Rio,train,17.862701416015625,82.13729858398438,0.21747369007700237,18,7.25555419921875,278.5,3,0.0,21.86223030090332
SV_Rio_-22.9105_-43.1772.tif,Rio,train,31.804656982421875,68.19534301757812,0.466375790121385,16,4.900360107421875,4474.5,8,0.0,132.73973083496094
SV_Rio_-22.9054_-43.1971.tif,Rio,train,8.04595947265625,91.95404052734375,0.08749979257587574,14,1.5842437744140625,865.5,0,0.0,22.229642868041992
SV_Rio_-22.9119_-43.1689.tif,Rio,train,42.10395812988281,57.89604187011719,0.7272337930171113,30,21.584320068359375,2098.0,1,0.0,24.426198959350586
SV_Rio_-22.9063_-43.1730.tif,Rio,train,30.439376831054688,69.56062316894531,0.437594941568092,16,18.19000244140625,792.5,4,0.0,67.88541412353516
SV_Rio_-22.9062_-43.1685.tif,Rio,train,27.678680419921875,72.32131958007812,0.38271813319548914,21,23.383712768554688,244.0,1,0.0,22.489200592041016
SV_Rio_-22.9091_-43.1742.tif,Rio,train,30.216217041015625,69.78378295898438,0.4329976931570949,14,8.22296142578125,3241.5,4,0.0,142.53494262695312
SV_Rio_-22.8972_-43.1686.tif,Rio,train,1.3446807861328125,98.65531921386719,0.013630089049915126,7,1.142120361328125,77.0,0,0.0,19.72124671936035
SV_Rio_-22.9069_-43.1986.tif,Rio,train,13.756942749023438,86.24305725097656,0.15951362564744495,14,3.1070709228515625,2252.0,1,0.0,25.799861907958984
SV_Rio_-22.9090_-43.1684.tif,Rio,train,23.740005493164062,76.25999450683594,0.3113035300708815,7,13.917160034179688,2730.0,2,0.0,33.8862419128418
SV_Rio_-22.9076_-43.1684.tif,Rio,train,27.648162841796875,72.35183715820312,0.38213491084327184,11,14.633560180664062,138.0,2,0.0,21.724424362182617
SV_Rio_-22.9077_-43.1757.tif,Rio,train,46.518707275390625,53.481292724609375,0.8698126934763691,11,10.953903198242188,11956.0,7,0.0,82.4415054321289
SV_Rio_-22.9111_-43.1970.tif,Rio,train,21.478652954101562,78.52134704589844,0.2735390280753404,15,4.1595458984375,3412.0,5,0.0,30.948328018188477
SV_Rio_-22.9105_-43.1757.tif,Rio,train,29.135894775390625,70.86410522460938,0.41115166392127733,12,9.618759155273438,3077.0,4,0.0,142.462890625
SV_Rio_-22.9105_-43.1742.tif,Rio,train,20.997238159179688,79.00276184082031,0.26577853317946315,10,8.164215087890625,3068.5,2,0.0,142.4623260498047
SV_Rio_-22.9110_-43.1925.tif,Rio,train,64.35127258300781,35.64872741699219,1.8051492225872383,12,28.158950805664062,12141.0,8,0.0,49.47916793823242
SV_Rio_-22.9096_-43.1955.tif,Rio,train,51.177215576171875,48.822784423828125,1.04822402450268,19,26.69677734375,1144.0,5,0.0,46.712337493896484
SV_Rio_-22.9077_-43.1742.tif,Rio,train,32.25669860839844,67.74330139160156,0.47616071177182756,18,8.632278442382812,2284.0,3,0.0,117.74453735351562
SV_Rio_-22.9117_-43.1925.tif,Rio,train,61.57073974609375,38.42926025390625,1.6021838395870558,14,26.615142822265625,3666.5,6,0.0,49.47930145263672
SV_Rio_-22.9054_-43.1926.tif,Rio,train,34.391021728515625,65.60897827148438,0.5241816384673528,17,8.332061767578125,2807.0,7,0.0,76.24508666992188
SV_Rio_-22.9063_-43.1742.tif,Rio,train,31.588363647460938,68.41163635253906,0.46173962985886907,16,13.89312744140625,2625.0,2,0.0,80.67838287353516
SV_Rio_-22.9118_-43.1940.tif,Rio,train,65.58380126953125,34.41619873046875,1.9056085125249391,14,34.685516357421875,1893.5,5,0.0,45.26398849487305
SV_Rio_-22.9106_-43.1802.tif,Rio,train,26.214599609375,73.785400390625,0.3552816610141451,17,6.6272735595703125,1475.0,4,0.0,84.31611633300781
SV_Rio_-22.9077_-43.1788.tif,Rio,train,31.542587280273438,68.45741271972656,0.46076218815649433,11,6.615447998046875,7583.0,7,0.0,148.5153350830078
SV_Rio_-22.9055_-43.1986.tif,Rio,train,4.764556884765625,95.23544311523438,0.050029240468808835,11,1.2241363525390625,903.0,0,0.0,25.803842544555664
SV_Rio_-22.9063_-43.1803.tif,Rio,train,18.253326416015625,81.74667358398438,0.22329136606717873,14,7.926177978515625,1011.5,3,0.0,123.36094665527344
SV_Rio_-22.9110_-43.1913.tif,Rio,train,52.136993408203125,47.863006591796875,1.0892962461146092,12,14.25933837890625,4525.5,6,0.0,58.122833251953125
SV_Rio_-22.9077_-43.1803.tif,Rio,train,19.8822021484375,80.1177978515625,0.24816211480592695,7,9.405517578125,1816.0,3,0.0,148.52247619628906
SV_Rio_-22.9076_-43.1705.tif,Rio,train,35.96076965332031,64.03923034667969,0.5615428145941921,14,20.522689819335938,1805.5,5,0.0,65.06356048583984
SV_Rio_-22.9063_-43.1757.tif,Rio,train,50.53367614746094,49.46632385253906,1.021577352263,11,11.880111694335938,15052.0,6,0.0,123.40047454833984
SV_Rio_-22.9119_-43.1730.tif,Rio,train,18.96820068359375,81.03179931640625,0.2340834196403352,3,14.948654174804688,10330.0,2,0.0,20.671920776367188
SV_Rio_-22.9054_-43.1914.tif,Rio,train,13.341522216796875,86.65847778320312,0.15395518774486067,13,2.7568817138671875,2797.0,3,0.0,27.148488998413086
SV_Rio_-22.9028_-43.1706.tif,Rio,train,7.9952239990234375,92.00477600097656,0.0869000974355785,5,4.498291015625,1825.0,2,0.0,23.8138370513916
SV_Rio_-22.9091_-43.1730.tif,Rio,train,26.001739501953125,73.99826049804688,0.3513831180212597,19,8.135604858398438,490.0,4,0.0,119.18730926513672
SV_Rio_-22.9111_-43.1955.tif,Rio,train,43.869781494140625,56.130218505859375,0.7815715431352027,21,11.869430541992188,1178.0,5,0.0,43.64263153076172
SV_Rio_-22.9063_-43.1773.tif,Rio,train,45.93162536621094,54.06837463378906,0.8495100079725124,13,8.471298217773438,7766.0,9,0.0,140.08238220214844
SV_Rio_-22.9120_-43.1772.tif,Rio,train,4.4628143310546875,95.53718566894531,0.046712851124997505,5,2.79541015625,1304.0,1,0.0,99.54790496826172
SV_Rio_-22.9110_-43.1940.tif,Rio,train,67.80014038085938,32.199859619140625,2.1056036014690203,12,17.423629760742188,9799.0,7,0.0,44.50135803222656
SV_Rio_-22.9118_-43.1970.tif,Rio,train,22.8240966796875,77.1759033203125,0.2957412313654158,19,4.889678955078125,775.0,4,0.0,25.329301834106445
SV_Rio_-22.9111_-43.1986.tif,Rio,train,43.97010803222656,56.02989196777344,0.7847616064924189,19,7.5519561767578125,4788.0,9,0.0,25.346914291381836
SV_Rio_-22.9082_-43.1956.tif,Rio,train,71.14715576171875,28.85284423828125,2.465862816648157,12,19.733047485351562,9024.0,6,0.0,48.58610153198242
SV_Rio_-22.9077_-43.1730.tif,Rio,train,28.112030029296875,71.88796997070312,0.3910533297957018,19,7.5679779052734375,1603.0,6,0.0,117.73069763183594
SV_Rio_-22.9083_-43.1986.tif,Rio,train,30.4290771484375,69.5709228515625,0.4373821116813616,17,9.914398193359375,1499.0,3,0.0,78.58637237548828
SV_Rio_-22.8972_-43.1691.tif,Rio,train,3.363037109375,96.636962890625,0.0348007326470031,8,1.4286041259765625,145.0,0,0.0,29.81447982788086
SV_Rio_-22.9105_-43.1730.tif,Rio,train,13.23394775390625,86.76605224609375,0.1525244886833266,14,8.083343505859375,163.0,2,0.0,118.54861450195312
SV_Rio_-22.8972_-43.1707.tif,Rio,train,7.5656890869140625,92.43431091308594,0.08184935888176764,13,3.5579681396484375,482.0,1,0.0,30.056354522705078
SV_Rio_-22.9096_-43.1940.tif,Rio,train,64.33906555175781,35.66093444824219,1.8041889969299232,12,14.143753051757812,12003.5,9,0.0,46.71089172363281
SV_Rio_-22.9054_-43.1956.tif,Rio,train,17.849349975585938,82.15065002441406,0.217275821558093,12,7.3825836181640625,1826.0,2,0.0,77.05206298828125
SV_Rio_-22.9039_-43.1706.tif,Rio,train,20.789337158203125,79.21066284179688,0.2624562958111401,8,11.856460571289062,1613.0,3,0.0,23.820507049560547
SV_Rio_-22.9090_-43.1705.tif,Rio,train,14.836502075195312,85.16349792480469,0.17421198561260645,6,7.7239990234375,3603.0,2,0.0,65.05317687988281
SV_Rio_-22.9062_-43.1690.tif,Rio,train,38.16375732421875,61.83624267578125,0.6171745835903764,25,23.331451416015625,256.0,2,0.0,35.48660659790039
SV_Rio_-22.9076_-43.1690.tif,Rio,train,40.030670166015625,59.969329833984375,0.6675190514356958,14,14.613723754882812,635.0,5,0.0,60.937095642089844
SV_Rio_-22.9028_-43.1685.tif,Rio,train,6.6158294677734375,93.38417053222656,0.07084529883456359,15,3.582763671875,250.0,1,0.0,13.164063453674316
SV_SanDiego_32.7165_-117.2456.tif,SanDiego,train,22.697067260742188,77.30293273925781,0.2936119815440795,54,0.9357452392578125,1129.5,0,0.0,10.2381591796875
SV_SanDiego_32.7275_-117.2311.tif,SanDiego,train,32.94219970703125,67.05780029296875,0.4912508248572144,96,1.4629364013671875,734.0,0,0.0,11.479813575744629
SV_SanDiego_32.7289_-117.2307.tif,SanDiego,train,30.576324462890625,69.42367553710938,0.44043079290070886,87,1.4423370361328125,820.0,0,0.0,11.480731964111328
SV_SanDiego_32.7303_-117.2435.tif,SanDiego,train,25.078582763671875,74.92141723632812,0.33473182554149145,58,1.221466064453125,1208.0,0,0.0,8.578939437866211
SV_SanDiego_32.7303_-117.2307.tif,SanDiego,train,26.605224609375,73.394775390625,0.3624948024948025,90,1.67388916015625,626.0,0,0.0,10.625349998474121
SV_SanDiego_32.7261_-117.2378.tif,SanDiego,train,16.41693115234375,83.58306884765625,0.19641455355349874,49,0.862884521484375,903.0,0,0.0,14.949129104614258
SV_SanDiego_32.7261_-117.2405.tif,SanDiego,train,29.987335205078125,70.01266479492188,0.42831301012346484,88,1.1486053466796875,806.0,0,0.0,12.476929664611816
SV_SanDiego_32.7289_-117.2451.tif,SanDiego,train,32.28912353515625,67.71087646484375,0.4768676056338028,59,4.024505615234375,1050.0,3,0.0,9.96578311920166
SV_SanDiego_32.7112_-117.2490.tif,SanDiego,train,19.211578369140625,80.78842163085938,0.23780113512951997,37,2.4463653564453125,1445.0,1,0.0,12.51392650604248
SV_SanDiego_32.7250_-117.2418.tif,SanDiego,train,31.451034545898438,68.54896545410156,0.45881122111109257,107,2.411651611328125,616.0,1,0.0,11.186153411865234
SV_SanDiego_32.7261_-117.2344.tif,SanDiego,train,28.045654296875,71.954345703125,0.38977012469251,81,1.678466796875,689.0,0,0.0,13.527453422546387
SV_SanDiego_32.7250_-117.2405.tif,SanDiego,train,30.904769897460938,69.09523010253906,0.4472779069061277,114,0.971221923828125,622.5,0,0.0,12.343154907226562
SV_SanDiego_32.7179_-117.2457.tif,SanDiego,train,22.585678100585938,77.41432189941406,0.29175064182480276,51,1.6956329345703125,938.0,0,0.0,10.237923622131348
SV_SanDiego_32.7289_-117.2418.tif,SanDiego,train,17.1722412109375,82.8277587890625,0.20732471169079988,34,1.1508941650390625,1373.0,0,0.0,8.824325561523438
SV_SanDiego_32.7289_-117.2328.tif,SanDiego,train,27.540969848632812,72.45903015136719,0.3800902356973261,82,1.261138916015625,678.5,0,0.0,13.60759162902832
SV_SanDiego_32.7289_-117.2484.tif,SanDiego,train,28.922271728515625,71.07772827148438,0.4069104687483228,78,1.5506744384765625,735.0,0,0.0,11.607447624206543
SV_SanDiego_32.7289_-117.2344.tif,SanDiego,train,29.77447509765625,70.22552490234375,0.4239836603437412,59,1.7322540283203125,1153.0,0,0.0,13.443063735961914
SV_SanDiego_32.7303_-117.2344.tif,SanDiego,train,30.254364013671875,69.74563598632812,0.4337814629664067,59,1.6632080078125,1268.0,0,0.0,11.935274124145508
SV_SanDiego_32.7303_-117.2451.tif,SanDiego,train,25.196456909179688,74.80354309082031,0.33683507315406463,62,4.2026519775390625,702.0,2,0.0,10.143548965454102
SV_SanDiego_32.7122_-117.2490.tif,SanDiego,train,19.21844482421875,80.78155517578125,0.23790634857671747,38,1.044464111328125,1496.5,0,0.0,9.53719711303711
SV_SanDiego_32.7137_-117.2456.tif,SanDiego,train,22.502899169921875,77.49710083007812,0.2903708516691771,32,2.269744873046875,1641.0,1,0.0,12.029510498046875
SV_SanDiego_32.7250_-117.2468.tif,SanDiego,train,24.10888671875,75.89111328125,0.3176773363358533,69,1.3553619384765625,701.0,0,0.0,8.743204116821289
SV_SanDiego_32.7261_-117.2451.tif,SanDiego,train,4.5040130615234375,95.49598693847656,0.04716442235866052,19,1.041412353515625,271.0,0,0.0,11.148687362670898
SV_SanDiego_32.7317_-117.2328.tif,SanDiego,train,27.032089233398438,72.96791076660156,0.3704654408958548,60,2.138519287109375,1025.0,1,0.0,12.160691261291504
SV_SanDiego_32.7318_-117.2307.tif,SanDiego,train,26.8768310546875,73.1231689453125,0.36755561120153585,62,2.5238037109375,661.5,1,0.0,12.813028335571289
SV_SanDiego_32.7151_-117.2473.tif,SanDiego,train,19.681930541992188,80.31806945800781,0.24504984587910653,51,1.094818115234375,868.0,0,0.0,10.715604782104492
SV_SanDiego_32.7250_-117.2378.tif,SanDiego,train,22.813034057617188,77.18696594238281,0.2955555226078748,68,1.4404296875,722.0,0,0.0,12.510846138000488
SV_SanDiego_32.7136_-117.2490.tif,SanDiego,train,15.483474731445312,84.51652526855469,0.18320055968044052,32,1.497650146484375,1125.0,0,0.0,9.796296119689941
SV_SanDiego_32.7250_-117.2307.tif,SanDiego,train,29.259109497070312,70.74089050292969,0.4136095727528135,28,5.9703826904296875,1616.5,4,0.0,14.762002944946289
SV_SanDiego_32.7122_-117.2473.tif,SanDiego,train,22.585678100585938,77.41432189941406,0.29175064182480276,39,1.929473876953125,1505.0,1,0.0,9.80832290649414
SV_SanDiego_32.7112_-117.2473.tif,SanDiego,train,18.849563598632812,81.15043640136719,0.23227926348299024,32,2.4425506591796875,1456.5,2,0.0,10.122459411621094
SV_SanDiego_32.7261_-117.2434.tif,SanDiego,train,10.359573364257812,89.64042663574219,0.11556809525633333,22,1.7597198486328125,1263.0,0,0.0,9.809511184692383
SV_SanDiego_32.7250_-117.2484.tif,SanDiego,train,31.238174438476562,68.76182556152344,0.4542953038750659,95,0.9319305419921875,822.0,0,0.0,9.92788028717041
SV_SanDiego_32.7151_-117.2456.tif,SanDiego,train,21.13494873046875,78.86505126953125,0.2679887781754861,43,1.3851165771484375,1244.0,0,0.0,10.56024169921875
SV_SanDiego_32.7261_-117.2468.tif,SanDiego,train,20.593643188476562,79.40635681152344,0.2593450199126629,43,2.850341796875,1056.0,1,0.0,11.150293350219727
SV_SanDiego_32.7289_-117.2311.tif,SanDiego,train,29.63409423828125,70.36590576171875,0.42114279518594816,89,1.1951446533203125,848.0,0,0.0,11.480120658874512
SV_SanDiego_32.7261_-117.2361.tif,SanDiego,train,26.562118530273438,73.43788146972656,0.3616950543599653,73,1.677703857421875,904.0,0,0.0,14.962739944458008
SV_SanDiego_32.7289_-117.2378.tif,SanDiego,train,28.18756103515625,71.81243896484375,0.39251641416824257,58,1.4865875244140625,1342.5,0,0.0,9.329110145568848
SV_SanDiego_32.7151_-117.2490.tif,SanDiego,train,20.93963623046875,79.06036376953125,0.26485631019242273,49,1.1516571044921875,1069.0,0,0.0,9.795530319213867
SV_SanDiego_32.7317_-117.2418.tif,SanDiego,train,25.568008422851562,74.43199157714844,0.3435083205633485,57,0.881195068359375,1309.0,0,0.0,10.783018112182617
SV_SanDiego_32.7165_-117.2490.tif,SanDiego,train,26.392745971679688,73.60725402832031,0.35856175210020885,67,1.05743408203125,981.0,0,0.0,9.316088676452637
SV_SanDiego_32.7275_-117.2307.tif,SanDiego,train,32.41119384765625,67.58880615234375,0.47953493622305,86,1.4728546142578125,762.0,0,0.0,11.480424880981445
SV_SanDiego_32.7317_-117.2405.tif,SanDiego,train,27.314376831054688,72.68562316894531,0.3757878881710498,62,1.3713836669921875,1303.5,0,0.0,12.043729782104492
SV_SanDiego_32.7165_-117.2427.tif,SanDiego,train,22.14813232421875,77.85186767578125,0.28449069990788106,45,1.6628265380859375,1183.0,0,0.0,12.030080795288086
SV_SanDiego_32.7137_-117.2440.tif,SanDiego,train,17.103958129882812,82.89604187011719,0.20633021485732167,39,1.806640625,792.0,0,0.0,14.989551544189453
SV_SanDiego_32.7317_-117.2361.tif,SanDiego,train,29.164505004882812,70.83549499511719,0.41172162355741526,56,1.92718505859375,1402.0,1,0.0,8.577709197998047
SV_SanDiego_32.7112_-117.2456.tif,SanDiego,train,12.225341796875,87.774658203125,0.1392809957582922,23,1.739501953125,1014.0,0,0.0,13.120390892028809
SV_SanDiego_32.7317_-117.2345.tif,SanDiego,train,23.2269287109375,76.7730712890625,0.3025400484954486,51,1.718902587890625,1225.0,0,0.0,10.903848648071289
SV_SanDiego_32.7151_-117.2506.tif,SanDiego,train,23.030853271484375,76.96914672851562,0.29922188630619023,46,2.719879150390625,1059.5,1,0.0,9.155962944030762
SV_SanDiego_32.7275_-117.2405.tif,SanDiego,train,23.589324951171875,76.41067504882812,0.30871766197717493,44,1.447296142578125,1349.0,0,0.0,12.476929664611816
SV_SanDiego_32.7112_-117.2427.tif,SanDiego,train,26.0162353515625,73.9837646484375,0.3516478983624139,44,1.8688201904296875,1516.5,0,0.0,14.267416954040527
SV_SanDiego_32.7123_-117.2440.tif,SanDiego,train,18.117141723632812,81.88285827636719,0.22125683085566802,50,1.8096923828125,698.5,0,0.0,14.23542594909668
SV_SanDiego_32.7112_-117.2440.tif,SanDiego,train,14.058303833007812,85.94169616699219,0.16357954822873527,33,1.861572265625,884.0,0,0.0,14.26952075958252
SV_SanDiego_32.7179_-117.2506.tif,SanDiego,train,30.13458251953125,69.86541748046875,0.43132330137375235,46,4.6665191650390625,1043.0,4,0.0,12.236496925354004
SV_SanDiego_32.7303_-117.2328.tif,SanDiego,train,26.817703247070312,73.18229675292969,0.36645069145082176,76,1.5026092529296875,701.0,0,0.0,13.607959747314453
SV_SanDiego_32.7275_-117.2468.tif,SanDiego,train,26.455307006835938,73.54469299316406,0.35971741712614047,67,1.6056060791015625,732.0,0,0.0,11.150199890136719
SV_SanDiego_32.7250_-117.2311.tif,SanDiego,train,29.864501953125,70.135498046875,0.4258115046558176,33,4.9335479736328125,1263.0,3,0.0,11.714463233947754
SV_SanDiego_32.7123_-117.2427.tif,SanDiego,train,25.970077514648438,74.02992248535156,0.3508051426068585,56,1.8154144287109375,892.5,0,0.0,14.233305931091309
SV_SanDiego_32.7275_-117.2378.tif,SanDiego,train,23.840713500976562,76.15928649902344,0.31303751120728085,47,1.2645721435546875,1200.0,0,0.0,14.937801361083984
SV_SanDiego_32.7303_-117.2311.tif,SanDiego,train,26.659774780273438,73.34022521972656,0.3635082207669942,89,1.6696929931640625,606.0,0,0.0,10.750707626342773
SV_SanDiego_32.7136_-117.2506.tif,SanDiego,train,14.697647094726562,85.30235290527344,0.17230060595219462,26,3.4976959228515625,776.0,3,0.0,14.716352462768555
SV_SanDiego_32.7317_-117.2485.tif,SanDiego,train,28.888702392578125,71.11129760742188,0.4062463119722768,65,2.4806976318359375,841.0,1,0.0,11.328731536865234
SV_SanDiego_32.7179_-117.2473.tif,SanDiego,train,22.273635864257812,77.72636413574219,0.28656474687737726,67,1.3065338134765625,707.0,0,0.0,9.133258819580078
SV_SanDiego_32.7250_-117.2451.tif,SanDiego,train,13.619613647460938,86.38038635253906,0.1576702099001506,38,1.2966156005859375,736.0,0,0.0,9.387861251831055
SV_SanDiego_32.7289_-117.2468.tif,SanDiego,train,28.4271240234375,71.5728759765625,0.39717733339018463,89,1.605987548828125,396.0,0,0.0,10.42520523071289
SV_SanDiego_32.7165_-117.2473.tif,SanDiego,train,22.510910034179688,77.48908996582031,0.29050425090950266,64,0.8453369140625,883.5,0,0.0,9.313735961914062
SV_SanDiego_32.7289_-117.2361.tif,SanDiego,train,29.274368286132812,70.72563171386719,0.4139145537019358,69,1.473236083984375,1137.0,0,0.0,10.532593727111816
SV_SanDiego_32.7303_-117.2361.tif,SanDiego,train,28.541183471679688,71.45881652832031,0.39940744695048713,65,1.284027099609375,1221.0,0,0.0,9.988529205322266
SV_SanDiego_32.7122_-117.2506.tif,SanDiego,train,23.345947265625,76.654052734375,0.3045624651644239,18,12.31536865234375,1126.5,3,0.0,17.39474868774414
SV_SanDiego_32.7275_-117.2328.tif,SanDiego,train,28.514862060546875,71.48513793945312,0.3988921737088701,97,1.1745452880859375,619.0,0,0.0,11.805941581726074
SV_SanDiego_32.7151_-117.2440.tif,SanDiego,train,18.699264526367188,81.30073547363281,0.23000117302052786,45,1.38397216796875,703.0,0,0.0,14.98637580871582
SV_SanDiego_32.7250_-117.2434.tif,SanDiego,train,15.74554443359375,84.25445556640625,0.186880851911549,41,2.410125732421875,891.0,1,0.0,9.072734832763672
SV_SanDiego_32.7261_-117.2484.tif,SanDiego,train,29.38385009765625,70.61614990234375,0.4161066574472223,77,2.4791717529296875,869.0,1,0.0,9.441709518432617
SV_SanDiego_32.7165_-117.2506.tif,SanDiego,train,29.585647583007812,70.41435241699219,0.42016501703803627,56,2.9354095458984375,1057.5,3,0.0,9.798882484436035
SV_SanDiego_32.7317_-117.2468.tif,SanDiego,train,30.08880615234375,69.91119384765625,0.43038610122880155,60,2.5360107421875,880.0,2,0.0,10.300830841064453
SV_SanDiego_32.7165_-117.2440.tif,SanDiego,train,24.967575073242188,75.03242492675781,0.33275713929829737,49,1.2042999267578125,1388.0,0,0.0,10.512055397033691
SV_SanDiego_32.7275_-117.2418.tif,SanDiego,train,19.923019409179688,80.07698059082031,0.24879833457985776,38,1.1425018310546875,1388.0,0,0.0,9.812439918518066
SV_SanDiego_32.7261_-117.2328.tif,SanDiego,train,28.450393676757812,71.54960632324219,0.397631729072365,82,1.51214599609375,629.0,0,0.0,11.302833557128906
SV_SanDiego_32.7303_-117.2378.tif,SanDiego,train,28.510284423828125,71.48971557617188,0.39880259970331794,56,1.3271331787109375,1350.0,0,0.0,9.333300590515137
SV_SanDiego_32.7179_-117.2440.tif,SanDiego,train,23.964691162109375,76.03530883789062,0.3151784549623223,55,1.4919281005859375,1206.0,0,0.0,10.509638786315918
SV_SanDiego_32.7151_-117.2427.tif,SanDiego,train,18.659591674804688,81.34040832519531,0.22940125405080922,46,1.2294769287109375,888.5,0,0.0,14.984984397888184
SV_SanDiego_32.7317_-117.2378.tif,SanDiego,train,30.635452270507812,69.36454772949219,0.44165864657519177,50,1.9268035888671875,1555.0,1,0.0,9.1768798828125
SV_SanDiego_32.7112_-117.2506.tif,SanDiego,train,18.922042846679688,81.07795715332031,0.2333808535764864,25,8.649063110351562,977.0,1,0.0,17.38576889038086
SV_SanDiego_32.7275_-117.2361.tif,SanDiego,train,31.409072875976562,68.59092712402344,0.4579187684572903,64,2.228546142578125,1054.0,1,0.0,14.95507526397705
SV_SanDiego_32.7275_-117.2451.tif,SanDiego,train,23.045730590820312,76.95426940917969,0.2994730606599878,44,4.502105712890625,928.5,2,0.0,11.148592948913574
SV_SanDiego_32.7250_-117.2344.tif,SanDiego,train,28.900527954101562,71.09947204589844,0.40648020473970264,96,1.3820648193359375,625.0,0,0.0,13.519072532653809
SV_SanDiego_32.7137_-117.2473.tif,SanDiego,train,20.5078125,79.4921875,0.257985257985258,37,2.276611328125,1220.0,1,0.0,10.715604782104492
SV_SanDiego_32.7261_-117.2311.tif,SanDiego,train,31.59637451171875,68.40362548828125,0.46191081665885925,59,4.914093017578125,771.0,2,0.0,11.325007438659668
SV_SanDiego_32.7261_-117.2307.tif,SanDiego,train,31.222152709960938,68.77784729003906,0.45395652728553443,55,5.9497833251953125,676.0,3,0.0,14.761815071105957
SV_SanDiego_32.7318_-117.2311.tif,SanDiego,train,29.370880126953125,70.62911987304688,0.41584661085606267,71,2.516937255859375,643.0,2,0.0,12.812231063842773
SV_SanDiego_32.7250_-117.2361.tif,SanDiego,train,24.82757568359375,75.17242431640625,0.33027504313407086,81,1.093292236328125,707.0,0,0.0,13.51876163482666
SV_SanDiego_32.7137_-117.2427.tif,SanDiego,train,18.665313720703125,81.33468627929688,0.2294877447071956,46,1.351165771484375,824.0,0,0.0,14.988160133361816
SV_SanDiego_32.7317_-117.2451.tif,SanDiego,train,23.466873168945312,76.53312683105469,0.3066237345920539,52,1.818084716796875,1028.5,0,0.0,11.016225814819336
SV_SanDiego_32.7250_-117.2328.tif,SanDiego,train,30.108642578125,69.891357421875,0.430792070561523,82,4.3041229248046875,604.5,1,0.0,11.120380401611328
SV_SanDiego_32.7289_-117.2435.tif,SanDiego,train,26.972579956054688,73.02742004394531,0.36934866300662883,44,3.13568115234375,1378.5,1,0.0,8.394784927368164
SV_SanDiego_32.7317_-117.2435.tif,SanDiego,train,20.599746704101562,79.40025329589844,0.2594418260522814,50,1.819610595703125,1104.0,0,0.0,11.026798248291016
SV_SanDiego_32.7275_-117.2344.tif,SanDiego,train,29.555130004882812,70.44486999511719,0.4195497842061657,63,1.6780853271484375,997.0,0,0.0,11.808797836303711
SV_SanDiego_32.7261_-117.2418.tif,SanDiego,train,28.158187866210938,71.84181213378906,0.3919470713485443,81,1.7612457275390625,739.0,0,0.0,11.18603515625
SV_SanDiego_32.7303_-117.2484.tif,SanDiego,train,31.135177612304688,68.86482238769531,0.45212020495776206,64,2.4394989013671875,764.0,1,0.0,11.607973098754883
SV_SanDiego_32.7275_-117.2434.tif,SanDiego,train,16.553878784179688,83.44612121582031,0.19837804972822734,25,4.5024871826171875,1196.0,1,0.0,9.809566497802734
SV_SanDiego_32.7303_-117.2405.tif,SanDiego,train,24.895095825195312,75.10490417480469,0.33147097514767654,54,1.3843536376953125,1253.0,0,0.0,12.043447494506836
SV_SanDiego_32.7303_-117.2418.tif,SanDiego,train,24.151229858398438,75.84877014160156,0.3184129395019941,47,1.1631011962890625,1317.0,0,0.0,10.422514915466309
SV_SanDiego_32.7289_-117.2405.tif,SanDiego,train,15.84625244140625,84.15374755859375,0.18830120940690107,35,1.11541748046875,1140.0,0,0.0,9.844562530517578
SV_SanDiego_32.7122_-117.2456.tif,SanDiego,train,18.083953857421875,81.91604614257812,0.22076204491054216,34,1.7398834228515625,1118.5,0,0.0,13.139788627624512
SV_SanDiego_32.7179_-117.2427.tif,SanDiego,train,22.47467041015625,77.52532958984375,0.289900997893991,53,1.4049530029296875,1064.0,0,0.0,12.030080795288086
SV_SanDiego_32.7303_-117.2468.tif,SanDiego,train,29.080581665039062,70.91941833496094,0.41005104593057967,76,3.3718109130859375,611.0,2,0.0,10.425638198852539
SV_SanDiego_32.7179_-117.2490.tif,SanDiego,train,25.484085083007812,74.51591491699219,0.34199519809152296,77,0.891876220703125,895.0,0,0.0,9.277997016906738
SV_SanDiego_32.7275_-117.2484.tif,SanDiego,train,29.432296752929688,70.56770324707031,0.41707885333722544,73,1.514434814453125,851.0,0,0.0,10.764296531677246
SV_SaoLuis_-2.5302_-44.2988.tif,SaoLuis,train,73.20709228515625,26.79290771484375,2.7323309983484254,33,7.8929901123046875,2668.0,14,0.0,18.4349308013916
SV_SaoLuis_-2.5330_-44.2946.tif,SaoLuis,train,29.998779296875,70.001220703125,0.4285465166971837,32,8.315277099609375,933.5,4,0.0,44.284400939941406
SV_SaoLuis_-2.5316_-44.2960.tif,SaoLuis,train,51.493072509765625,48.506927490234375,1.0615612073168814,40,6.6028594970703125,1747.5,9,0.0,37.509151458740234
SV_SaoLuis_-2.5344_-44.2988.tif,SaoLuis,train,66.5069580078125,33.4930419921875,1.9856947608200455,42,10.533905029296875,358.0,11,0.0,22.534059524536133
SV_SaoLuis_-2.5355_-44.2960.tif,SaoLuis,train,65.54603576660156,34.45396423339844,1.9024236317939747,24,19.501113891601562,788.0,6,0.0,39.0309944152832
SV_SaoLuis_-2.5302_-44.2960.tif,SaoLuis,train,50.52680969238281,49.47319030761719,1.0212967746412627,40,9.553909301757812,701.5,10,0.0,37.50657272338867
SV_SaoLuis_-2.5344_-44.2946.tif,SaoLuis,train,32.33222961425781,67.66777038574219,0.4778084076059689,34,13.054656982421875,656.0,3,0.0,44.278038024902344
SV_SaoLuis_-2.5344_-44.2939.tif,SaoLuis,train,31.145477294921875,68.85452270507812,0.4523374220212966,30,12.792205810546875,647.5,3,0.0,21.826833724975586
SV_SaoLuis_-2.5288_-44.2960.tif,SaoLuis,train,44.88868713378906,55.11131286621094,0.8145094863328972,43,9.669113159179688,375.0,9,0.0,28.372318267822266
SV_SaoLuis_-2.5330_-44.2974.tif,SaoLuis,train,61.766815185546875,38.233184814453125,1.6155289046754335,33,10.7208251953125,958.0,10,0.0,22.171903610229492
SV_SaoLuis_-2.5355_-44.2946.tif,SaoLuis,train,55.87043762207031,44.12956237792969,1.2660546493434646,28,19.516754150390625,714.5,6,0.0,39.0628662109375
SV_SaoLuis_-2.5302_-44.2946.tif,SaoLuis,train,43.07365417480469,56.92634582519531,0.7566558778789645,42,10.847091674804688,346.5,8,0.0,37.52197265625
SV_SaoLuis_-2.5316_-44.2939.tif,SaoLuis,train,32.470703125,67.529296875,0.48083875632682577,33,8.4136962890625,611.0,5,0.0,30.331092834472656
SV_SaoLuis_-2.5344_-44.2960.tif,SaoLuis,train,53.03459167480469,46.96540832519531,1.129226670565397,48,16.417694091796875,1119.5,6,0.0,44.24616622924805
SV_SaoLuis_-2.5355_-44.2974.tif,SaoLuis,train,65.46821594238281,34.53178405761719,1.8958828143123847,28,16.842269897460938,794.5,9,0.0,18.01127815246582
SV_SaoLuis_-2.5316_-44.2988.tif,SaoLuis,train,73.47908020019531,26.520919799804688,2.770608287904722,28,9.28955078125,4897.0,14,0.0,18.47950553894043
SV_SaoLuis_-2.5316_-44.2974.tif,SaoLuis,train,59.94529724121094,40.05470275878906,1.4965857468024113,32,5.9326171875,2233.0,12,0.0,22.170120239257812
SV_SaoLuis_-2.5288_-44.2988.tif,SaoLuis,train,67.5323486328125,32.4676513671875,2.079988720744431,33,10.631942749023438,1663.0,9,0.0,19.41773223876953
SV_SaoLuis_-2.5344_-44.2974.tif,SaoLuis,train,62.6678466796875,37.3321533203125,1.6786560941715034,36,10.065078735351562,1019.5,10,0.0,20.355321884155273
SV_SaoLuis_-2.5288_-44.2974.tif,SaoLuis,train,45.8648681640625,54.1351318359375,0.847229268842663,28,8.0596923828125,1567.0,7,0.0,26.589496612548828
SV_SaoLuis_-2.5302_-44.2939.tif,SaoLuis,train,45.186614990234375,54.813385009765625,0.8243719117544714,52,19.701385498046875,224.5,5,0.0,30.341110229492188
SV_SaoLuis_-2.5330_-44.2960.tif,SaoLuis,train,55.29518127441406,44.70481872558594,1.2368953247263015,45,13.783645629882812,1276.0,5,0.0,44.25252914428711
SV_SaoLuis_-2.5330_-44.2939.tif,SaoLuis,train,25.295257568359375,74.70474243164062,0.33860310262773574,35,4.23736572265625,448.0,7,0.0,24.303285598754883
SV_SaoLuis_-2.5330_-44.2988.tif,SaoLuis,train,73.11592102050781,26.884078979492188,2.719673643135864,30,10.555648803710938,3652.0,13,0.0,20.354793548583984
SV_SaoLuis_-2.5288_-44.2939.tif,SaoLuis,train,37.19139099121094,62.80860900878906,0.592138427807032,52,8.76617431640625,237.0,5,0.0,27.33163833618164
SV_SaoLuis_-2.5316_-44.2946.tif,SaoLuis,train,35.126495361328125,64.87350463867188,0.5414613493902224,31,6.6318511962890625,775.0,7,0.0,37.52455139160156
SV_SaoLuis_-2.5355_-44.2988.tif,SaoLuis,train,65.58036804199219,34.41963195800781,1.9053186891132563,42,11.292648315429688,250.5,9,0.0,22.54335594177246
SV_SaoLuis_-2.5355_-44.2939.tif,SaoLuis,train,51.696014404296875,48.303985595703125,1.070222545132911,25,16.190338134765625,778.0,5,0.0,21.825592041015625
SV_SaoLuis_-2.5288_-44.2946.tif,SaoLuis,train,43.51387023925781,56.48612976074219,0.770346108391018,49,7.807159423828125,302.0,7,0.0,28.37447166442871
SV_SaoLuis_-2.5302_-44.2974.tif,SaoLuis,train,66.17889404296875,33.82110595703125,1.9567335889916535,31,7.85064697265625,658.0,12,0.0,26.58974266052246
SV_Sydney_-33.8634_151.1875.tif,Sydney,train,0.9120941162109375,99.08790588378906,0.009204898499728588,2,0.67138671875,1195.5,0,0.0,31.40984535217285
SV_Sydney_-33.8648_151.1892.tif,Sydney,train,28.15399169921875,71.84600830078125,0.3918657746628438,22,5.6568145751953125,2834.5,3,0.0,45.35285186767578
SV_Sydney_-33.8688_151.1924.tif,Sydney,train,53.15132141113281,46.84867858886719,1.13453192303621,31,7.0171356201171875,1548.0,10,0.0,58.57346725463867
SV_Sydney_-33.8662_151.1874.tif,Sydney,train,26.630401611328125,73.36959838867188,0.36296234675096445,14,15.495681762695312,2910.0,1,0.0,71.91275787353516
SV_Sydney_-33.8663_151.1925.tif,Sydney,train,54.76570129394531,45.23429870605469,1.2107118461110316,27,23.156356811523438,1271.0,8,0.0,62.252723693847656
SV_Sydney_-33.8620_151.1909.tif,Sydney,train,0.4047393798828125,99.59526062011719,0.004063841766794468,1,0.4047393798828125,1061.0,0,0.0,22.433815002441406
SV_Sydney_-33.8688_151.1941.tif,Sydney,train,56.90727233886719,43.09272766113281,1.3205771699198867,20,13.788604736328125,3552.0,8,0.0,59.077415466308594
SV_Sydney_-33.8649_151.1942.tif,Sydney,train,28.226470947265625,71.77352905273438,0.3932713260696253,17,6.533050537109375,2371.0,5,0.0,31.679447174072266
SV_Sydney_-33.8687_151.1874.tif,Sydney,train,27.967453002929688,72.03254699707031,0.38826133697684145,11,7.2399139404296875,4679.0,5,0.0,45.14121627807617
SV_Sydney_-33.8621_151.1926.tif,Sydney,train,17.91229248046875,82.08770751953125,0.21820919382121678,2,17.507171630859375,23478.0,1,0.0,22.431798934936523
SV_Sydney_-33.8663_151.1908.tif,Sydney,train,48.541259765625,51.458740234375,0.9433044715929308,38,6.476593017578125,1439.5,9,0.0,55.80178451538086
SV_Sydney_-33.8688_151.1954.tif,Sydney,train,51.94816589355469,48.05183410644531,1.0810860159568134,16,9.38720703125,6570.0,10,0.0,65.3119888305664
SV_Sydney_-33.8677_151.1925.tif,Sydney,train,58.685302734375,41.314697265625,1.420446151573349,32,17.604446411132812,1104.0,5,0.0,62.12816619873047
SV_Sydney_-33.8676_151.1874.tif,Sydney,train,39.46571350097656,60.53428649902344,0.65195636693617,14,23.27728271484375,3049.0,3,0.0,71.38458251953125
SV_Sydney_-33.8621_151.1956.tif,Sydney,train,7.045745849609375,92.95425415039062,0.07579799239968155,4,3.740692138671875,3697.5,1,0.0,20.400001525878906
SV_Sydney_-33.8635_151.1926.tif,Sydney,train,29.514694213867188,70.48530578613281,0.41873542130073116,16,16.061782836914062,2758.5,2,0.0,30.536327362060547
SV_Sydney_-33.8649_151.1925.tif,Sydney,train,31.679916381835938,68.32008361816406,0.46369844274331784,28,3.2985687255859375,2036.0,7,0.0,34.24965286254883
SV_Sydney_-33.8648_151.1908.tif,Sydney,train,33.27598571777344,66.72401428222656,0.4987107876487168,30,4.8858642578125,1339.5,5,0.0,44.49769973754883
SV_Sydney_-33.8635_151.1942.tif,Sydney,train,33.331298828125,66.668701171875,0.49995422502975373,12,10.910797119140625,3999.5,5,0.0,36.075721740722656
SV_Sydney_-33.8648_151.1875.tif,Sydney,train,8.545303344726562,91.45469665527344,0.09343755604960312,10,1.5529632568359375,2650.0,0,0.0,33.90541076660156
SV_Sydney_-33.8649_151.1955.tif,Sydney,train,22.2015380859375,77.7984619140625,0.28537245518377596,11,6.2572479248046875,2256.0,4,0.0,28.200000762939453
SV_Sydney_-33.8663_151.1955.tif,Sydney,train,27.921295166015625,72.07870483398438,0.3873723207197671,11,9.7991943359375,1408.0,4,0.0,53.97969436645508
SV_Sydney_-33.8687_151.1908.tif,Sydney,train,43.51806640625,56.48193359375,0.7704776312945754,20,9.639739990234375,2676.5,8,0.0,48.72781753540039
SV_Sydney_-33.8634_151.1909.tif,Sydney,train,11.359024047851562,88.64097595214844,0.12814642354551206,13,1.94244384765625,2772.0,1,0.0,43.67448425292969
SV_Sydney_-33.8687_151.1891.tif,Sydney,train,40.00396728515625,59.99603271484375,0.6667768763193367,14,7.8662872314453125,6924.0,9,0.0,48.702964782714844
SV_Sydney_-33.8677_151.1908.tif,Sydney,train,49.10011291503906,50.89988708496094,0.9646409005403542,31,14.060592651367188,1455.0,6,0.0,55.77003479003906
SV_Sydney_-33.8676_151.1891.tif,Sydney,train,45.22743225097656,54.77256774902344,0.825731458459567,25,9.881210327148438,3629.0,7,0.0,70.11859130859375
SV_Sydney_-33.8621_151.1943.tif,Sydney,train,24.460220336914062,75.53977966308594,0.3238058205359983,4,20.172882080078125,5545.5,2,0.0,20.400001525878906
SV_Sydney_-33.8635_151.1955.tif,Sydney,train,20.798110961914062,79.20188903808594,0.26259614782562624,8,7.9463958740234375,6081.0,5,0.0,36.075721740722656
SV_Sydney_-33.8677_151.1941.tif,Sydney,train,64.349365234375,35.650634765625,1.8049991439821949,12,42.844390869140625,3039.0,4,0.0,62.108612060546875
SV_Sydney_-33.8663_151.1942.tif,Sydney,train,49.712371826171875,50.287628173828125,0.9885606784701045,11,38.54522705078125,1827.0,2,0.0,62.2205696105957
SV_Sydney_-33.8662_151.1891.tif,Sydney,train,50.62103271484375,49.37896728515625,1.025153734433423,26,8.47015380859375,3356.5,7,0.0,71.89900207519531
SV_Sydney_-33.8677_151.1954.tif,Sydney,train,43.622589111328125,56.377410888671875,0.7737600649570336,12,19.161605834960938,3658.0,5,0.0,53.97712326049805
SV_Sydney_-33.8634_151.1892.tif,Sydney,train,2.2739410400390625,97.72605895996094,0.023268522891839036,7,1.05743408203125,630.0,0,0.0,43.769832611083984
SV_Copenhagen_55.6747_12.5414.tif,Copenhagen,val,36.444854736328125,63.555145263671875,0.5734367309700731,62,5.6110382080078125,818.5,3,0.0,27.279293060302734
SV_Copenhagen_55.6828_12.5583.tif,Copenhagen,val,15.447616577148438,84.55238342285156,0.18269877148103533,7,4.3975830078125,3848.0,3,0.0,28.928762435913086
SV_Copenhagen_55.6748_12.5454.tif,Copenhagen,val,41.31736755371094,58.68263244628906,0.7040816989852633,40,5.78460693359375,1162.0,7,0.0,29.24071502685547
SV_Copenhagen_55.6724_12.5589.tif,Copenhagen,val,56.38160705566406,43.61839294433594,1.292610828822053,38,7.115936279296875,1753.5,14,0.0,27.412233352661133
SV_Copenhagen_55.6762_12.5631.tif,Copenhagen,val,45.435333251953125,54.564666748046875,0.8326878172233951,16,12.578582763671875,2997.5,7,0.0,63.91210174560547
SV_Copenhagen_55.6801_12.5629.tif,Copenhagen,val,25.207138061523438,74.79286193847656,0.3370259862800602,10,7.2353363037109375,7612.5,6,0.0,34.54533004760742
SV_Copenhagen_55.6799_12.5366.tif,Copenhagen,val,45.433807373046875,54.566192626953125,0.8326365682806448,41,9.472274780273438,1020.0,6,0.0,32.40810775756836
SV_Copenhagen_55.6984_12.5817.tif,Copenhagen,val,50.383758544921875,49.616241455078125,1.0154690695493058,19,12.770462036132812,4679.0,9,0.0,25.86232566833496
SV_Copenhagen_55.6739_12.5632.tif,Copenhagen,val,53.10707092285156,46.89292907714844,1.1325176730905333,12,38.187408447265625,2641.5,3,0.0,39.624977111816406
SV_Copenhagen_55.6999_12.5877.tif,Copenhagen,val,38.800811767578125,61.199188232421875,0.6340086018824409,12,7.5687408447265625,7599.5,8,0.0,24.01388931274414
SV_Copenhagen_55.6939_12.5502.tif,Copenhagen,val,34.5947265625,65.4052734375,0.5289287047405749,14,9.810256958007812,3166.5,6,0.0,24.97102165222168
SV_Copenhagen_55.6770_12.5512.tif,Copenhagen,val,38.00468444824219,61.99531555175781,0.6130250989127292,30,7.76214599609375,1857.0,7,0.0,24.74422836303711
SV_Copenhagen_55.6699_12.5541.tif,Copenhagen,val,47.994232177734375,52.005767822265625,0.9228636396977922,31,13.0889892578125,68.0,7,0.0,25.192155838012695
SV_Copenhagen_55.6798_12.5510.tif,Copenhagen,val,46.19140625,53.80859375,0.8584392014519057,24,12.093353271484375,1421.5,9,0.0,33.85326385498047
SV_Copenhagen_55.6800_12.5585.tif,Copenhagen,val,40.753173828125,59.246826171875,0.687854125888534,10,18.620681762695312,424.0,3,0.0,29.410192489624023
SV_Copenhagen_55.6950_12.5501.tif,Copenhagen,val,44.19059753417969,55.80940246582031,0.7918127695641178,15,11.837387084960938,2640.0,6,0.0,24.971559524536133
SV_Copenhagen_55.6800_12.5610.tif,Copenhagen,val,43.20716857910156,56.79283142089844,0.7607856044170098,13,15.718460083007812,1620.0,6,0.0,34.54865646362305
SV_Copenhagen_55.6947_12.5881.tif,Copenhagen,val,23.151779174804688,76.84822082519531,0.30126630032811624,14,7.21282958984375,1764.0,3,0.0,67.23519897460938
SV_Copenhagen_55.6815_12.5628.tif,Copenhagen,val,17.041015625,82.958984375,0.20541494997057091,10,9.74578857421875,1360.0,2,0.0,34.547176361083984
SV_Copenhagen_55.6800_12.5451.tif,Copenhagen,val,45.92132568359375,54.07867431640625,0.8491577551423493,38,12.836837768554688,1033.0,7,0.0,24.76211929321289
SV_Copenhagen_55.7013_12.5865.tif,Copenhagen,val,47.076416015625,52.923583984375,0.8895167800715027,21,8.97064208984375,3290.0,10,0.0,23.824846267700195
SV_Copenhagen_55.6797_12.5292.tif,Copenhagen,val,46.154022216796875,53.845977783203125,0.8571489295379514,26,17.37060546875,794.5,3,0.0,55.83183288574219
SV_Copenhagen_55.6909_12.5822.tif,Copenhagen,val,36.04164123535156,63.95835876464844,0.5635172936187471,26,9.94873046875,1815.5,7,0.0,24.215280532836914
SV_Copenhagen_55.6762_12.5612.tif,Copenhagen,val,38.74359130859375,61.25640869140625,0.6324822518370905,14,22.45025634765625,1745.0,5,0.0,63.91230773925781
SV_Copenhagen_55.6769_12.5294.tif,Copenhagen,val,21.103668212890625,78.89633178710938,0.26748605080697413,15,9.397125244140625,952.0,2,0.0,26.935319900512695
SV_Copenhagen_55.6758_12.5454.tif,Copenhagen,val,46.063995361328125,53.936004638671875,0.8540490840936417,41,8.965682983398438,849.0,6,0.0,23.458829879760742
SV_Copenhagen_55.6799_12.5410.tif,Copenhagen,val,35.40229797363281,64.59770202636719,0.5480426836109815,40,8.0535888671875,1158.0,5,0.0,23.005937576293945
SV_Copenhagen_55.6784_12.5511.tif,Copenhagen,val,37.348175048828125,62.651824951171875,0.5961226999841693,30,5.7254791259765625,1722.0,7,0.0,27.07501792907715
SV_Copenhagen_55.6881_12.5848.tif,Copenhagen,val,57.29179382324219,42.70820617675781,1.3414703859517494,39,6.072235107421875,2901.0,12,0.0,31.458681106567383
SV_Copenhagen_55.6923_12.5821.tif,Copenhagen,val,7.843780517578125,92.15621948242188,0.08511395716568287,9,3.52630615234375,476.0,2,0.0,26.743309020996094
SV_Copenhagen_55.6957_12.5880.tif,Copenhagen,val,22.438812255859375,77.56118774414062,0.2893046497673641,15,6.9759368896484375,1283.0,3,0.0,30.753376007080078
SV_Copenhagen_55.6805_12.5853.tif,Copenhagen,val,55.336761474609375,44.663238525390625,1.2389778104234639,11,25.237274169921875,5083.0,6,0.0,35.417720794677734
SV_Copenhagen_55.6992_12.5523.tif,Copenhagen,val,40.30647277832031,59.69352722167969,0.6752235067067989,16,9.035110473632812,2917.0,7,0.0,24.57770538330078
SV_Copenhagen_55.6950_12.5526.tif,Copenhagen,val,37.00370788574219,62.99629211425781,0.5873950139577694,20,7.88726806640625,3444.0,8,0.0,21.738910675048828
SV_Copenhagen_55.6746_12.5370.tif,Copenhagen,val,40.73371887207031,59.26628112792969,0.6873000650090434,38,5.429840087890625,755.5,7,0.0,40.83128356933594
SV_Copenhagen_55.6833_12.5826.tif,Copenhagen,val,62.53166198730469,37.46833801269531,1.6689200883721405,14,17.968368530273438,5402.5,7,0.0,25.96658706665039
SV_Copenhagen_55.6770_12.5343.tif,Copenhagen,val,37.12310791015625,62.87689208984375,0.5904093964617662,42,6.78253173828125,776.0,5,0.0,22.652490615844727
SV_Copenhagen_55.6791_12.5829.tif,Copenhagen,val,59.99946594238281,40.00053405761719,1.4999666218445722,12,17.06695556640625,9835.5,7,0.0,35.417236328125
SV_Copenhagen_55.6857_12.5875.tif,Copenhagen,val,68.12477111816406,31.875228881835938,2.1372323747292334,13,35.41526794433594,4241.0,6,0.0,61.65652847290039
SV_Copenhagen_55.6805_12.5828.tif,Copenhagen,val,61.7767333984375,38.2232666015625,1.6162075848303392,9,16.230010986328125,6416.0,7,0.0,35.41853332519531
SV_Copenhagen_55.6868_12.5886.tif,Copenhagen,val,62.44316101074219,37.55683898925781,1.6626309000233614,19,18.62335205078125,3111.0,6,0.0,61.65729904174805
SV_Copenhagen_55.6951_12.5575.tif,Copenhagen,val,41.796875,58.203125,0.7181208053691275,35,6.1313629150390625,1860.0,7,0.0,27.920026779174805
SV_Copenhagen_55.6777_12.5855.tif,Copenhagen,val,41.526031494140625,58.473968505859375,0.7101627023994364,9,16.746902465820312,3575.0,3,0.0,26.483034133911133
SV_Copenhagen_55.6710_12.5566.tif,Copenhagen,val,55.36842346191406,44.63157653808594,1.2405661586851169,45,8.563995361328125,455.0,12,0.0,27.41347312927246
SV_Copenhagen_55.6799_12.5560.tif,Copenhagen,val,7.2536468505859375,92.74635314941406,0.07820951017772458,8,3.0445098876953125,1808.0,1,0.0,29.129846572875977
SV_Copenhagen_55.6792_12.5879.tif,Copenhagen,val,53.50990295410156,46.49009704589844,1.150995724987897,13,13.329696655273438,7715.0,7,0.0,25.420616149902344
SV_Copenhagen_55.6771_12.5537.tif,Copenhagen,val,15.968704223632812,84.03129577636719,0.1900328214160875,20,2.8472900390625,1870.0,2,0.0,22.919382095336914
SV_Copenhagen_55.6785_12.5536.tif,Copenhagen,val,26.099014282226562,73.90098571777344,0.3531619237380437,26,5.959320068359375,1945.5,3,0.0,27.10257911682129
SV_Copenhagen_55.6772_12.5586.tif,Copenhagen,val,43.70994567871094,56.29005432128906,0.7765127642127663,13,11.493301391601562,985.0,4,0.0,61.55280685424805
SV_Copenhagen_55.6895_12.5847.tif,Copenhagen,val,56.88018798828125,43.11981201171875,1.319119572525567,43,4.8145294189453125,1917.0,13,0.0,31.45819091796875
SV_Copenhagen_55.6980_12.5617.tif,Copenhagen,val,32.395172119140625,67.60482788085938,0.47918429991761746,12,6.5113067626953125,6432.5,6,0.0,64.35562896728516
SV_Copenhagen_55.6999_12.5841.tif,Copenhagen,val,53.94248962402344,46.05751037597656,1.1711985555380704,18,10.05859375,7008.0,12,0.0,26.23334503173828
SV_Copenhagen_55.6813_12.5366.tif,Copenhagen,val,43.05877685546875,56.94122314453125,0.7561969075756357,53,12.526321411132812,973.0,6,0.0,19.932828903198242
SV_Copenhagen_55.6758_12.5461.tif,Copenhagen,val,43.16253662109375,56.83746337890625,0.7594029369915971,30,9.229278564453125,1087.0,6,0.0,23.45927619934082
SV_Copenhagen_55.6834_12.5888.tif,Copenhagen,val,65.02418518066406,34.97581481933594,1.859118522800397,15,33.70704650878906,1652.0,4,0.0,26.03722381591797
SV_Copenhagen_55.6738_12.5564.tif,Copenhagen,val,64.60342407226562,35.396575927734375,1.8251320185364803,18,20.560455322265625,2445.5,6,0.0,26.30109977722168
SV_Copenhagen_55.7007_12.5572.tif,Copenhagen,val,37.837982177734375,62.162017822265625,0.6086993875572247,15,11.5203857421875,3250.0,6,0.0,27.04146385192871
SV_Copenhagen_55.6951_12.5551.tif,Copenhagen,val,38.478851318359375,61.521148681640625,0.6254572962783834,26,4.947662353515625,2338.5,7,0.0,27.919647216796875
SV_Copenhagen_55.6767_12.5880.tif,Copenhagen,val,24.878692626953125,75.12130737304688,0.33118024029330817,10,10.169601440429688,2088.5,4,0.0,26.487730026245117
SV_Copenhagen_55.6829_12.5627.tif,Copenhagen,val,30.3131103515625,69.6868896484375,0.4349901467046201,22,8.274078369140625,556.5,4,0.0,25.753475189208984
SV_Copenhagen_55.6923_12.5870.tif,Copenhagen,val,16.764450073242188,83.23554992675781,0.20140973523925626,14,5.78765869140625,2387.0,1,0.0,67.26229095458984
SV_Copenhagen_55.6766_12.5831.tif,Copenhagen,val,34.679412841796875,65.32058715820312,0.530910917224383,8,14.45159912109375,8404.5,5,0.0,40.7806282043457
SV_Copenhagen_55.6711_12.5634.tif,Copenhagen,val,31.917953491210938,68.08204650878906,0.4688160113854757,12,15.195083618164062,1293.0,3,0.0,25.006574630737305
SV_Copenhagen_55.6867_12.5874.tif,Copenhagen,val,63.388824462890625,36.611175537109375,1.73140642257278,20,16.791534423828125,2968.0,7,0.0,61.65652847290039
SV_Copenhagen_55.6964_12.5500.tif,Copenhagen,val,42.61665344238281,57.38334655761719,0.7426658778011926,16,8.841705322265625,4778.5,8,0.0,23.533432006835938
SV_Copenhagen_55.6979_12.5549.tif,Copenhagen,val,43.43681335449219,56.56318664550781,0.7679343391085603,19,7.3406219482421875,5528.0,10,0.0,22.951297760009766
SV_Copenhagen_55.6760_12.5513.tif,Copenhagen,val,46.318817138671875,53.681182861328125,0.8628501584684698,23,11.932754516601562,1349.0,7,0.0,34.714561462402344
SV_Copenhagen_55.6867_12.5824.tif,Copenhagen,val,53.82118225097656,46.17881774902344,1.1654950229234646,18,13.0645751953125,3868.5,9,0.0,29.192352294921875
SV_Copenhagen_55.6857_12.5886.tif,Copenhagen,val,61.19651794433594,38.80348205566406,1.5770883101817716,13,17.26837158203125,5489.0,7,0.0,61.65729904174805
SV_Copenhagen_55.6806_12.5889.tif,Copenhagen,val,55.272674560546875,44.727325439453125,1.235769722814499,10,12.301254272460938,9770.0,6,0.0,30.624011993408203
SV_Copenhagen_55.6856_12.5825.tif,Copenhagen,val,54.58412170410156,45.41587829589844,1.2018730838688,22,9.496688842773438,3365.0,6,0.0,29.9774169921875
SV_Copenhagen_55.6910_12.5883.tif,Copenhagen,val,20.029830932617188,79.97016906738281,0.2504662821925519,9,12.268447875976562,2394.0,2,0.0,24.679250717163086
SV_Copenhagen_55.6786_12.5586.tif,Copenhagen,val,41.17584228515625,58.82415771484375,0.6999818422349615,6,12.021636962890625,21843.5,4,0.0,29.973249435424805
SV_Copenhagen_55.6985_12.5878.tif,Copenhagen,val,34.059906005859375,65.94009399414062,0.5165280172164436,20,7.3909759521484375,1712.0,5,0.0,23.931291580200195
SV_Copenhagen_55.7014_12.5877.tif,Copenhagen,val,43.43528747558594,56.56471252441406,0.767886647648721,18,7.7136993408203125,2468.5,8,0.0,24.01378631591797
SV_Copenhagen_55.6786_12.5459.tif,Copenhagen,val,47.73063659667969,52.26936340332031,0.9131665949015114,51,5.97381591796875,920.0,6,0.0,24.26211929321289
SV_Copenhagen_55.6785_12.5411.tif,Copenhagen,val,36.84272766113281,63.15727233886719,0.5833489366585529,49,5.0994873046875,838.0,6,0.0,23.005937576293945
SV_Copenhagen_55.6819_12.5852.tif,Copenhagen,val,53.3905029296875,46.6094970703125,1.1454854972827866,12,24.6673583984375,6068.5,6,0.0,24.660432815551758
SV_Copenhagen_55.6985_12.5842.tif,Copenhagen,val,50.63743591308594,49.36256408691406,1.0258266937658904,20,12.533950805664062,3743.5,7,0.0,23.314470291137695
SV_Copenhagen_55.6895_12.5823.tif,Copenhagen,val,59.641265869140625,40.358734130859375,1.4777784079094123,34,7.77435302734375,3108.0,11,0.0,24.26225471496582
SV_Copenhagen_55.6966_12.5599.tif,Copenhagen,val,27.588272094726562,72.41172790527344,0.38099176601360213,9,20.688629150390625,1127.0,3,0.0,30.393508911132812
SV_Copenhagen_55.6952_12.5600.tif,Copenhagen,val,52.434539794921875,47.565460205078125,1.1023658673510306,17,27.231597900390625,595.0,5,0.0,76.09830474853516
SV_Copenhagen_55.6766_12.5855.tif,Copenhagen,val,19.41680908203125,80.58319091796875,0.2409535892143682,10,4.9434661865234375,3029.5,4,0.0,24.477750778198242
SV_Copenhagen_55.6923_12.5846.tif,Copenhagen,val,23.546600341796875,76.45339965820312,0.30798630861499465,21,4.4788360595703125,1480.0,3,0.0,22.69754409790039
SV_Copenhagen_55.6770_12.5319.tif,Copenhagen,val,32.35321044921875,67.64678955078125,0.47826675388536755,32,9.862899780273438,775.5,4,0.0,26.935264587402344
SV_Copenhagen_55.6999_12.5866.tif,Copenhagen,val,41.54701232910156,58.45298767089844,0.7107765399951707,18,9.1583251953125,2683.5,7,0.0,23.748456954956055
SV_Copenhagen_55.6993_12.5548.tif,Copenhagen,val,34.50355529785156,65.49644470214844,0.5268004309968257,18,6.8355560302734375,3384.5,7,0.0,25.694284439086914
SV_Copenhagen_55.6964_12.5525.tif,Copenhagen,val,42.74253845214844,57.25746154785156,0.7464972651019007,22,6.160736083984375,3269.0,9,0.0,22.931381225585938
SV_Copenhagen_55.6965_12.5574.tif,Copenhagen,val,32.45086669921875,67.54913330078125,0.48040389437303754,27,6.5242767333984375,1881.0,5,0.0,22.95252227783203
SV_Copenhagen_55.6723_12.5515.tif,Copenhagen,val,42.79136657714844,57.20863342285156,0.7479879175029506,20,6.6158294677734375,5698.5,12,0.0,29.583972930908203
SV_Copenhagen_55.6978_12.5524.tif,Copenhagen,val,41.558837890625,58.441162109375,0.7111227154046997,17,7.5191497802734375,5509.0,10,0.0,22.963062286376953
SV_Copenhagen_55.6833_12.5851.tif,Copenhagen,val,67.46788024902344,32.53211975097656,2.0738851561309084,13,27.703475952148438,1083.0,4,0.0,25.96531867980957
SV_Copenhagen_55.6711_12.5615.tif,Copenhagen,val,54.6661376953125,45.3338623046875,1.2058566139347022,23,15.788650512695312,1560.0,5,0.0,21.384355545043945
SV_Copenhagen_55.6725_12.5633.tif,Copenhagen,val,51.88941955566406,48.11058044433594,1.0785448663563777,12,22.91259765625,3727.0,5,0.0,25.407154083251953
SV_Copenhagen_55.6896_12.5884.tif,Copenhagen,val,40.34309387207031,59.65690612792969,0.6762518623670766,20,12.2589111328125,2220.0,5,0.0,24.613327026367188
SV_Copenhagen_55.6895_12.5872.tif,Copenhagen,val,52.38037109375,47.61962890625,1.0999743655472956,25,12.305068969726562,4476.0,11,0.0,24.612895965576172
SV_Copenhagen_55.6940_12.5526.tif,Copenhagen,val,40.662384033203125,59.337615966796875,0.6852716168434587,23,7.9769134521484375,2379.0,9,0.0,21.738847732543945
SV_Copenhagen_55.6819_12.5827.tif,Copenhagen,val,58.88023376464844,41.11976623535156,1.4319204401027896,8,35.95619201660156,8493.0,6,0.0,28.953123092651367
SV_Copenhagen_55.6942_12.5620.tif,Copenhagen,val,51.77001953125,48.22998046875,1.073399139458365,7,19.6441650390625,3147.0,3,0.0,76.10430145263672
SV_Copenhagen_55.6813_12.5390.tif,Copenhagen,val,24.750518798828125,75.24948120117188,0.3289128164573004,30,6.1145782470703125,491.5,4,0.0,20.280349731445312
SV_Copenhagen_55.6941_12.5576.tif,Copenhagen,val,52.382659912109375,47.617340087890625,1.1000753048243155,25,30.414581298828125,1606.0,4,0.0,27.919837951660156
SV_Copenhagen_55.6980_12.5598.tif,Copenhagen,val,16.297149658203125,83.70285034179688,0.19470244551594645,10,5.272674560546875,1388.0,3,0.0,27.623519897460938
SV_Copenhagen_55.6755_12.5295.tif,Copenhagen,val,17.267608642578125,82.73239135742188,0.20871642121376996,23,3.91693115234375,1148.0,2,0.0,24.67461585998535
SV_Copenhagen_55.6993_12.5573.tif,Copenhagen,val,38.42048645019531,61.57951354980469,0.6239166929943566,18,4.9762725830078125,4232.5,8,0.0,26.29151725769043
SV_Copenhagen_55.6940_12.5551.tif,Copenhagen,val,41.64543151855469,58.35456848144531,0.7136618880456028,25,4.9530029296875,2479.0,7,0.0,27.919458389282227
SV_Copenhagen_55.6783_12.5293.tif,Copenhagen,val,29.187393188476562,70.81260681152344,0.4121779228684864,17,8.107757568359375,1761.0,4,0.0,26.93204116821289
SV_Copenhagen_55.7008_12.5597.tif,Copenhagen,val,26.894760131835938,73.10523986816406,0.3678910045345203,14,8.756256103515625,2573.0,5,0.0,27.045757293701172
SV_Copenhagen_55.6748_12.5462.tif,Copenhagen,val,37.34588623046875,62.65411376953125,0.5960643920021431,28,10.045242309570312,1102.5,6,0.0,29.24213409423828
SV_Copenhagen_55.6724_12.5565.tif,Copenhagen,val,55.31272888183594,44.68727111816406,1.2377736992615989,37,8.772659301757812,2056.0,10,0.0,27.412925720214844
SV_Copenhagen_55.6798_12.5342.tif,Copenhagen,val,42.50602722167969,57.49397277832031,0.7393127517134762,46,6.29425048828125,943.0,6,0.0,32.40816116333008
SV_Copenhagen_55.6700_12.5616.tif,Copenhagen,val,54.30755615234375,45.69244384765625,1.1885456670562697,20,16.588592529296875,2832.0,8,0.0,21.224008560180664
SV_Copenhagen_55.6812_12.5510.tif,Copenhagen,val,44.658660888671875,55.341339111328125,0.8069674786660601,28,8.271026611328125,1629.5,6,0.0,33.85326385498047
SV_Copenhagen_55.6792_12.5890.tif,Copenhagen,val,40.60249328613281,59.39750671386719,0.6835723506329195,10,12.89215087890625,5960.0,5,0.0,30.624011993408203
SV_Copenhagen_55.6745_12.5320.tif,Copenhagen,val,19.6441650390625,80.3558349609375,0.24446469940374463,44,7.221221923828125,484.5,1,0.0,24.676040649414062
SV_Copenhagen_55.6856_12.5850.tif,Copenhagen,val,63.27018737792969,36.72981262207031,1.722583995430233,12,46.0052490234375,2533.0,3,0.0,29.26323699951172
SV_Copenhagen_55.6946_12.5869.tif,Copenhagen,val,42.108917236328125,57.891082763671875,0.7273817525270496,13,14.426040649414062,4681.0,6,0.0,67.24092102050781
SV_Copenhagen_55.6813_12.5409.tif,Copenhagen,val,19.894790649414062,80.10520935058594,0.24835826297317504,27,6.341552734375,842.0,2,0.0,23.14890480041504
SV_Copenhagen_55.6745_12.5345.tif,Copenhagen,val,32.6263427734375,67.3736572265625,0.4842596367260044,52,5.4271697998046875,949.5,4,0.0,22.594440460205078
SV_Copenhagen_55.7013_12.5840.tif,Copenhagen,val,46.208953857421875,53.791046142578125,0.8590454577689526,23,10.678863525390625,2852.0,7,0.0,26.23334503173828
SV_Copenhagen_55.6767_12.5892.tif,Copenhagen,val,29.985809326171875,70.01419067382812,0.42828188168117776,16,10.412216186523438,1739.5,4,0.0,26.506132125854492
SV_Copenhagen_55.6701_12.5635.tif,Copenhagen,val,26.180267333984375,73.81973266601562,0.35465134305528284,16,15.998458862304688,489.5,3,0.0,19.92911720275879
SV_Copenhagen_55.6827_12.5558.tif,Copenhagen,val,16.276168823242188,83.72383117675781,0.19440305817921696,18,4.6092987060546875,913.0,3,0.0,24.08515739440918
SV_Copenhagen_55.6956_12.5819.tif,Copenhagen,val,21.97723388671875,78.02276611328125,0.2816771947665891,16,6.386566162109375,2042.0,2,0.0,23.163497924804688
SV_Copenhagen_55.6957_12.5844.tif,Copenhagen,val,36.212921142578125,63.787078857421875,0.567715621897688,22,9.9273681640625,2140.5,6,0.0,30.754566192626953
SV_Copenhagen_55.6909_12.5847.tif,Copenhagen,val,46.09870910644531,53.90129089355469,0.855243136894104,35,3.6651611328125,2984.0,9,0.0,22.697710037231445
SV_Copenhagen_55.6812_12.5341.tif,Copenhagen,val,38.965606689453125,61.034393310546875,0.6384204802560032,59,5.51605224609375,960.0,4,0.0,24.641826629638672
SV_Copenhagen_55.6756_12.5344.tif,Copenhagen,val,32.75337219238281,67.24662780761719,0.4870634150768934,43,3.9325714111328125,1009.0,6,0.0,22.652490615844727
SV_Copenhagen_55.6814_12.5584.tif,Copenhagen,val,25.168609619140625,74.83139038085938,0.33633759163157734,11,13.240814208984375,1605.0,2,0.0,28.928312301635742
SV_Copenhagen_55.6785_12.5367.tif,Copenhagen,val,47.249603271484375,52.750396728515625,0.8957203395958983,31,17.950057983398438,902.0,6,0.0,32.40810775756836
SV_Copenhagen_55.6737_12.5514.tif,Copenhagen,val,54.851531982421875,45.148468017578125,1.2149145782990014,26,15.909957885742188,910.5,6,0.0,34.149803161621094
SV_Copenhagen_55.6737_12.5539.tif,Copenhagen,val,65.93780517578125,34.06219482421875,1.9358061192492049,17,27.386093139648438,2060.0,8,0.0,34.13877487182617
SV_Copenhagen_55.6785_12.5392.tif,Copenhagen,val,48.96049499511719,51.03950500488281,0.9592666502238466,41,11.244583129882812,1029.0,8,0.0,23.24352264404297
SV_Copenhagen_55.6909_12.5871.tif,Copenhagen,val,34.55009460449219,65.44990539550781,0.5278860893030954,19,12.316131591796875,4325.0,7,0.0,24.679677963256836
SV_Copenhagen_55.6744_12.5295.tif,Copenhagen,val,17.753982543945312,82.24601745605469,0.21586434326052978,24,8.919143676757812,758.5,1,0.0,24.676095962524414
SV_Copenhagen_55.6787_12.5629.tif,Copenhagen,val,38.779449462890625,61.220550537109375,0.6334384307665466,16,10.168075561523438,4289.0,7,0.0,27.411888122558594
SV_Copenhagen_55.6813_12.5559.tif,Copenhagen,val,7.8594207763671875,92.14057922363281,0.08529814814048133,18,1.2508392333984375,1177.0,0,0.0,25.268592834472656
SV_Copenhagen_55.6806_12.5878.tif,Copenhagen,val,55.536651611328125,44.463348388671875,1.249043394704782,14,15.264511108398438,5076.0,7,0.0,25.418832778930664
SV_Copenhagen_55.6979_12.5574.tif,Copenhagen,val,29.308319091796875,70.69168090820312,0.41459360868579814,16,5.7857513427734375,4300.0,5,0.0,22.950754165649414
SV_Copenhagen_55.6820_12.5877.tif,Copenhagen,val,60.074615478515625,39.925384521484375,1.5046721828361773,16,34.62028503417969,2800.5,4,0.0,24.6697940826416
SV_Copenhagen_55.6827_12.5533.tif,Copenhagen,val,37.911224365234375,62.088775634765625,0.6105970681117214,29,12.292861938476562,654.0,7,0.0,26.25432586669922
SV_Copenhagen_55.6965_12.5550.tif,Copenhagen,val,44.364166259765625,55.635833740234375,0.7974027398763078,24,7.759857177734375,3780.0,8,0.0,22.953065872192383
SV_Copenhagen_55.6784_12.5318.tif,Copenhagen,val,33.08143615722656,66.91856384277344,0.4943536480393107,35,6.4373016357421875,803.0,5,0.0,26.93198585510254
SV_Copenhagen_55.6723_12.5540.tif,Copenhagen,val,59.51499938964844,40.48500061035156,1.470050598799574,22,23.915863037109375,2932.5,6,0.0,29.583173751831055
SV_Copenhagen_55.6867_12.5849.tif,Copenhagen,val,59.35020446777344,40.64979553222656,1.460036974127495,18,27.469635009765625,3476.0,7,0.0,29.11719512939453
SV_Copenhagen_55.6771_12.5368.tif,Copenhagen,val,36.10420227050781,63.89579772949219,0.5650481495411913,41,2.98004150390625,1431.0,8,0.0,23.245187759399414
SV_Copenhagen_55.6946_12.5819.tif,Copenhagen,val,30.305862426757812,69.69413757324219,0.43484091319602186,17,7.154083251953125,2487.0,4,0.0,26.739269256591797
SV_Copenhagen_55.6971_12.5843.tif,Copenhagen,val,38.16070556640625,61.83929443359375,0.6170947763219582,28,7.2132110595703125,2074.5,7,0.0,23.31439971923828
SV_Copenhagen_55.6772_12.5611.tif,Copenhagen,val,38.910675048828125,61.089324951171875,0.6369472093517003,18,9.13848876953125,1698.0,7,0.0,63.91230773925781
SV_Copenhagen_55.6761_12.5587.tif,Copenhagen,val,48.76594543457031,51.23405456542969,0.951826784903244,11,11.746978759765625,1667.0,5,0.0,61.553955078125
SV_Copenhagen_55.6881_12.5823.tif,Copenhagen,val,58.935546875,41.064453125,1.4351961950059453,29,8.841705322265625,2048.0,10,0.0,23.776247024536133
SV_Copenhagen_55.6778_12.5879.tif,Copenhagen,val,25.397491455078125,74.60250854492188,0.34043749936082957,10,9.326171875,2895.0,4,0.0,26.569398880004883
SV_Copenhagen_55.6760_12.5538.tif,Copenhagen,val,16.397476196289062,83.60252380371094,0.1961361386025671,16,4.595947265625,1426.5,2,0.0,34.70438003540039
SV_Copenhagen_55.6771_12.5562.tif,Copenhagen,val,17.06085205078125,82.93914794921875,0.20570324717137337,3,9.951400756835938,18607.0,2,0.0,61.55316162109375
SV_Copenhagen_55.7006_12.5497.tif,Copenhagen,val,40.34461975097656,59.65538024902344,0.6762947379190832,17,7.9509735107421875,2481.0,6,0.0,28.585289001464844
SV_Copenhagen_55.6800_12.5458.tif,Copenhagen,val,49.19013977050781,50.80986022949219,0.9681219264987424,40,12.84332275390625,1247.0,8,0.0,24.76211929321289
SV_Copenhagen_55.6773_12.5630.tif,Copenhagen,val,48.08349609375,51.91650390625,0.9261697625205737,15,17.182159423828125,2076.0,6,0.0,63.91213607788086
SV_Copenhagen_55.6700_12.5591.tif,Copenhagen,val,61.322021484375,38.677978515625,1.585450528641313,30,28.326797485351562,1803.5,6,0.0,21.16727066040039
SV_Copenhagen_55.6971_12.5868.tif,Copenhagen,val,42.94700622558594,57.05299377441406,0.7527564003984996,22,5.9001922607421875,2892.0,8,0.0,24.482189178466797
SV_Copenhagen_55.6756_12.5320.tif,Copenhagen,val,23.569107055664062,76.43089294433594,0.30837147320559594,27,4.5688629150390625,442.0,5,0.0,24.87091064453125
SV_Copenhagen_55.7007_12.5547.tif,Copenhagen,val,24.73907470703125,75.26092529296875,0.3287107434665369,14,8.562088012695312,2400.0,3,0.0,26.00796890258789
SV_Copenhagen_55.6957_12.5868.tif,Copenhagen,val,38.751220703125,61.248779296875,0.6326856003986049,17,10.92376708984375,1979.0,5,0.0,30.744794845581055
SV_Copenhagen_55.6799_12.5391.tif,Copenhagen,val,41.50810241699219,58.49189758300781,0.7096384992141287,41,8.065414428710938,1065.0,8,0.0,23.342836380004883
SV_Copenhagen_55.6828_12.5608.tif,Copenhagen,val,40.74897766113281,59.25102233886719,0.6877345917861488,21,9.569931030273438,733.0,6,0.0,28.855772018432617
SV_Copenhagen_55.6971_12.5879.tif,Copenhagen,val,33.15467834472656,66.84532165527344,0.4959910061575863,17,5.6484222412109375,2967.0,7,0.0,24.480182647705078
SV_Copenhagen_55.6778_12.5891.tif,Copenhagen,val,19.52362060546875,80.47637939453125,0.2426006332834038,12,7.70721435546875,2558.0,3,0.0,26.565410614013672
SV_Copenhagen_55.6813_12.5534.tif,Copenhagen,val,36.53564453125,63.46435546875,0.5756876322369686,39,6.29119873046875,1385.0,5,0.0,26.25432586669922
SV_Copenhagen_55.6757_12.5394.tif,Copenhagen,val,37.689971923828125,62.310028076171875,0.6048781085085281,34,6.6287994384765625,1485.5,8,0.0,29.509239196777344
SV_Copenhagen_55.6785_12.5561.tif,Copenhagen,val,12.145233154296875,87.85476684570312,0.13824216477208584,5,8.84246826171875,1407.0,2,0.0,29.907283782958984
SV_Copenhagen_55.6757_12.5413.tif,Copenhagen,val,37.06550598144531,62.93449401855469,0.5889537456282314,55,6.6295623779296875,966.0,4,0.0,27.28038787841797
SV_Copenhagen_55.6994_12.5617.tif,Copenhagen,val,35.18791198730469,64.81208801269531,0.5429220546082719,17,11.089706420898438,1616.0,5,0.0,64.09284210205078
SV_Copenhagen_55.6777_12.5830.tif,Copenhagen,val,39.971160888671875,60.028839111328125,0.6658659650995793,9,17.954635620117188,9061.0,6,0.0,40.78059768676758
SV_Copenhagen_55.6771_12.5412.tif,Copenhagen,val,38.1805419921875,61.8194580078125,0.6176136644123019,51,3.490447998046875,996.0,7,0.0,27.110422134399414
SV_Copenhagen_55.6757_12.5369.tif,Copenhagen,val,37.01057434082031,62.98942565917969,0.5875680553284521,35,6.80389404296875,1222.0,7,0.0,29.50787353515625
SV_Copenhagen_55.6826_12.5509.tif,Copenhagen,val,45.34111022949219,54.65888977050781,0.8295285619569389,25,13.295745849609375,645.0,5,0.0,26.254404067993164
SV_Copenhagen_55.6709_12.5541.tif,Copenhagen,val,55.82466125488281,44.17533874511719,1.263706467017262,26,10.94512939453125,136.5,9,0.0,21.309293746948242
SV_Copenhagen_55.6924_12.5882.tif,Copenhagen,val,8.254241943359375,91.74575805664062,0.08996864943078343,7,3.310394287109375,2328.0,1,0.0,67.2751693725586
SV_Copenhagen_55.6798_12.5317.tif,Copenhagen,val,46.35734558105469,53.64265441894531,0.8641881369070054,22,8.988571166992188,2486.0,6,0.0,55.83263397216797
SV_Copenhagen_55.6772_12.5453.tif,Copenhagen,val,47.312164306640625,52.687835693359375,0.8979712999029815,49,7.4893951416015625,978.0,8,0.0,25.56190299987793
SV_Copenhagen_55.6786_12.5610.tif,Copenhagen,val,39.25323486328125,60.74676513671875,0.6461781919569968,12,10.378265380859375,5704.0,6,0.0,28.41155433654785
SV_Copenhagen_55.6771_12.5393.tif,Copenhagen,val,42.77839660644531,57.22160339355469,0.74759171483237,41,5.7628631591796875,1254.0,9,0.0,27.118070602416992
SV_Copenhagen_55.6698_12.5517.tif,Copenhagen,val,42.574310302734375,57.425689697265625,0.7413809137892093,19,12.907028198242188,329.0,6,0.0,23.653244018554688
SV_Copenhagen_55.6952_12.5619.tif,Copenhagen,val,50.62446594238281,49.37553405761719,1.0252945493877235,6,38.11149597167969,1915.0,2,0.0,76.10430145263672
SV_Copenhagen_55.6699_12.5566.tif,Copenhagen,val,52.121734619140625,47.878265380859375,1.088630388016891,30,14.440155029296875,669.5,8,0.0,24.970054626464844
SV_Copenhagen_55.6784_12.5343.tif,Copenhagen,val,43.06831359863281,56.93168640136719,0.7564910917094939,43,7.1056365966796875,805.0,7,0.0,32.40816116333008
SV_Copenhagen_55.6966_12.5618.tif,Copenhagen,val,28.421401977539062,71.57859802246094,0.39706564200406097,5,18.120956420898438,6241.0,4,0.0,34.85898208618164
SV_Copenhagen_55.6811_12.5291.tif,Copenhagen,val,53.29933166503906,46.70066833496094,1.1412969785089404,30,11.913681030273438,1124.5,7,0.0,55.87685012817383
SV_Copenhagen_55.6814_12.5609.tif,Copenhagen,val,38.531494140625,61.468505859375,0.6268493694767153,17,13.2843017578125,1623.0,4,0.0,34.550498962402344
SV_Copenhagen_55.6881_12.5873.tif,Copenhagen,val,59.308624267578125,40.691375732421875,1.457523202399925,26,17.512130737304688,3449.0,7,0.0,25.126869201660156
SV_Copenhagen_55.6814_12.5457.tif,Copenhagen,val,45.32203674316406,54.67796325683594,0.8288903617399798,27,8.816146850585938,1278.0,9,0.0,24.022127151489258
SV_Copenhagen_55.6985_12.5867.tif,Copenhagen,val,39.03923034667969,60.96076965332031,0.6403992365695692,18,10.593414306640625,1623.0,5,0.0,23.510099411010742
SV_Copenhagen_55.6761_12.5562.tif,Copenhagen,val,22.527313232421875,77.47268676757812,0.2907774878132848,6,10.729598999023438,5437.0,3,0.0,61.5543098449707
SV_Copenhagen_55.6978_12.5499.tif,Copenhagen,val,45.6146240234375,54.3853759765625,0.8387295886875035,10,13.5101318359375,11301.5,8,0.0,22.962810516357422
SV_Copenhagen_55.6799_12.5535.tif,Copenhagen,val,35.469818115234375,64.53018188476562,0.5496624537425663,20,7.000732421875,2607.0,6,0.0,27.080642700195312
SV_Copenhagen_55.6882_12.5885.tif,Copenhagen,val,57.614898681640625,42.385101318359375,1.3593195931959319,18,26.14898681640625,3275.0,7,0.0,25.126724243164062
SV_Copenhagen_55.6941_12.5601.tif,Copenhagen,val,46.65260314941406,53.34739685058594,0.8745057098114368,15,18.621444702148438,1056.0,5,0.0,76.10649871826172
SV_Copenhagen_55.6746_12.5395.tif,Copenhagen,val,36.162567138671875,63.837432861328125,0.5664790314677375,44,5.6156158447265625,779.5,5,0.0,40.832252502441406
SV_Copenhagen_55.6992_12.5498.tif,Copenhagen,val,52.40516662597656,47.59483337402344,1.1010683914817219,14,9.219741821289062,10437.5,9,0.0,22.962810516357422
SV_Copenhagen_55.6834_12.5876.tif,Copenhagen,val,68.1396484375,31.8603515625,2.138697318007663,14,31.047439575195312,2789.0,4,0.0,26.039020538330078
SV_Copenhagen_55.6709_12.5516.tif,Copenhagen,val,38.707733154296875,61.292266845703125,0.631527191704943,21,5.539703369140625,4657.0,9,0.0,21.388029098510742
SV_Copenhagen_55.6994_12.5597.tif,Copenhagen,val,28.931808471679688,71.06819152832031,0.4070992640941272,19,5.2913665771484375,1901.0,5,0.0,26.796005249023438
SV_Copenhagen_55.7012_12.5815.tif,Copenhagen,val,37.345123291015625,62.654876708984375,0.5960449569548116,35,10.576629638671875,1196.0,3,0.0,26.23305320739746
SV_Copenhagen_55.6738_12.5589.tif,Copenhagen,val,67.22831726074219,32.77168273925781,2.051414869222084,20,19.973373413085938,2104.0,7,0.0,26.300098419189453
SV_Copenhagen_55.6814_12.5450.tif,Copenhagen,val,41.97196960449219,58.02803039550781,0.7233050875313082,27,7.3406219482421875,977.0,8,0.0,24.021961212158203
SV_Copenhagen_55.6970_12.5818.tif,Copenhagen,val,24.9908447265625,75.0091552734375,0.3331705927824566,17,4.3689727783203125,2426.0,5,0.0,23.313568115234375
SV_Copenhagen_55.6812_12.5316.tif,Copenhagen,val,46.854400634765625,53.145599365234375,0.8816233365394278,30,13.040542602539062,903.0,6,0.0,55.8717155456543
SV_Copenhagen_55.6725_12.5614.tif,Copenhagen,val,60.96458435058594,39.03541564941406,1.5617762315668091,21,11.597442626953125,2240.0,9,0.0,25.409711837768555
SV_Copenhagen_55.6710_12.5590.tif,Copenhagen,val,53.88145446777344,46.11854553222656,1.1683251031870103,45,10.247802734375,1520.0,10,0.0,27.41278076171875
SV_Copenhagen_55.6739_12.5613.tif,Copenhagen,val,61.658477783203125,38.341522216796875,1.6081384936822207,12,17.677688598632812,5458.5,7,0.0,39.62217712402344
SV_Copenhagen_55.7006_12.5522.tif,Copenhagen,val,33.97674560546875,66.02325439453125,0.514617855739675,13,7.509613037109375,4131.0,6,0.0,28.5837459564209
SV_Copenhagen_55.6791_12.5854.tif,Copenhagen,val,60.42289733886719,39.57710266113281,1.5267135104916674,11,14.011001586914062,12655.0,7,0.0,35.41750717163086
SV_Copenhagen_55.6820_12.5888.tif,Copenhagen,val,62.14752197265625,37.85247802734375,1.641834965937034,12,44.83146667480469,2332.0,3,0.0,24.670185089111328
SV_Copenhagen_55.7008_12.5616.tif,Copenhagen,val,16.077423095703125,83.92257690429688,0.1915744688588078,13,9.93804931640625,641.0,2,0.0,26.9527587890625
SV_Copenhagen_55.6946_12.5844.tif,Copenhagen,val,42.028045654296875,57.971954345703125,0.7249720339540698,18,11.02447509765625,1961.0,4,0.0,30.79255485534668
SV_Copenhagen_55.6998_12.5816.tif,Copenhagen,val,56.71653747558594,43.28346252441406,1.3103512096241132,17,10.48126220703125,7989.0,11,0.0,26.23305320739746
SV_Copenhagen_55.6772_12.5460.tif,Copenhagen,val,45.99113464355469,54.00886535644531,0.8515478771869107,44,7.483673095703125,1254.0,7,0.0,22.970766067504883
SV_Copenhagen_55.6786_12.5452.tif,Copenhagen,val,47.064208984375,52.935791015625,0.8890810561512741,53,6.5616607666015625,920.0,6,0.0,25.54784393310547
SV_NewYork_40.7373_-74.0034.tif,NewYork,test,45.57456970214844,54.42543029785156,0.8373763781514372,27,7.8338623046875,2355.0,11,0.0,63.37625503540039
SV_NewYork_40.7372_-73.9901.tif,NewYork,test,39.63356018066406,60.36643981933594,0.6565495712398971,17,9.052658081054688,3363.0,6,0.0,99.74158477783203
SV_NewYork_40.7374_-74.0108.tif,NewYork,test,34.131622314453125,65.86837768554688,0.5181791857300052,19,11.63787841796875,2396.0,5,0.0,59.90920639038086
SV_NewYork_40.7360_-74.0071.tif,NewYork,test,50.55809020996094,49.44190979003906,1.022575592744331,29,8.012771606445312,2645.0,9,0.0,48.67888641357422
SV_NewYork_40.7400_-73.9852.tif,NewYork,test,42.22412109375,57.77587890625,0.7308261145151067,34,5.971527099609375,2320.5,8,0.0,97.09562683105469
SV_NewYork_40.7344_-73.9916.tif,NewYork,test,48.30818176269531,51.69181823730469,0.9345421269749902,20,7.8792572021484375,3421.5,8,0.0,101.14839172363281
SV_NewYork_40.7345_-74.0034.tif,NewYork,test,48.444366455078125,51.555633544921875,0.9396522382537921,28,5.77850341796875,2941.5,10,0.0,61.30405807495117
SV_NewYork_40.7335_-74.0053.tif,NewYork,test,48.97193908691406,51.02806091308594,0.9597060560526887,35,6.33392333984375,1657.0,9,0.0,57.85270690917969
SV_NewYork_40.7334_-74.0020.tif,NewYork,test,45.906829833984375,54.093170166015625,0.8486622191506467,33,4.561614990234375,2883.0,10,0.0,64.35079956054688
SV_NewYork_40.7359_-74.0020.tif,NewYork,test,44.91996765136719,55.08003234863281,0.8155399649557792,27,6.8172454833984375,2792.0,9,0.0,61.29999542236328
SV_NewYork_40.7333_-73.9798.tif,NewYork,test,18.608856201171875,81.39114379882812,0.2286349021850189,16,3.1009674072265625,2444.5,5,0.0,56.24441146850586
SV_NewYork_40.7388_-74.0108.tif,NewYork,test,31.070709228515625,68.92929077148438,0.45076206182828427,15,7.55767822265625,4537.0,4,0.0,59.90854263305664
SV_NewYork_40.7334_-73.9990.tif,NewYork,test,38.23661804199219,61.76338195800781,0.6190823240215183,19,8.240890502929688,2961.0,8,0.0,106.04096984863281
SV_NewYork_40.7374_-74.0052.tif,NewYork,test,54.65240478515625,45.34759521484375,1.2051885998855951,31,6.6371917724609375,2433.0,12,0.0,61.962799072265625
SV_NewYork_40.7386_-73.9852.tif,NewYork,test,43.37730407714844,56.62269592285156,0.7660762768387084,30,6.1553955078125,1696.0,8,0.0,97.09720611572266
SV_NewYork_40.7387_-73.9915.tif,NewYork,test,47.893524169921875,52.106475830078125,0.9191472539057353,20,9.64508056640625,3561.0,10,0.0,91.97145080566406
SV_NewYork_40.7335_-74.0108.tif,NewYork,test,39.06974792480469,60.93025207519531,0.6412208483330725,21,7.6282501220703125,2929.0,7,0.0,64.74529266357422
SV_NewYork_40.7345_-73.9971.tif,NewYork,test,49.7344970703125,50.2655029296875,0.9894359783862546,19,6.9610595703125,5997.0,10,0.0,80.07666015625
SV_NewYork_40.7359_-74.0034.tif,NewYork,test,49.9542236328125,50.0457763671875,0.9981706201597659,25,5.7952880859375,4353.0,12,0.0,61.30410385131836
SV_NewYork_40.7401_-73.9952.tif,NewYork,test,60.063934326171875,39.936065673828125,1.5040022924825676,18,16.302490234375,5479.5,9,0.0,100.60273742675781
SV_NewYork_40.7388_-74.0089.tif,NewYork,test,52.707672119140625,47.292327880859375,1.1145078806846598,19,7.8365325927734375,4525.0,9,0.0,52.381690979003906
SV_NewYork_40.7345_-73.9990.tif,NewYork,test,53.82957458496094,46.17042541503906,1.1658886419406278,23,12.058639526367188,2078.0,8,0.0,68.37654113769531
SV_NewYork_40.7402_-74.0089.tif,NewYork,test,51.7913818359375,48.2086181640625,1.0743179084636323,21,7.4802398681640625,4491.0,8,0.0,52.9764404296875
SV_NewYork_40.7388_-74.0034.tif,NewYork,test,48.39515686035156,51.60484313964844,0.9378026153357136,28,8.8714599609375,1860.5,10,0.0,63.37493133544922
SV_NewYork_40.7371_-73.9783.tif,NewYork,test,23.769378662109375,76.23062133789062,0.3118088013050832,17,6.75048828125,3680.0,2,0.0,82.36690521240234
SV_NewYork_40.7333_-73.9872.tif,NewYork,test,47.43614196777344,52.56385803222656,0.9024478747106166,21,8.750152587890625,1194.0,9,0.0,74.2821044921875
SV_NewYork_40.7400_-73.9901.tif,NewYork,test,48.3123779296875,51.6876220703125,0.9346991793115664,27,6.8634033203125,2526.0,9,0.0,95.61286163330078
SV_NewYork_40.7343_-73.9783.tif,NewYork,test,20.2667236328125,79.7332763671875,0.25418149806713364,14,3.433990478515625,3723.0,6,0.0,61.698463439941406
SV_NewYork_40.7346_-74.0053.tif,NewYork,test,49.12605285644531,50.87394714355469,0.9656426445115962,36,7.06787109375,1747.0,7,0.0,57.854339599609375
SV_NewYork_40.7400_-73.9834.tif,NewYork,test,46.22344970703125,53.77655029296875,0.8595465766251454,25,8.677291870117188,3125.0,8,0.0,83.63521575927734
SV_NewYork_40.7374_-74.0071.tif,NewYork,test,46.90666198730469,53.09333801269531,0.8834754743822791,25,5.7201385498046875,5314.0,13,0.0,61.96296310424805
SV_NewYork_40.7402_-74.0052.tif,NewYork,test,42.41142272949219,57.58857727050781,0.7364554698108833,21,12.134552001953125,2527.0,8,0.0,61.241580963134766
SV_NewYork_40.7400_-73.9797.tif,NewYork,test,40.526580810546875,59.473419189453125,0.6814234218054469,22,6.866455078125,3047.0,9,0.0,98.858642578125
SV_NewYork_40.7387_-73.9971.tif,NewYork,test,51.2725830078125,48.7274169921875,1.0522327300056367,19,11.915206909179688,2655.0,9,0.0,100.61981201171875
SV_NewYork_40.7402_-74.0034.tif,NewYork,test,48.13995361328125,51.86004638671875,0.9282666902050785,21,11.084365844726562,4066.0,10,0.0,87.93559265136719
SV_NewYork_40.7358_-73.9902.tif,NewYork,test,39.20402526855469,60.79597473144531,0.6448457392406493,19,10.3912353515625,3562.0,8,0.0,144.93002319335938
SV_NewYork_40.7387_-73.9934.tif,NewYork,test,55.484771728515625,44.515228271484375,1.2464222667832108,15,11.721420288085938,5517.0,8,0.0,87.96644592285156
SV_NewYork_40.7400_-73.9815.tif,NewYork,test,45.33729553222656,54.66270446777344,0.8294008862835409,28,5.9062957763671875,3286.0,8,0.0,98.86045837402344
SV_NewYork_40.7343_-73.9798.tif,NewYork,test,21.619415283203125,78.38058471679688,0.2758261546697815,16,5.45806884765625,2344.0,6,0.0,60.61927032470703
SV_NewYork_40.7372_-73.9834.tif,NewYork,test,48.18992614746094,51.81007385253906,0.9301265673663827,28,8.2733154296875,2050.0,8,0.0,60.66816711425781
SV_NewYork_40.7358_-73.9816.tif,NewYork,test,34.85908508300781,65.14091491699219,0.5351334891047826,19,6.5128326416015625,3580.0,7,0.0,76.1622543334961
SV_NewYork_40.7334_-73.9972.tif,NewYork,test,48.55613708496094,51.44386291503906,0.9438664659602394,17,8.098602294921875,7322.0,11,0.0,106.04055786132812
SV_NewYork_40.7344_-73.9853.tif,NewYork,test,30.840682983398438,69.15931701660156,0.4459367777734877,16,7.2460174560546875,3146.5,6,0.0,71.257568359375
SV_NewYork_40.7359_-73.9971.tif,NewYork,test,50.77323913574219,49.22676086425781,1.0314153977294742,20,11.977386474609375,3683.0,8,0.0,88.79747772216797
SV_NewYork_40.7402_-74.0071.tif,NewYork,test,44.3389892578125,55.6610107421875,0.7965897253138878,22,7.8094482421875,4302.5,10,0.0,63.15229415893555
SV_NewYork_40.7344_-73.9835.tif,NewYork,test,38.857269287109375,61.142730712890625,0.6355174005814751,20,9.820175170898438,3096.5,6,0.0,76.15769958496094
SV_NewYork_40.7385_-73.9797.tif,NewYork,test,39.362335205078125,60.637664794921875,0.6491400244089633,23,7.01751708984375,2083.0,6,0.0,82.37067413330078
SV_NewYork_40.7400_-73.9871.tif,NewYork,test,40.937042236328125,59.062957763671875,0.6931085706904346,29,3.9562225341796875,3128.0,9,0.0,95.74150848388672
SV_NewYork_40.7360_-74.0053.tif,NewYork,test,55.03082275390625,44.96917724609375,1.2237453768111024,32,8.089065551757812,1949.5,12,0.0,48.67866897583008
SV_NewYork_40.7333_-73.9902.tif,NewYork,test,46.2799072265625,53.7200927734375,0.8615008805317276,20,10.558319091796875,1910.0,7,0.0,87.84417724609375
SV_NewYork_40.7335_-74.0072.tif,NewYork,test,48.25935363769531,51.74064636230469,0.9327164817340657,41,8.73260498046875,1916.0,7,0.0,48.32762145996094
SV_NewYork_40.7358_-73.9871.tif,NewYork,test,42.26341247558594,57.73658752441406,0.7320039906708159,22,5.0048828125,4557.5,11,0.0,96.88618469238281
SV_NewYork_40.7333_-73.9853.tif,NewYork,test,44.23408508300781,55.76591491699219,0.793210066558586,21,12.880325317382812,1189.0,7,0.0,60.57810974121094
SV_NewYork_40.7373_-73.9989.tif,NewYork,test,45.943450927734375,54.056549072265625,0.849914611943037,27,7.09228515625,2827.0,7,0.0,69.38294982910156
SV_NewYork_40.7372_-73.9871.tif,NewYork,test,43.72825622558594,56.27174377441406,0.7770908326723747,28,4.622650146484375,2808.0,9,0.0,96.88618469238281
SV_NewYork_40.7334_-73.9953.tif,NewYork,test,50.714874267578125,49.285125732421875,1.0290097369928326,21,8.474349975585938,6516.0,12,0.0,80.1369400024414
SV_NewYork_40.7344_-73.9902.tif,NewYork,test,43.5150146484375,56.4849853515625,0.7703819763358366,20,9.698867797851562,2708.0,7,0.0,144.93035888671875
SV_NewYork_40.7335_-74.0035.tif,NewYork,test,48.9410400390625,51.0589599609375,0.9585201123662662,28,11.038970947265625,2770.0,8,0.0,57.853336334228516
SV_NewYork_40.7372_-73.9916.tif,NewYork,test,21.986770629882812,78.01322937011719,0.2818338736571364,15,4.2057037353515625,2137.0,4,0.0,99.73983001708984
SV_NewYork_40.7401_-73.9989.tif,NewYork,test,55.71250915527344,44.28749084472656,1.2579739355883441,19,19.702911376953125,2024.0,4,0.0,68.70245361328125
SV_NewYork_40.7374_-74.0089.tif,NewYork,test,52.61497497558594,47.38502502441406,1.1103713662381156,23,8.013153076171875,2699.0,10,0.0,55.2765998840332
SV_NewYork_40.7385_-73.9783.tif,NewYork,test,39.887237548828125,60.112762451171875,0.6635402520592454,18,12.46490478515625,2370.5,6,0.0,83.77677917480469
SV_NewYork_40.7358_-73.9834.tif,NewYork,test,46.07391357421875,53.92608642578125,0.8543900851701989,20,8.771133422851562,3426.0,8,0.0,76.1580581665039
SV_NewYork_40.7373_-73.9934.tif,NewYork,test,42.364501953125,57.635498046875,0.73504182992693,11,13.341140747070312,3797.0,5,0.0,87.32231140136719
SV_NewYork_40.7346_-74.0108.tif,NewYork,test,32.938385009765625,67.06161499023438,0.49116599733785365,26,5.9757232666015625,1979.5,5,0.0,68.08157348632812
SV_NewYork_40.7373_-73.9971.tif,NewYork,test,55.10292053222656,44.89707946777344,1.2273163685798036,23,19.883346557617188,2655.0,7,0.0,81.74205017089844
SV_NewYork_40.7359_-73.9934.tif,NewYork,test,46.4935302734375,53.5064697265625,0.8689328694461872,16,7.5275421142578125,6870.5,9,0.0,87.26513671875
SV_NewYork_40.7388_-74.0052.tif,NewYork,test,52.41355895996094,47.58644104003906,1.1014389354282736,25,7.01141357421875,4560.0,10,0.0,62.00228500366211
SV_NewYork_40.7333_-73.9835.tif,NewYork,test,37.26234436035156,62.73765563964844,0.5939390622814859,18,7.77435302734375,3232.0,6,0.0,63.63603973388672
SV_NewYork_40.7346_-74.0071.tif,NewYork,test,50.07438659667969,49.92561340332031,1.0029798971553443,34,8.728408813476562,2162.5,7,0.0,55.77592468261719
SV_NewYork_40.7359_-73.9953.tif,NewYork,test,50.472259521484375,49.527740478515625,1.0190705054146063,22,7.231903076171875,4851.5,11,0.0,88.79295349121094
SV_NewYork_40.7359_-73.9990.tif,NewYork,test,51.11122131347656,48.88877868652344,1.0454591562044024,22,14.564895629882812,3533.5,7,0.0,62.07466506958008
SV_NewYork_40.7373_-73.9953.tif,NewYork,test,52.752685546875,47.247314453125,1.1165224131249192,17,7.2528839111328125,7931.0,10,0.0,87.32393646240234
SV_NewYork_40.7357_-73.9783.tif,NewYork,test,19.381332397460938,80.61866760253906,0.24040750081623188,18,2.0214080810546875,3673.0,1,0.0,61.699222564697266
SV_NewYork_40.7357_-73.9797.tif,NewYork,test,21.363067626953125,78.63693237304688,0.27166710325891863,17,2.215576171875,3637.0,3,0.0,60.6185188293457
SV_NewYork_40.7358_-73.9853.tif,NewYork,test,38.70124816894531,61.29875183105469,0.6313545873757709,15,9.030532836914062,4347.0,7,0.0,96.8844985961914
SV_NewYork_40.7386_-73.9815.tif,NewYork,test,44.96192932128906,55.03807067871094,0.8169241538962704,22,9.62066650390625,2505.0,7,0.0,83.64022827148438
SV_NewYork_40.7373_-74.0020.tif,NewYork,test,42.27333068847656,57.72666931152344,0.7323015720922241,22,10.268402099609375,2114.0,6,0.0,64.09874725341797
SV_NewYork_40.7387_-74.0020.tif,NewYork,test,44.53620910644531,55.46379089355469,0.8029780941572956,25,8.309555053710938,2674.0,6,0.0,69.18580627441406
SV_NewYork_40.7358_-73.9916.tif,NewYork,test,30.630111694335938,69.36988830566406,0.4415476576720246,18,7.0964813232421875,2730.5,6,0.0,101.14806365966797
SV_NewYork_40.7386_-73.9834.tif,NewYork,test,45.973968505859375,54.026031494140625,0.8509595695705591,28,7.89947509765625,1916.5,8,0.0,83.63920593261719
SV_NewYork_40.7344_-73.9871.tif,NewYork,test,39.81895446777344,60.18104553222656,0.6616527532153067,15,12.561798095703125,3165.0,6,0.0,74.2821044921875
SV_NewYork_40.7345_-74.0020.tif,NewYork,test,47.39837646484375,52.60162353515625,0.9010820062077568,28,6.3472747802734375,2705.5,10,0.0,61.300331115722656
SV_NewYork_40.7388_-74.0071.tif,NewYork,test,46.32110595703125,53.67889404296875,0.8629295886750619,22,7.86590576171875,4425.0,9,0.0,63.15135192871094
SV_NewYork_40.7402_-74.0107.tif,NewYork,test,29.441452026367188,70.55854797363281,0.4172627253804774,13,9.173965454101562,4420.0,4,0.0,57.60350799560547
SV_NewYork_40.7401_-73.9971.tif,NewYork,test,51.57814025878906,48.42185974121094,1.0651829676606137,19,9.014511108398438,2858.0,8,0.0,100.61981201171875
SV_NewYork_40.7387_-73.9989.tif,NewYork,test,44.487762451171875,55.512237548828125,0.8014045986173912,27,11.075973510742188,2183.0,5,0.0,69.35710144042969
SV_NewYork_40.7346_-74.0090.tif,NewYork,test,45.71647644042969,54.28352355957031,0.8421796052030555,32,5.0151824951171875,2562.0,10,0.0,68.08048248291016
SV_NewYork_40.7401_-74.0019.tif,NewYork,test,48.96125793457031,51.03874206542969,0.9592959378153145,25,11.56463623046875,3149.0,8,0.0,87.9355239868164
SV_NewYork_40.7386_-73.9871.tif,NewYork,test,35.277557373046875,64.72244262695312,0.5450591161458395,34,4.383087158203125,2077.0,6,0.0,95.74150848388672
SV_NewYork_40.7386_-73.9901.tif,NewYork,test,47.229766845703125,52.770233154296875,0.8950077349024824,24,7.20672607421875,2635.5,9,0.0,95.61286163330078
SV_NewYork_40.7333_-73.9816.tif,NewYork,test,25.921630859375,74.078369140625,0.34992172695064677,17,5.4019927978515625,2270.0,6,0.0,61.88819885253906
SV_NewYork_40.7332_-73.9784.tif,NewYork,test,20.567703247070312,79.43229675292969,0.2589337597909973,10,3.4297943115234375,5920.0,6,0.0,57.79109573364258
SV_NewYork_40.7334_-73.9916.tif,NewYork,test,47.299957275390625,52.700042724609375,0.8975316684762938,20,9.668731689453125,1811.5,7,0.0,87.84745025634766
SV_NewYork_40.7372_-73.9853.tif,NewYork,test,43.909454345703125,56.090545654296875,0.7828316489614929,21,6.314849853515625,4516.0,9,0.0,96.8844985961914
SV_NewYork_40.7343_-73.9816.tif,NewYork,test,25.670242309570312,74.32975769042969,0.34535619524662436,21,4.34417724609375,2684.0,4,0.0,76.16189575195312
SV_NewYork_40.7387_-73.9952.tif,NewYork,test,53.11622619628906,46.88377380371094,1.1329341025036004,21,7.9227447509765625,3684.0,8,0.0,100.60273742675781
SV_NewYork_40.7372_-73.9816.tif,NewYork,test,45.475006103515625,54.524993896484375,0.8340212965424602,19,13.7908935546875,2708.0,5,0.0,72.05387878417969
SV_NewYork_40.7399_-73.9783.tif,NewYork,test,39.8590087890625,60.1409912109375,0.6627594255848176,20,6.8634033203125,3044.0,9,0.0,83.77677917480469
SV_NewYork_40.7345_-73.9934.tif,NewYork,test,59.222412109375,40.777587890625,1.4523274958838497,22,9.792327880859375,4052.5,9,0.0,87.26411437988281
SV_NewYork_40.7371_-73.9797.tif,NewYork,test,24.999618530273438,75.00038146972656,0.3333265516837988,19,4.87823486328125,3676.0,1,0.0,82.365234375
SV_NewYork_40.7334_-73.9935.tif,NewYork,test,51.024627685546875,48.975372314453125,1.041842568504354,20,9.792709350585938,3894.5,7,0.0,69.74008178710938
SV_NewYork_40.7401_-73.9915.tif,NewYork,test,51.38130187988281,48.61869812011719,1.056821837412025,31,9.455108642578125,2119.0,7,0.0,87.44552612304688
SV_NewYork_40.7401_-73.9934.tif,NewYork,test,55.76438903808594,44.23561096191406,1.2606221057079536,25,7.7205657958984375,3522.0,7,0.0,87.96581268310547
SV_NewYork_40.7360_-74.0108.tif,NewYork,test,30.754852294921875,69.24514770507812,0.4441445114090854,20,6.7340850830078125,2961.5,4,0.0,68.08316040039062
SV_NewYork_40.7345_-73.9953.tif,NewYork,test,52.507781982421875,47.492218017578125,1.1056081222188308,23,10.467910766601562,3670.0,9,0.0,87.26165008544922
SV_NewYork_40.7360_-74.0090.tif,NewYork,test,47.67646789550781,52.32353210449219,0.9111859612286112,27,8.948516845703125,2345.0,7,0.0,68.08187866210938
SV_NewYork_40.7335_-74.0090.tif,NewYork,test,48.673248291015625,51.326751708984375,0.9483017465626161,29,8.66851806640625,2713.0,6,0.0,64.74842071533203
