tile_id,comp_idx,true_max_h,true_p95_h,pred_max_h_geom,pred_max_h_depth,pred_max_h_combined
SV_NewYork_40.7374_-74.0071.tif,0,24.505563735961914,24.444007873535156,10.335182682036162,6.772841731420204,5.760689903728479
SV_NewYork_40.7374_-74.0071.tif,1,24.65978240966797,24.65558433532715,6.260932811699356,2.0,2.0
SV_NewYork_40.7374_-74.0071.tif,3,24.40230369567871,24.361759185791016,5.484741380310653,2.5032780696880454,2.0
SV_NewYork_40.7374_-74.0071.tif,4,21.2205753326416,21.18886375427246,6.481751427920284,3.97294242135035,2.786535394660767
SV_NewYork_40.7374_-74.0071.tif,5,22.22955894470215,22.22052574157715,6.2189258118964,2.0,2.0
SV_NewYork_40.7374_-74.0071.tif,6,14.566927909851074,14.557836532592773,5.0372683313869375,2.7014964663666987,2.0
SV_NewYork_40.7374_-74.0071.tif,7,19.031322479248047,19.021879196166992,8.79689194607623,4.99391286013599,3.842525402466146
SV_NewYork_40.7374_-74.0071.tif,8,15.427000999450684,15.422544479370117,5.526149179385996,2.9784804840109516,2.0
SV_NewYork_40.7374_-74.0071.tif,9,22.906829833984375,21.167476654052734,11.980298290993963,7.844695471954136,7.4961919669919235
SV_NewYork_40.7374_-74.0071.tif,10,22.957000732421875,22.94861602783203,6.5698653885189815,2.791567315733131,3.014612110990374
SV_NewYork_40.7374_-74.0071.tif,11,20.63233757019043,20.617162704467773,13.96177687552506,5.451454082487341,6.579627624046697
SV_NewYork_40.7374_-74.0071.tif,12,24.51218032836914,22.498268127441406,13.868598276989689,5.379138132674029,6.756718606515763
SV_NewYork_40.7400_-73.9852.tif,0,63.76051330566406,63.653690338134766,13.73249420698095,5.403038367432388,6.749345513179536
SV_NewYork_40.7400_-73.9852.tif,1,22.36760711669922,22.303375244140625,9.353043648678256,4.528613892571714,5.59125318082336
SV_NewYork_40.7400_-73.9852.tif,2,73.35582733154297,71.80984497070312,15.890805141534521,5.117899085604132,7.447075830120215
SV_NewYork_40.7400_-73.9852.tif,3,49.26286315917969,49.2270622253418,7.2787239254246945,3.819505756798783,3.62622675077344
SV_NewYork_40.7400_-73.9852.tif,4,76.70183563232422,76.68280029296875,10.974704395443153,6.249074903659096,7.141882693730012
SV_NewYork_40.7400_-73.9852.tif,5,58.965702056884766,51.470542907714844,18.214930056072387,7.325451706986305,11.180426906743321
SV_NewYork_40.7400_-73.9852.tif,6,97.09562683105469,97.04326629638672,11.762930281813887,5.523795411778433,6.844633145864123
SV_NewYork_40.7400_-73.9852.tif,7,61.17954635620117,39.64241409301758,13.26842439916755,4.849177438863976,5.968281781309562
SV_NewYork_40.7400_-73.9852.tif,8,36.033023834228516,27.99231719970703,5.643963865702877,3.7428051168780314,2.374547307257826
SV_NewYork_40.7400_-73.9852.tif,9,69.92211151123047,65.84843444824219,7.289140260519115,2.737054311430013,2.6131650036192138
SV_NewYork_40.7400_-73.9852.tif,10,50.70962905883789,50.703651428222656,8.225237277093857,4.254953039649148,4.731236469128341
SV_NewYork_40.7335_-74.0090.tif,0,21.068607330322266,20.970426559448242,8.304380417278143,4.472763988922148,4.554028745161
SV_NewYork_40.7335_-74.0090.tif,1,25.76115608215332,25.73549461364746,9.987191739965969,4.613948034493406,4.8082068558047535
SV_NewYork_40.7335_-74.0090.tif,2,26.22671890258789,26.21535301208496,7.874287867620414,3.878145715375137,3.7579142101288214
SV_NewYork_40.7335_-74.0090.tif,3,25.017507553100586,21.27474021911621,13.782962275038248,7.609182759992324,9.032536948814002
SV_NewYork_40.7335_-74.0090.tif,4,12.892756462097168,12.883524894714355,6.865045904418814,3.425897460197813,3.3928638076763935
SV_NewYork_40.7335_-74.0090.tif,5,12.243953704833984,12.197772026062012,6.106611227446078,4.546281937800831,4.882037359743935
SV_NewYork_40.7335_-74.0090.tif,6,21.29568862915039,21.281408309936523,8.090828730434044,4.646128954345536,4.179421924088152
SV_NewYork_40.7335_-74.0090.tif,7,40.81849670410156,40.472862243652344,22.757209537553358,16.085156838727386,17.770387137177856
SV_NewYork_40.7335_-74.0090.tif,8,23.848005294799805,22.554147720336914,14.67848879017799,12.150329497059666,12.022629216645258
SV_NewYork_40.7359_-73.9971.tif,1,62.04248046875,62.03041458129883,6.463544058697124,2.3420294034117735,2.4270159224966257
SV_NewYork_40.7359_-73.9971.tif,2,37.34606170654297,37.28667068481445,9.86175630606989,4.020430080142191,4.506597565583329
SV_NewYork_40.7359_-73.9971.tif,4,36.40220260620117,36.11149215698242,14.439783405455488,8.04966401955587,8.763666266654212
SV_NewYork_40.7359_-73.9971.tif,5,54.589141845703125,54.56365966796875,6.917688807682277,5.775982225891063,4.924580007219123
SV_NewYork_40.7359_-73.9971.tif,6,42.45619583129883,42.43465042114258,7.868526773354928,5.774444554394456,4.775221057976285
SV_NewYork_40.7359_-73.9971.tif,7,21.43788719177246,21.430824279785156,4.882378275995829,2.5775156140442785,2.0
SV_NewYork_40.7359_-73.9971.tif,9,88.79747772216797,81.92176055908203,12.530221246419762,8.896358056561196,10.390891608094616
SV_NewYork_40.7359_-73.9971.tif,10,57.62074661254883,57.58056640625,9.899781748745056,7.468475098442118,7.2569882234948
SV_NewYork_40.7359_-73.9971.tif,11,49.89850616455078,49.895347595214844,5.455797619448354,2.8353654547393337,2.0
SV_NewYork_40.7359_-73.9971.tif,12,37.16484069824219,33.829437255859375,11.334970703025814,10.05877648005124,10.015484408787263
SV_NewYork_40.7359_-73.9971.tif,13,72.74207305908203,72.72407531738281,6.219018481857022,4.365682379531815,3.0694700263585624
SV_NewYork_40.7359_-73.9971.tif,14,19.49839210510254,19.496110916137695,6.112899015945922,3.2597020063921303,2.613232632987936
SV_NewYork_40.7359_-73.9971.tif,15,49.01055908203125,27.668283462524414,4.156974480713662,2.593199566169373,2.0
SV_NewYork_40.7359_-73.9971.tif,16,61.2707633972168,61.00495147705078,6.463695620184504,5.623396047872723,4.165156722920487
SV_NewYork_40.7359_-73.9971.tif,17,23.525680541992188,23.470081329345703,8.52183912604538,7.035644363113111,6.311930294527118
SV_NewYork_40.7388_-74.0071.tif,0,21.50531005859375,21.487457275390625,9.196572644820048,5.046093530113508,4.896598951240186
SV_NewYork_40.7388_-74.0071.tif,1,18.12749671936035,18.08718490600586,8.44452212997884,3.8104855084175,3.28436585028782
SV_NewYork_40.7388_-74.0071.tif,2,21.3735294342041,21.370136260986328,6.223764996092645,2.0,2.0
SV_NewYork_40.7388_-74.0071.tif,3,21.299468994140625,21.295841217041016,5.443628863268875,2.0,2.0
SV_NewYork_40.7388_-74.0071.tif,4,24.70635414123535,24.691715240478516,5.7656911156751995,2.753876986072486,2.0
SV_NewYork_40.7388_-74.0071.tif,6,22.034086227416992,21.600345611572266,3.7403303117784006,2.0,2.0
SV_NewYork_40.7388_-74.0071.tif,8,18.016490936279297,18.00548553466797,6.93108412361228,3.1035024257007517,2.834530535669911
SV_NewYork_40.7388_-74.0071.tif,9,13.984052658081055,13.974340438842773,3.922906591214815,2.0,2.0
SV_NewYork_40.7388_-74.0071.tif,10,12.799848556518555,12.794536590576172,5.04260591748433,3.4556939253512295,2.162410045096882
SV_NewYork_40.7388_-74.0071.tif,12,12.64090347290039,12.637351989746094,4.876703339436146,2.3102463387518473,2.0
SV_NewYork_40.7388_-74.0071.tif,15,14.390594482421875,14.374707221984863,9.063596245616875,3.260703315442747,3.9876896161990025
SV_NewYork_40.7388_-74.0071.tif,16,16.236003875732422,16.21630096435547,8.602770098540223,4.593809195020451,4.4593656985011405
SV_NewYork_40.7388_-74.0071.tif,17,15.921525955200195,15.666884422302246,8.230088642278512,5.25835912836333,5.1964021913592084
SV_NewYork_40.7388_-74.0071.tif,18,11.893182754516602,11.888829231262207,5.837883473254338,2.5005124803736773,2.0
SV_NewYork_40.7388_-74.0071.tif,19,17.03043556213379,17.01776123046875,4.916955174349309,2.7679578040614548,2.0
SV_NewYork_40.7388_-74.0071.tif,20,24.494935989379883,24.459598541259766,9.869910307273859,5.975282065644439,5.796811633491473
SV_NewYork_40.7388_-74.0071.tif,21,23.72389793395996,23.629606246948242,6.716286181284161,2.204943928743388,2.0
SV_NewYork_40.7388_-74.0071.tif,22,29.544626235961914,29.083879470825195,12.34092739377964,7.300119936341324,7.327136953648981
SV_NewYork_40.7388_-74.0071.tif,23,13.424809455871582,13.417254447937012,6.861012799614576,2.6499971008923477,2.940072422687349
SV_NewYork_40.7388_-74.0071.tif,24,14.299803733825684,14.296506881713867,6.058258560713186,2.0,2.0
SV_NewYork_40.7388_-74.0071.tif,25,21.45001220703125,21.43917465209961,5.693898051655199,2.7524863812143945,2.1789221843349864
SV_NewYork_40.7359_-74.0020.tif,0,28.061321258544922,28.027660369873047,14.57836096599563,10.532527356636592,11.74668053159488
SV_NewYork_40.7386_-73.9901.tif,0,43.53578567504883,43.42017364501953,15.380417358353547,8.604578534686764,9.341750795804137
SV_NewYork_40.7386_-73.9901.tif,1,95.61112976074219,95.5230484008789,19.031766342353542,8.395378680468536,11.02244203989169
SV_NewYork_40.7386_-73.9901.tif,2,38.15190124511719,38.13728713989258,6.4252845545798625,2.495730285979212,2.0
SV_NewYork_40.7386_-73.9901.tif,3,65.95497131347656,65.8843002319336,15.950609654987643,6.830478515552473,8.854319657734523
SV_NewYork_40.7386_-73.9901.tif,4,20.086406707763672,20.08226203918457,6.574105440665919,2.9348729461292518,2.795511814736445
SV_NewYork_40.7386_-73.9901.tif,5,54.780643463134766,54.73524856567383,11.944401915499322,6.989711175419194,7.600865428596585
SV_NewYork_40.7388_-74.0108.tif,0,36.33309555053711,36.30963897705078,9.489518238156762,5.714702806480057,6.204541827762476
SV_NewYork_40.7388_-74.0108.tif,1,45.01327133178711,44.99787521362305,8.11545775999094,4.492124955481772,4.663616883826155
SV_NewYork_40.7388_-74.0108.tif,2,27.963375091552734,27.794889450073242,7.984153378446648,5.120019620787241,4.720473602420195
SV_NewYork_40.7388_-74.0108.tif,3,26.895050048828125,26.845272064208984,14.128418970671545,7.52648262125519,9.261710599778585
SV_NewYork_40.7388_-74.0108.tif,4,27.641931533813477,27.61457061767578,8.585934570976228,5.270418812257999,5.754837687925613
SV_NewYork_40.7388_-74.0108.tif,5,18.408613204956055,18.333154678344727,12.981609338254152,5.137096430704698,6.99941847150135
SV_NewYork_40.7388_-74.0108.tif,6,59.90854263305664,59.81610870361328,20.908727779352304,11.56314009930527,14.54980553107212
SV_NewYork_40.7334_-73.9972.tif,0,20.82537078857422,20.81198501586914,5.755719376595833,3.573338139849839,2.0790701609566558
SV_NewYork_40.7334_-73.9972.tif,2,23.17643165588379,23.14600372314453,10.473404590234551,4.313834414041687,4.766686779935158
SV_NewYork_40.7334_-73.9972.tif,4,48.10917663574219,45.61133575439453,5.4422859654850635,5.549840344974431,3.5614221133975086
SV_NewYork_40.7334_-73.9972.tif,5,22.24556541442871,21.982139587402344,6.949041759616014,3.85442118392446,3.1858614264718828
SV_NewYork_40.7334_-73.9972.tif,6,52.72965621948242,52.71974563598633,6.15571050834019,4.7609183841810285,4.221994142111243
SV_NewYork_40.7334_-73.9972.tif,7,60.70838165283203,60.70297622680664,7.495932715782084,4.358881298071406,3.41598129946172
SV_NewYork_40.7334_-73.9972.tif,8,52.78395462036133,52.76356887817383,7.111800238223687,5.123350667445941,4.251820313437684
SV_NewYork_40.7334_-73.9972.tif,9,50.1962776184082,49.933937072753906,12.546949798882576,4.66114905546743,6.18157078982146
SV_NewYork_40.7334_-73.9972.tif,10,20.502714157104492,19.7574520111084,5.079265287926634,2.4266455037923595,2.0
SV_NewYork_40.7334_-73.9972.tif,11,20.037099838256836,19.970327377319336,9.581350249846192,4.081948626816242,3.8607783331391037
SV_NewYork_40.7334_-73.9972.tif,12,19.522010803222656,19.501235961914062,5.20313605952032,3.3294899770495316,2.0195796385652525
SV_NewYork_40.7334_-73.9972.tif,13,67.81428527832031,57.82990646362305,8.303298801592776,6.385487929127521,5.63297836237583
SV_NewYork_40.7334_-73.9972.tif,15,57.765907287597656,57.75714111328125,5.516579424863467,5.231820216000671,4.458315444578803
SV_NewYork_40.7334_-73.9972.tif,16,36.73125076293945,36.257503509521484,7.155645250935924,4.005532519163637,3.5688424379319263
SV_NewYork_40.7334_-73.9972.tif,17,80.13731384277344,80.10828399658203,13.364053005059588,7.044584016198112,8.98243169959174
SV_NewYork_40.7334_-73.9972.tif,18,20.695613861083984,20.63981819152832,8.876837922612978,3.9626141766394083,4.329903513243271
SV_NewYork_40.7334_-73.9972.tif,19,58.038978576660156,58.030029296875,6.731846346852104,3.5512031437944653,2.8947234229021888
SV_NewYork_40.7334_-73.9972.tif,20,23.201013565063477,20.78179931640625,11.38812318740528,6.328995582522699,7.15703260316954
SV_NewYork_40.7334_-73.9972.tif,22,22.148656845092773,20.594757080078125,13.617929382000156,8.41009463730799,9.300028103302635
SV_NewYork_40.7334_-73.9972.tif,23,10.448935508728027,10.438454627990723,5.046564817752404,4.164973770944319,2.191285410518491
SV_NewYork_40.7334_-73.9972.tif,24,9.407480239868164,9.353575706481934,7.839800157915362,5.40763339736891,5.042834428782391
SV_NewYork_40.7334_-73.9972.tif,25,31.817312240600586,31.805368423461914,6.747347367927364,4.3630619755635935,3.3497409570766727
SV_NewYork_40.7401_-73.9934.tif,0,63.30424499511719,63.03955841064453,12.676643077791548,6.315209506288659,6.281942887487732
SV_NewYork_40.7401_-73.9934.tif,1,43.666778564453125,43.64967727661133,7.6359951216423845,5.118168198700711,4.597560600064693
SV_NewYork_40.7401_-73.9934.tif,2,43.72372817993164,43.71803665161133,5.127774373229801,2.0,2.0
SV_NewYork_40.7401_-73.9934.tif,3,54.2696533203125,53.70502853393555,10.010473392333333,4.794529123548587,5.255987722103309
SV_NewYork_40.7401_-73.9934.tif,4,45.470680236816406,45.466461181640625,5.966446793736989,2.7293715003104033,2.0
SV_NewYork_40.7401_-73.9934.tif,5,45.409793853759766,45.366573333740234,10.64356585699713,7.4067748840899545,6.898739762080711
SV_NewYork_40.7401_-73.9934.tif,6,87.96581268310547,86.49632263183594,17.849563367899215,8.975403498149776,10.994845938814048
SV_NewYork_40.7401_-73.9934.tif,7,54.25367736816406,54.21467208862305,6.15685387277405,2.821086982398251,2.0
SV_NewYork_40.7401_-73.9934.tif,8,48.64394760131836,38.511695861816406,10.240796466661791,6.796161930852975,5.882393687396561
SV_NewYork_40.7401_-73.9934.tif,9,35.40036392211914,35.38676452636719,7.519186950958485,5.083660122078865,4.526171633149184
SV_NewYork_40.7401_-73.9934.tif,10,24.690296173095703,24.683910369873047,6.036450035774513,4.020054125207479,2.360514068872469
SV_NewYork_40.7402_-74.0071.tif,0,43.97367858886719,43.01695251464844,32.13297951994202,26.016026019603167,30.243772660331878
SV_NewYork_40.7402_-74.0071.tif,1,26.4405517578125,26.408838272094727,9.118131188931871,3.3275417640373117,3.310261442911761
SV_NewYork_40.7402_-74.0071.tif,2,24.739164352416992,24.701038360595703,9.181054593573567,3.4905648649738863,3.953169245722644
SV_NewYork_40.7402_-74.0071.tif,3,20.749149322509766,20.229576110839844,8.659954343198635,5.707762187761421,5.441324367395358
SV_NewYork_40.7402_-74.0071.tif,4,20.378028869628906,16.915979385375977,11.943432881979975,5.967742302039414,7.777765600000833
SV_NewYork_40.7402_-74.0071.tif,5,16.379152297973633,16.375213623046875,4.614757517891819,3.3440133816334914,2.0
SV_NewYork_40.7400_-73.9901.tif,0,46.92340087890625,38.53728485107422,10.590526652829798,5.008592088147319,4.698473484133858
SV_NewYork_40.7400_-73.9901.tif,1,64.04141998291016,63.99575424194336,10.896643717512127,3.8028609571538015,4.22779277065769
SV_NewYork_40.7400_-73.9901.tif,2,26.741151809692383,26.732925415039062,4.638256309970722,2.0,2.0
SV_NewYork_40.7400_-73.9901.tif,3,80.32383728027344,70.99073791503906,10.321726753344514,2.9992820874918973,4.1585851044030555
SV_NewYork_40.7400_-73.9901.tif,4,50.042972564697266,50.04096221923828,2.901830080538673,3.0712123442769705,2.0
SV_NewYork_40.7400_-73.9901.tif,5,47.6161003112793,45.13930130004883,13.392471754341035,9.453805386135862,10.578163001775124
SV_NewYork_40.7400_-73.9901.tif,6,95.6081314086914,95.55683135986328,12.528807251698861,4.952903674873812,6.8416484788872785
SV_NewYork_40.7400_-73.9901.tif,8,42.183162689208984,42.12506866455078,6.448128873897771,3.6458842048662223,2.0
SV_NewYork_40.7388_-74.0052.tif,0,21.50265121459961,18.0875244140625,13.36483248612544,12.732075625414842,12.353395699579941
SV_NewYork_40.7388_-74.0052.tif,1,50.8000602722168,50.79267883300781,6.170512774338048,3.8515317834079834,2.92887456135281
SV_NewYork_40.7388_-74.0052.tif,2,54.16817092895508,50.1484489440918,11.269132259622108,5.998792791140399,6.069305986980345
SV_NewYork_40.7388_-74.0052.tif,4,13.121700286865234,13.072671890258789,8.380171328539266,5.159769158301044,5.032862421532926
SV_NewYork_40.7388_-74.0052.tif,5,28.69375228881836,13.63632583618164,7.014398929917715,3.0233620420982295,2.6321241434023595
SV_NewYork_40.7388_-74.0052.tif,6,24.81981658935547,24.812788009643555,5.5631323626410625,4.657339338864021,3.736266677726939
SV_NewYork_40.7388_-74.0052.tif,7,13.067704200744629,13.059794425964355,6.880138518591492,3.840584070041702,3.7697252764636158
SV_NewYork_40.7388_-74.0052.tif,8,13.247105598449707,13.244531631469727,6.389583046881961,2.0,2.0
SV_NewYork_40.7388_-74.0052.tif,9,15.672599792480469,15.67087459564209,6.153533635966306,2.0,2.0
SV_NewYork_40.7388_-74.0052.tif,10,24.506486892700195,23.701032638549805,16.18240855835307,12.506096018994356,12.010284398650525
SV_NewYork_40.7388_-74.0052.tif,11,21.524307250976562,21.44999122619629,12.777534232412712,9.120784719939126,9.30217511032558
SV_NewYork_40.7360_-74.0071.tif,0,14.528839111328125,14.520441055297852,5.6838167751601745,2.0,2.0
SV_NewYork_40.7360_-74.0071.tif,4,13.067756652832031,13.065178871154785,4.3266112697770085,2.0,2.0
SV_NewYork_40.7360_-74.0071.tif,5,20.72149658203125,20.657581329345703,4.63105311552423,2.0,2.0
SV_NewYork_40.7360_-74.0071.tif,6,22.817140579223633,22.814464569091797,5.483929874871418,3.680278050435499,2.4372608567820944
SV_NewYork_40.7360_-74.0071.tif,7,23.453580856323242,23.416906356811523,13.139415098612734,8.141873666759986,9.016425621541487
SV_NewYork_40.7360_-74.0071.tif,8,21.05904769897461,21.0341796875,9.681820027498029,2.9592054902621943,3.3740890767629086
SV_NewYork_40.7360_-74.0071.tif,10,35.78351974487305,29.795902252197266,10.58644022269715,4.657655395273424,4.869748667849148
SV_NewYork_40.7360_-74.0071.tif,11,21.960580825805664,21.92764663696289,14.534794042752136,4.988497770352597,6.591858882274593
SV_NewYork_40.7359_-73.9934.tif,0,65.27510070800781,55.29228591918945,5.413098718277831,2.686758236278706,2.0
SV_NewYork_40.7359_-73.9934.tif,1,27.134563446044922,27.129060745239258,5.495224838331046,2.187214941051298,2.0
SV_NewYork_40.7359_-73.9934.tif,2,80.9991226196289,80.98118591308594,6.433977399866894,4.158667508487257,3.0993515106289102
SV_NewYork_40.7359_-73.9934.tif,3,43.366024017333984,42.63563537597656,5.826623010226228,4.497120662281959,2.907635012305329
SV_NewYork_40.7359_-73.9934.tif,4,41.987361907958984,35.013336181640625,12.55005325134393,6.719036994649128,6.990888953816351
SV_NewYork_40.7359_-73.9934.tif,5,51.580257415771484,51.5419921875,10.976859019458557,9.7409160809175,8.140646192816524
SV_NewYork_40.7359_-73.9934.tif,7,50.940120697021484,50.820030212402344,12.50007804746601,9.515180736380263,9.319518091463838
SV_NewYork_40.7359_-73.9934.tif,8,33.54050064086914,33.520912170410156,6.647275585466932,3.7164923538676504,2.9430613462942983
SV_NewYork_40.7359_-73.9934.tif,9,51.28380584716797,51.2823486328125,6.172108473145358,2.0,2.1167979450330083
SV_NewYork_40.7374_-74.0108.tif,2,35.945953369140625,35.90956497192383,7.905975412045857,4.496870724939283,4.2942810122704955
SV_NewYork_40.7374_-74.0108.tif,3,29.108123779296875,29.10536766052246,4.3639967655938925,2.893737410800693,2.0
SV_NewYork_40.7374_-74.0089.tif,0,18.435152053833008,18.313507080078125,13.558812452102131,7.1072471398405765,8.287863152497042
SV_NewYork_40.7374_-74.0089.tif,2,49.88697052001953,49.80120849609375,12.954208714092722,9.62682487164263,9.352517010792674
SV_NewYork_40.7374_-74.0089.tif,3,29.546661376953125,29.088420867919922,10.346187177861582,3.8394895267317386,4.709954723524551
SV_NewYork_40.7374_-74.0089.tif,4,19.39128875732422,19.34793472290039,9.226717931959454,4.140240593711148,4.8596133845241365
SV_NewYork_40.7374_-74.0089.tif,5,18.470430374145508,17.683788299560547,10.155006905479876,7.534600885689364,7.4313282050756575
SV_NewYork_40.7374_-74.0089.tif,6,17.614486694335938,17.602800369262695,5.622978493565462,2.5261062266756706,2.0
SV_NewYork_40.7374_-74.0089.tif,7,35.89168167114258,35.88736343383789,6.243877543494564,2.1846511843703116,2.0
SV_NewYork_40.7374_-74.0089.tif,8,13.139925956726074,13.123554229736328,8.33532701384129,4.265471009657062,4.820622701955928
SV_NewYork_40.7374_-74.0089.tif,9,18.784650802612305,17.355741500854492,7.560128639347196,4.98733747976895,4.2801602160817245
SV_NewYork_40.7374_-74.0089.tif,10,17.75736427307129,17.290756225585938,4.3735935212299095,2.7367493489540387,2.0
SV_NewYork_40.7374_-74.0089.tif,11,55.25481414794922,55.24891662597656,3.4280165214620553,3.164771108238167,2.0
SV_NewYork_40.7374_-74.0089.tif,12,21.178314208984375,21.009366989135742,8.22203947619874,5.494651979991117,5.382321521647274
SV_NewYork_40.7374_-74.0089.tif,13,17.386791229248047,17.37933921813965,5.912615791417779,2.0,2.0
SV_NewYork_40.7335_-74.0035.tif,0,20.366050720214844,20.341693878173828,13.131416942356768,4.75743058248632,6.481945634630308
SV_NewYork_40.7335_-74.0035.tif,1,19.06846046447754,17.08527183532715,9.45520946845973,7.2310137540057795,6.681469299744241
SV_NewYork_40.7335_-74.0035.tif,2,22.1746768951416,20.671634674072266,5.956430544758015,3.0561027650625245,2.0425240507731868
SV_NewYork_40.7335_-74.0035.tif,3,20.18031883239746,20.154516220092773,11.933208440820332,6.2406465194852645,6.00662615351556
SV_NewYork_40.7335_-74.0035.tif,4,20.209360122680664,20.167457580566406,6.260550827102582,4.341402438692757,3.1575352502533853
SV_NewYork_40.7335_-74.0035.tif,5,57.3455810546875,49.85788345336914,18.558552993108123,8.992995576830385,11.85179230004335
SV_NewYork_40.7335_-74.0035.tif,6,22.021669387817383,22.013944625854492,6.18949006565711,2.0,2.0
SV_NewYork_40.7335_-74.0035.tif,7,0.0,0.0,5.163049240910537,3.7504444625292352,2.2074297115985537
SV_NewYork_40.7335_-74.0035.tif,8,26.262348175048828,25.674854278564453,6.570761021842422,3.2895460009389996,2.8575852708455294
SV_NewYork_40.7335_-74.0035.tif,9,22.407424926757812,22.387407302856445,13.342749664648153,6.666151372264011,9.406871709178866
SV_NewYork_40.7335_-74.0035.tif,10,19.697673797607422,19.679758071899414,6.361411703629803,4.290134278914728,2.9280277801616066
SV_NewYork_40.7335_-74.0035.tif,11,7.284753322601318,7.098902702331543,6.880157338562715,3.4951540829283223,4.170552748546252
SV_NewYork_40.7335_-74.0035.tif,12,14.8435640335083,14.837139129638672,5.8944033745643996,3.351971901538411,2.553122743017589
SV_NewYork_40.7335_-74.0035.tif,13,25.343690872192383,25.336383819580078,10.308776882545885,6.274704769323132,6.788507039932607
SV_NewYork_40.7335_-74.0035.tif,14,15.689465522766113,15.674473762512207,5.5766998240630805,3.1127059171339404,2.0
SV_NewYork_40.7335_-74.0035.tif,15,17.53166389465332,17.528413772583008,4.200770800554344,2.352661080279125,2.0
SV_NewYork_40.7360_-74.0108.tif,0,35.94797897338867,35.91200637817383,7.949865444032541,3.048350635325132,3.207834848189222
SV_NewYork_40.7360_-74.0108.tif,1,31.028118133544922,29.095436096191406,8.501638461000496,5.242139635368259,4.663655493738948
SV_NewYork_40.7360_-74.0108.tif,2,0.0,0.0,5.2147317063851295,2.497492308996671,2.0
SV_NewYork_40.7360_-74.0108.tif,3,23.207338333129883,23.203615188598633,4.048424679171713,3.243068879144422,2.0
SV_NewYork_40.7360_-74.0108.tif,4,16.13005828857422,16.12232208251953,6.664807168655308,4.003193793305309,3.1618376338240832
SV_NewYork_40.7360_-74.0108.tif,6,68.04107666015625,68.03813171386719,5.901335257882584,3.687825831554558,3.36208739753417
SV_NewYork_40.7360_-74.0108.tif,7,46.50730895996094,46.468841552734375,11.043246058735836,8.257313560166692,8.536284726867269
SV_NewYork_40.7360_-74.0108.tif,8,17.38273048400879,17.37236213684082,7.5239932017982305,4.638957791191161,4.244757322204837
SV_NewYork_40.7373_-73.9934.tif,0,0.0,0.0,6.628094618060118,4.015907009670696,4.5442729361477
SV_NewYork_40.7373_-73.9934.tif,1,85.45503997802734,69.86559295654297,7.8753978398892155,4.868987458095624,4.398367664368244
SV_NewYork_40.7373_-73.9934.tif,2,75.88233947753906,75.87776184082031,5.225728457281077,2.0,2.0
SV_NewYork_40.7373_-73.9934.tif,3,62.032203674316406,62.02713394165039,5.383563249947601,2.0620117289649276,2.0
SV_NewYork_40.7373_-73.9934.tif,5,30.006704330444336,29.997926712036133,6.614987565326729,2.7413251954479616,2.031833694510521
SV_NewYork_40.7373_-73.9934.tif,6,18.84693145751953,18.845582962036133,5.451350316341891,2.0,2.0
SV_NewYork_40.7373_-73.9934.tif,7,50.417659759521484,50.32560729980469,8.327445401662603,7.777289175795119,7.058278606775543
SV_NewYork_40.7373_-73.9934.tif,8,54.18940353393555,54.173072814941406,7.791479939092411,4.673678581271283,4.284017575768562
SV_NewYork_40.7373_-73.9934.tif,9,42.55592727661133,42.54069900512695,5.617492545631665,4.362045595319445,2.0
SV_NewYork_40.7373_-73.9934.tif,10,47.624149322509766,42.23126983642578,11.500009374982266,5.908249392212571,6.352116898595952
SV_NewYork_40.7373_-73.9934.tif,11,58.03038787841797,58.0150260925293,8.469867366320672,4.1052240070032315,3.5880354687713476
SV_NewYork_40.7373_-73.9934.tif,12,67.87528228759766,67.0909423828125,8.973187889896813,3.6520280543593886,4.023999858541542
SV_NewYork_40.7373_-73.9934.tif,13,60.962215423583984,57.37416458129883,18.87792394088929,8.081994209917248,10.69706631216995
SV_NewYork_40.7401_-74.0019.tif,0,19.340450286865234,19.33756446838379,4.042204398861131,2.0,2.0
SV_NewYork_40.7401_-74.0019.tif,2,19.023727416992188,18.966236114501953,12.22040028494201,6.817320965457219,7.2366452129970025
SV_NewYork_40.7401_-74.0019.tif,4,19.44546890258789,19.43680191040039,6.554055225989636,3.546771797680073,2.901735118441321
SV_NewYork_40.7401_-74.0019.tif,5,23.481294631958008,23.431842803955078,8.49961502622205,5.013390347239515,4.69555590019986
SV_NewYork_40.7401_-74.0019.tif,6,20.852346420288086,20.782861709594727,7.461043413514741,5.5643791074107645,4.932529599664548
SV_NewYork_40.7401_-74.0019.tif,7,87.9355239868164,87.92852783203125,6.688818645771385,2.5567875174992754,2.5441384393608626
SV_NewYork_40.7401_-74.0019.tif,8,21.117868423461914,20.411115646362305,6.215042258503572,3.494725806971368,2.423230116286769
SV_NewYork_40.7401_-74.0019.tif,9,41.2166862487793,41.06708526611328,8.116098713210155,5.359038393351133,4.690038545871932
SV_NewYork_40.7401_-74.0019.tif,10,21.201539993286133,21.183349609375,7.6433353453044965,4.546230034751753,3.4102414034092856
SV_NewYork_40.7401_-74.0019.tif,11,22.572154998779297,21.61708641052246,9.473063534112118,8.18495098227553,7.587322846824911
SV_NewYork_40.7401_-74.0019.tif,12,55.905364990234375,55.901668548583984,4.240387176514794,3.577692396919838,2.7461824444222156
SV_NewYork_40.7401_-74.0019.tif,13,41.1487922668457,35.10714340209961,14.787403932631001,9.238084931920906,10.358865554740097
SV_NewYork_40.7401_-74.0019.tif,14,20.96572494506836,20.939958572387695,7.037645231984319,5.686568154848785,3.362393979480345
SV_NewYork_40.7401_-74.0019.tif,15,58.55809783935547,58.555458068847656,5.319138198091096,4.881765117614813,2.972194793474257
SV_NewYork_40.7401_-74.0019.tif,16,16.96497917175293,16.959293365478516,5.157021724849816,2.9804363388763218,2.0
SV_NewYork_40.7401_-74.0019.tif,17,69.1866683959961,69.13602447509766,9.384853277666831,6.698313113519205,6.393911048740686
SV_NewYork_40.7401_-74.0019.tif,18,55.81431579589844,52.901031494140625,12.189320879219045,8.282060104323595,8.695014566243026
SV_NewYork_40.7401_-74.0019.tif,19,21.13468360900879,21.11544418334961,7.729897389048217,4.333033920353044,3.652832444579702
SV_NewYork_40.7401_-74.0019.tif,20,27.44295310974121,27.306013107299805,20.25001677301624,18.601408343847993,18.4528078676055
SV_NewYork_40.7401_-74.0019.tif,22,65.4464111328125,65.43981170654297,6.318316584395198,4.31944789124196,2.997962797336978
SV_NewYork_40.7401_-74.0019.tif,23,29.851261138916016,29.849987030029297,6.3194715746386985,4.117228918210489,4.608840977635771
SV_NewYork_40.7401_-74.0019.tif,24,16.92790412902832,15.001492500305176,6.905546729039424,5.866077280438972,5.458641910858775
SV_NewYork_40.7401_-73.9989.tif,0,33.9102783203125,33.88058090209961,10.390476215784176,5.557639107880846,5.077158113429107
SV_NewYork_40.7401_-73.9989.tif,1,68.70204162597656,65.38831329345703,10.054743145339977,3.3559917525172214,3.8607432715145693
SV_NewYork_40.7401_-73.9989.tif,2,25.25102996826172,25.227561950683594,5.1371484634068825,3.9811055845699794,2.1605472339075114
SV_NewYork_40.7401_-73.9989.tif,3,25.12485694885254,25.115257263183594,4.723777435626328,2.6455486194772835,2.0
SV_NewYork_40.7401_-73.9989.tif,4,26.326995849609375,25.907936096191406,8.309306022834878,4.687804447581601,3.9864748916092925
SV_NewYork_40.7401_-73.9989.tif,6,21.614730834960938,21.600807189941406,6.678097030704407,2.0,2.0
SV_NewYork_40.7401_-73.9989.tif,7,21.764366149902344,21.752304077148438,6.02541025004824,2.7318160727785745,2.0
SV_NewYork_40.7401_-73.9989.tif,8,58.878631591796875,58.859100341796875,5.160734563642551,3.725663208693602,2.7125794060271193
SV_NewYork_40.7401_-73.9989.tif,9,25.51321029663086,25.51186180114746,6.266537333317082,4.006732097464051,2.4653748705200016
SV_NewYork_40.7401_-73.9989.tif,12,19.114688873291016,19.10869789123535,7.367664768808064,5.5088993252245375,4.312239421566225
SV_NewYork_40.7401_-73.9989.tif,13,18.628984451293945,18.628108978271484,5.789104784179994,2.0,2.0
SV_NewYork_40.7401_-73.9989.tif,14,45.610748291015625,45.6030158996582,6.328714470608624,3.473495683657041,2.484491103782821
SV_NewYork_40.7401_-73.9989.tif,15,25.015024185180664,24.969392776489258,6.333846971693561,2.9357121254611087,2.0
SV_NewYork_40.7401_-73.9989.tif,16,19.824220657348633,19.812475204467773,6.279323742681787,3.677103830456173,3.178991925978446
SV_NewYork_40.7401_-73.9989.tif,17,45.19896697998047,45.17440414428711,14.601396242574172,6.026432209265037,7.489969806544625
SV_NewYork_40.7401_-73.9989.tif,18,50.30400848388672,50.2352409362793,6.939122450148128,3.2436225464300943,2.972006606947952
SV_NewYork_40.7374_-74.0052.tif,0,18.453624725341797,18.45282745361328,5.056501206692885,2.0,2.0
SV_NewYork_40.7374_-74.0052.tif,1,20.339759826660156,20.308916091918945,7.789166931889759,3.7059412123254196,2.6922166496396276
SV_NewYork_40.7374_-74.0052.tif,2,18.557004928588867,18.554298400878906,6.790942795864069,3.0758009888035645,2.5372073049056496
SV_NewYork_40.7374_-74.0052.tif,3,19.510427474975586,19.50928497314453,6.153533635966306,2.0,2.0
SV_NewYork_40.7374_-74.0052.tif,4,20.35486602783203,20.35088348388672,5.856075479830107,2.0,2.0
SV_NewYork_40.7374_-74.0052.tif,5,24.505483627319336,24.47722625732422,7.1282085643993005,4.71211505702643,3.227608657480202
SV_NewYork_40.7374_-74.0052.tif,6,24.606985092163086,24.58349609375,7.502384139004973,4.078722956618792,3.4353574998342857
SV_NewYork_40.7374_-74.0052.tif,7,24.534860610961914,22.775991439819336,6.210362848410632,2.0,2.0
SV_NewYork_40.7374_-74.0052.tif,8,13.37392807006836,13.37161636352539,5.843971256618578,3.0226906388068233,2.0
SV_NewYork_40.7374_-74.0052.tif,9,21.682157516479492,21.581789016723633,14.292110301939562,4.40637144817157,6.050590869085343
SV_NewYork_40.7374_-74.0052.tif,10,20.631916046142578,20.617965698242188,14.577960630283322,5.900395016529306,7.263251204008686
SV_NewYork_40.7374_-74.0052.tif,11,21.96177101135254,21.9495849609375,8.152114258876702,4.744169293029721,4.634980495403218
SV_NewYork_40.7374_-74.0052.tif,12,14.432387351989746,14.430561065673828,5.902470432566807,2.0,2.0
SV_NewYork_40.7343_-73.9798.tif,0,39.510826110839844,37.525028228759766,7.420496414173598,8.466606467655925,7.660259779220056
SV_NewYork_40.7343_-73.9798.tif,1,60.61927032470703,60.59726333618164,10.403027911860379,6.697189990904896,7.282625653452905
SV_NewYork_40.7343_-73.9798.tif,2,41.6506233215332,39.654319763183594,16.17309578476113,19.369796485184153,19.079313565964192
SV_NewYork_40.7343_-73.9798.tif,3,41.800785064697266,39.24953842163086,23.700871290811484,21.660229653245928,22.681022094320376
SV_NewYork_40.7343_-73.9798.tif,4,42.59110641479492,40.58235549926758,15.748108061590335,16.73697130727987,17.43389337484283
SV_NewYork_40.7343_-73.9798.tif,5,45.048954010009766,41.10982131958008,17.929712656446597,18.764827401236897,19.021911098645234
SV_NewYork_40.7343_-73.9798.tif,7,44.314884185791016,41.82053756713867,16.78852140010448,20.887274165377725,21.305717895239074
SV_NewYork_40.7343_-73.9798.tif,8,56.225189208984375,43.840980529785156,20.9712020082269,22.905184761200232,23.551916885972
SV_NewYork_40.7343_-73.9798.tif,9,44.924652099609375,42.41449737548828,11.14636889339915,24.982343304612066,21.164692487271516
SV_NewYork_40.7343_-73.9798.tif,10,56.24441909790039,42.41559600830078,10.461131445793296,23.722569372554887,20.295726685688702
SV_NewYork_40.7343_-73.9798.tif,11,39.18305969238281,39.177528381347656,5.6268354669324285,4.343764154989926,5.442905871525649
SV_NewYork_40.7345_-73.9971.tif,0,16.826961517333984,16.795881271362305,4.533918077094214,6.339270871391414,2.8284146625334543
SV_NewYork_40.7345_-73.9971.tif,1,21.401126861572266,21.142139434814453,12.95837572709912,9.629911175476998,9.766487981777319
SV_NewYork_40.7345_-73.9971.tif,3,16.246726989746094,16.24599266052246,4.707993169592687,2.3633206404922458,2.4442488817929764
SV_NewYork_40.7345_-73.9971.tif,4,20.520587921142578,20.502548217773438,4.763418692851358,5.295466125328815,2.709175493255394
SV_NewYork_40.7345_-73.9971.tif,5,37.163780212402344,32.769378662109375,7.831115189454096,4.730404747811812,3.633093181578677
SV_NewYork_40.7345_-73.9971.tif,6,56.92981719970703,52.81956100463867,5.1328231984133215,3.90114412789352,2.475262725087589
SV_NewYork_40.7345_-73.9971.tif,8,21.48080825805664,21.467876434326172,5.846109487921719,4.34715633231004,2.794428816318389
SV_NewYork_40.7345_-73.9971.tif,9,24.479572296142578,23.45246696472168,9.853887304587293,6.373243864112149,6.086082192129089
SV_NewYork_40.7345_-73.9971.tif,10,23.238719940185547,23.163246154785156,11.92264250571218,8.572204242300932,7.516484864286893
SV_NewYork_40.7345_-73.9971.tif,11,0.0,0.0,6.105235584864093,2.438148503136249,2.0
SV_NewYork_40.7345_-73.9971.tif,12,50.1960563659668,43.45114517211914,14.955555544452979,10.630572938842416,11.46441171188537
SV_NewYork_40.7345_-73.9971.tif,13,20.058534622192383,19.966014862060547,10.847912239117845,6.488362611521057,6.234786477880509
SV_NewYork_40.7345_-73.9971.tif,14,19.581445693969727,19.547746658325195,6.536295055855199,3.542236418738888,2.8684385349336896
SV_NewYork_40.7345_-73.9971.tif,15,67.84122467041016,67.83872985839844,4.957418634345055,3.5265618926793056,2.2268632689072962
SV_NewYork_40.7345_-73.9971.tif,16,62.15794372558594,57.81108474731445,11.011264428894009,9.308546384110286,9.032096471940743
SV_NewYork_40.7345_-73.9971.tif,17,67.74234771728516,67.7205810546875,9.117001943923508,8.330198452495463,7.823191410966206
SV_NewYork_40.7345_-73.9971.tif,18,74.36820220947266,70.98604583740234,6.975827301925001,4.195656095939348,3.600557741476096
SV_NewYork_40.7359_-73.9953.tif,0,50.06153869628906,50.000770568847656,10.091367980484288,6.153899233872545,5.757904618016689
SV_NewYork_40.7359_-73.9953.tif,1,72.0981216430664,67.9207992553711,13.152978322728014,10.012684101426451,9.382319864772324
SV_NewYork_40.7359_-73.9953.tif,2,54.62015151977539,54.57844543457031,10.119539479891687,4.896231858776403,5.002149702894881
SV_NewYork_40.7359_-73.9953.tif,3,84.71887969970703,84.704833984375,5.573462587457005,3.129664948307422,2.0
SV_NewYork_40.7359_-73.9953.tif,4,46.410037994384766,46.39875411987305,5.266710931873414,2.0,2.0
SV_NewYork_40.7359_-73.9953.tif,5,43.415340423583984,43.33350372314453,10.306162056255864,7.293388369917997,6.884778460918611
SV_NewYork_40.7359_-73.9953.tif,6,37.167137145996094,32.77958297729492,8.345667658127367,6.393875432739531,4.982460928564647
SV_NewYork_40.7359_-73.9953.tif,7,50.94369888305664,50.835975646972656,12.146395932597585,6.917875439701895,7.165790239087167
SV_NewYork_40.7359_-73.9953.tif,8,33.55757141113281,31.793724060058594,12.174508991224327,5.957935385504941,6.926549511418502
SV_NewYork_40.7359_-73.9953.tif,10,61.20185852050781,61.00476837158203,7.021015045373828,4.247835084115514,3.4275777621272603
SV_NewYork_40.7359_-73.9953.tif,11,23.508258819580078,23.47222137451172,8.049034549499195,4.389207445347904,4.032508107879993
SV_NewYork_40.7335_-74.0053.tif,0,15.255973815917969,15.25015640258789,5.339162615287421,2.639936099370635,2.0
SV_NewYork_40.7335_-74.0053.tif,1,20.86540412902832,20.857837677001953,5.421179370474412,4.64436849285949,2.9764203906741518
SV_NewYork_40.7335_-74.0053.tif,3,38.05990982055664,26.407073974609375,18.293586017785394,12.205575616599928,15.096572152957595
SV_NewYork_40.7335_-74.0053.tif,4,23.077421188354492,21.572925567626953,20.93833005238605,15.02372013935165,14.986728085094544
SV_NewYork_40.7335_-74.0053.tif,6,18.74826431274414,12.32433795928955,7.33516940652174,4.742553202848205,4.726224292995979
SV_NewYork_40.7335_-74.0053.tif,7,21.682518005371094,21.609668731689453,7.614394952028023,4.860976028157296,3.7785681546703342
SV_NewYork_40.7335_-74.0053.tif,8,19.499691009521484,19.47547149658203,7.440535559589824,2.881748350336979,2.805838271956919
SV_NewYork_40.7387_-73.9915.tif,0,63.055850982666016,59.309959411621094,25.177370377890764,14.531587043334312,18.065634360007692
SV_NewYork_40.7387_-73.9915.tif,1,65.68523406982422,58.265594482421875,28.55661482532866,8.99263616097178,14.597046816221887
SV_NewYork_40.7387_-73.9915.tif,2,35.0863151550293,35.07181930541992,5.634941701014434,3.891735176361191,2.1211699152378856
SV_NewYork_40.7387_-73.9915.tif,3,86.81673431396484,78.32815551757812,13.402883372788581,9.833209011693768,9.924594829697027
SV_NewYork_40.7387_-73.9915.tif,4,9.93999195098877,0.0,7.10655379815579,4.562024655728198,4.420294794985004
SV_NewYork_40.7387_-73.9934.tif,2,43.73054122924805,43.715213775634766,5.7358321174880365,4.261856970873897,2.840415285924152
SV_NewYork_40.7387_-73.9934.tif,3,59.325233459472656,59.306922912597656,8.389301973223866,2.0,2.0
SV_NewYork_40.7387_-73.9934.tif,4,43.725791931152344,43.72248077392578,3.0014839840546905,2.0,2.0
SV_NewYork_40.7387_-73.9934.tif,5,58.55904006958008,58.5557861328125,4.804254655076458,2.0,2.0
SV_NewYork_40.7387_-73.9934.tif,6,47.47883605957031,47.46803665161133,4.158897807265096,2.0,2.0
SV_NewYork_40.7387_-73.9934.tif,7,87.9489517211914,82.47520446777344,8.105484886646305,4.3100497088126675,4.105042474198286
SV_NewYork_40.7387_-73.9934.tif,8,78.8149642944336,78.80842590332031,5.409270960752625,2.0,2.0
SV_NewYork_40.7387_-73.9934.tif,9,58.56074523925781,57.73295593261719,19.354073735919926,6.747916443940817,9.750356513919906
SV_NewYork_40.7387_-73.9934.tif,10,85.45557403564453,81.4586410522461,10.952406059594349,8.053827123985297,8.792093868877853
SV_NewYork_40.7387_-73.9934.tif,11,77.92308044433594,77.05665588378906,13.255625595928176,5.47578329979558,6.141578409814471
SV_NewYork_40.7387_-73.9934.tif,12,69.1163101196289,49.72996139526367,19.03383098921487,7.756272104498747,9.776844616703137
SV_NewYork_40.7387_-73.9934.tif,13,43.89677810668945,43.8436164855957,8.64221316411234,3.144052662575369,2.996647492717658
SV_NewYork_40.7343_-73.9816.tif,0,41.647701263427734,39.50857162475586,10.219121458972506,14.792838211343604,13.699193629682446
SV_NewYork_40.7343_-73.9816.tif,1,39.51218795776367,37.5252799987793,7.983017024942855,13.121135844764769,11.883572257665016
SV_NewYork_40.7343_-73.9816.tif,2,41.488590240478516,40.499794006347656,10.17521462712239,12.95008726417197,12.815642746811335
SV_NewYork_40.7343_-73.9816.tif,3,41.92747497558594,38.94493103027344,11.182613170440252,14.289652576140949,13.735224783763641
SV_NewYork_40.7343_-73.9816.tif,4,41.62779235839844,38.80085372924805,22.31162314634846,19.384204942781306,21.218759045669742
SV_NewYork_40.7343_-73.9816.tif,5,40.58896255493164,37.57609558105469,11.341413335300988,13.965609535348552,13.547648394272228
SV_NewYork_40.7343_-73.9816.tif,6,43.43718338012695,40.44676971435547,24.750459049444068,26.073009010446828,28.35394321001015
SV_NewYork_40.7343_-73.9816.tif,7,56.22365951538086,44.3028678894043,19.007625450357835,22.110198981873474,22.32213021462988
SV_NewYork_40.7343_-73.9816.tif,8,40.12511444091797,37.76561737060547,11.602846626501394,15.071446618290738,14.212010413948393
SV_NewYork_40.7343_-73.9816.tif,9,42.36983871459961,39.81279754638672,13.325591130316896,21.48161243477128,19.239125365889613
SV_NewYork_40.7343_-73.9816.tif,10,56.24579620361328,56.205543518066406,13.2281485079926,21.785599075285344,19.983726002601202
SV_NewYork_40.7343_-73.9816.tif,11,37.75323486328125,37.74531173706055,6.967142473795702,10.353786090377643,10.627014186228969
SV_NewYork_40.7343_-73.9816.tif,12,39.176231384277344,39.166419982910156,5.803776177368908,5.898783792028778,6.487325406489099
SV_NewYork_40.7334_-73.9953.tif,0,23.2364559173584,23.1784610748291,11.887325383348328,8.968951233111571,8.187599013214761
SV_NewYork_40.7334_-73.9953.tif,1,20.72101402282715,20.70528793334961,7.402708826486219,2.7364868248195293,2.464386577353178
SV_NewYork_40.7334_-73.9953.tif,2,43.84902572631836,43.75285720825195,13.91268770631118,9.149776995066997,11.06065101396566
SV_NewYork_40.7334_-73.9953.tif,3,50.352054595947266,50.29652786254883,5.858595858978336,4.499489763186888,2.0
SV_NewYork_40.7334_-73.9953.tif,4,40.190181732177734,40.09008026123047,11.282471636450444,9.570436773706625,8.30992231849331
SV_NewYork_40.7334_-73.9953.tif,5,37.70704650878906,19.730316162109375,18.735978626060277,15.027989369559544,15.961002619506212
SV_NewYork_40.7334_-73.9953.tif,6,31.814884185791016,31.806840896606445,6.357678050410569,4.366828777563702,3.442866825421996
SV_NewYork_40.7372_-73.9816.tif,0,34.290985107421875,34.14807891845703,15.475944077446847,23.830927302391256,22.172981605821068
SV_NewYork_40.7372_-73.9816.tif,1,66.19007110595703,66.17694854736328,3.9385526105411106,2.8742332490340594,2.0
SV_NewYork_40.7372_-73.9816.tif,2,50.803749084472656,50.773563385009766,10.170714039746228,5.823072400453045,6.288915821045164
SV_NewYork_40.7372_-73.9816.tif,3,60.1325569152832,60.13089370727539,4.381164266648741,2.960147492502891,2.0
SV_NewYork_40.7372_-73.9816.tif,4,19.401334762573242,19.365224838256836,9.910079555328913,3.7693994825534967,3.13234906047939
SV_NewYork_40.7372_-73.9816.tif,5,23.004093170166016,22.51223373413086,15.054847034485617,11.087090144315942,11.982361312838327
SV_NewYork_40.7372_-73.9816.tif,6,44.57316589355469,44.566402435302734,5.27242756148884,2.531652460541295,2.0
SV_NewYork_40.7372_-73.9816.tif,7,20.279441833496094,19.850343704223633,29.584381293102616,11.168510057591153,17.523029751487904
SV_NewYork_40.7372_-73.9816.tif,8,49.016578674316406,46.506290435791016,13.111511957541328,8.761206499387137,9.59696203532802
SV_NewYork_40.7372_-73.9816.tif,9,26.77470588684082,21.567947387695312,18.94891525668169,8.653530722436342,9.709587723526408
SV_NewYork_40.7372_-73.9816.tif,10,48.33754348754883,47.65062713623047,13.736120176001018,9.370492614002075,10.540882261046413
SV_NewYork_40.7372_-73.9816.tif,11,43.50955581665039,43.50163269042969,9.093229632233347,9.673906551907468,9.421455764511375
SV_NewYork_40.7372_-73.9816.tif,12,21.156574249267578,21.144084930419922,5.991281722035707,3.5719351376949504,3.987652024168927
SV_NewYork_40.7345_-74.0020.tif,0,11.596604347229004,11.589560508728027,3.729869206235631,2.1335834712223587,2.0
SV_NewYork_40.7345_-74.0020.tif,1,61.29823303222656,61.2730598449707,9.79061313484427,4.790006978642289,5.079340753629394
SV_NewYork_40.7345_-74.0020.tif,2,28.05655860900879,24.069244384765625,14.207371175762987,5.96692787408027,8.718047464368835
SV_NewYork_40.7345_-74.0020.tif,4,20.01902198791504,20.005430221557617,6.5347735723690334,6.502762234257472,5.901973237446336
SV_NewYork_40.7345_-74.0020.tif,5,23.90496826171875,23.875974655151367,9.681721437421333,4.29020904044523,4.803631493181481
SV_NewYork_40.7345_-74.0020.tif,6,43.93105697631836,25.66404151916504,25.458102951848566,8.563627705524345,13.359339095714375
SV_NewYork_40.7345_-74.0020.tif,7,45.94896697998047,45.92870330810547,9.81815560080859,4.568859358583525,4.647256916104763
SV_NewYork_40.7345_-74.0020.tif,8,16.971467971801758,16.87748146057129,14.572442808963954,7.735491270961577,9.32306232690332
SV_NewYork_40.7345_-74.0020.tif,9,18.623764038085938,16.012290954589844,11.537697209215784,9.370118897615924,8.649697409688136
SV_NewYork_40.7345_-74.0020.tif,10,20.146305084228516,18.08045196533203,10.684187084475717,6.932410265850547,7.168854623229562
SV_NewYork_40.7345_-74.0020.tif,11,57.3424186706543,50.162376403808594,14.458815994454886,7.118813301581938,9.311854611294716
SV_NewYork_40.7345_-74.0020.tif,12,31.139009475708008,31.13394546508789,4.968387722784268,2.613266426813352,2.0
SV_NewYork_40.7345_-74.0020.tif,13,19.08527374267578,19.06834602355957,8.41885555173847,3.73789843385636,3.664890808181127
SV_NewYork_40.7345_-74.0020.tif,14,19.66909408569336,19.28390884399414,7.811843362632937,4.965190307117418,3.7850522673052103
SV_NewYork_40.7345_-74.0020.tif,15,13.816167831420898,13.802496910095215,7.1811926614390735,2.7998358261172047,2.511591036310307
SV_NewYork_40.7345_-74.0020.tif,16,15.101140975952148,14.99715805053711,7.754643664061813,4.359768779850647,3.656625281055219
SV_NewYork_40.7359_-74.0034.tif,0,16.99541473388672,16.974374771118164,7.665577835483374,3.585696349417896,3.11637427831001
SV_NewYork_40.7359_-74.0034.tif,1,20.491104125976562,20.480379104614258,6.39454311776019,3.1740351922827816,2.687565742450687
SV_NewYork_40.7359_-74.0034.tif,2,21.079824447631836,21.057987213134766,10.180790568790336,3.349244378568967,4.0964309448732745
SV_NewYork_40.7359_-74.0034.tif,3,4.063919544219971,0.0,6.35899304505532,3.8812093941571844,3.4428242400111175
SV_NewYork_40.7359_-74.0034.tif,4,18.981393814086914,18.713165283203125,18.693349667189562,6.480316219558999,9.080339438259433
SV_NewYork_40.7401_-73.9915.tif,0,63.80597686767578,63.80241012573242,3.8628082394137024,2.0,2.0
SV_NewYork_40.7401_-73.9915.tif,1,53.533992767333984,53.501434326171875,9.675631863334141,6.896624790890911,7.422851818222445
SV_NewYork_40.7401_-73.9915.tif,3,49.792606353759766,47.6063232421875,14.78083149820979,8.255815330416258,10.257419275033882
SV_NewYork_40.7401_-73.9915.tif,4,63.31856918334961,62.85574722290039,12.663637000239579,8.745013590661824,8.346405381482066
SV_NewYork_40.7401_-73.9915.tif,5,63.05187225341797,63.039794921875,6.471722617092466,5.0731621280805035,3.5435788599048026
SV_NewYork_40.7401_-73.9915.tif,7,65.68443298339844,61.80088806152344,18.075414843079997,8.140750420437861,9.500644767643907
SV_NewYork_40.7401_-73.9915.tif,8,45.40970993041992,45.40757751464844,5.714734844113393,3.0174330411200305,2.3228882677938802
SV_NewYork_40.7401_-73.9915.tif,9,34.2127799987793,32.397003173828125,9.81300213780253,7.0610068280734515,6.9624676653190125
SV_NewYork_40.7401_-73.9915.tif,10,45.34421920776367,45.343055725097656,3.0826015102441655,2.0,2.0
SV_NewYork_40.7401_-73.9915.tif,11,48.659236907958984,37.5851936340332,10.312824227386002,7.9502291880736164,6.790990313970244
SV_NewYork_40.7401_-73.9915.tif,12,52.98331069946289,52.98139572143555,3.0826015102441655,2.0,2.0
SV_NewYork_40.7401_-73.9915.tif,13,52.714237213134766,52.681575775146484,6.140004108319382,4.050146125764632,2.571081511294496
SV_NewYork_40.7400_-73.9834.tif,1,22.166831970214844,21.971393585205078,6.0296184373257,2.0,2.0
SV_NewYork_40.7400_-73.9834.tif,2,20.166934967041016,20.15488624572754,6.742948987146674,4.679255873443702,3.9819141480078803
SV_NewYork_40.7400_-73.9834.tif,3,73.35346984863281,73.29256439208984,10.453922870810253,7.391244305157858,7.790184355889354
SV_NewYork_40.7400_-73.9834.tif,4,54.26169967651367,49.28429412841797,14.77675103044757,7.0055226841184695,9.379315194009536
SV_NewYork_40.7400_-73.9834.tif,5,58.95222473144531,58.87818908691406,9.068675120197451,5.198535027095069,5.014199702048272
SV_NewYork_40.7400_-73.9834.tif,6,83.63521575927734,83.52649688720703,12.088188674491922,7.637874272970667,7.415280540966426
SV_NewYork_40.7400_-73.9834.tif,7,78.8245849609375,73.8375244140625,12.548183881183633,27.272311345837167,25.13967967223134
SV_NewYork_40.7400_-73.9834.tif,8,19.14215660095215,19.12766456604004,7.752366956197458,6.481672994086138,4.492346003296291
SV_NewYork_40.7400_-73.9834.tif,9,47.45869827270508,47.455177307128906,4.882378275995829,2.9602224210445858,2.0
SV_NewYork_40.7400_-73.9834.tif,10,47.57475662231445,47.557395935058594,6.172963393691598,3.3513431839212284,2.818907589462688
SV_NewYork_40.7400_-73.9834.tif,11,57.771148681640625,54.7698860168457,4.93750943758172,2.276692583551238,2.0
SV_NewYork_40.7334_-73.9990.tif,0,18.21636199951172,18.08761978149414,6.2255077821859315,3.1159024835333327,2.1495348410014152
SV_NewYork_40.7334_-73.9990.tif,1,18.15613555908203,18.14798927307129,5.3696185983667615,2.778049482494998,2.0
SV_NewYork_40.7334_-73.9990.tif,2,22.17474937438965,21.12140464782715,12.291176734368216,8.923974180318282,8.944508420895213
SV_NewYork_40.7402_-74.0052.tif,0,32.9338264465332,29.540163040161133,23.439159768971138,6.712632517590777,10.694832080015168
SV_NewYork_40.7402_-74.0052.tif,1,40.49336242675781,34.510528564453125,18.411307182577833,9.240988942395749,12.603490759023305
SV_NewYork_40.7402_-74.0052.tif,2,17.747509002685547,17.723613739013672,8.65697703253046,4.158211349091222,4.664118676613699
SV_NewYork_40.7402_-74.0052.tif,3,23.807228088378906,20.88643455505371,11.487531883163502,5.24173050537929,5.664824395545131
SV_NewYork_40.7402_-74.0052.tif,5,43.88605499267578,43.83005142211914,14.026428080713856,7.056174657304798,8.981124104888297
SV_NewYork_40.7402_-74.0052.tif,6,14.407865524291992,13.764655113220215,6.004685241983585,2.0,2.0
SV_NewYork_40.7402_-74.0052.tif,7,50.789737701416016,50.78025436401367,4.702439762481703,2.819856155820837,2.0
SV_NewYork_40.7402_-74.0052.tif,8,20.266462326049805,20.158437728881836,6.094306305213696,5.695242443231384,4.052339010416338
SV_NewYork_40.7402_-74.0052.tif,9,24.30547523498535,24.302576065063477,7.248985006940088,4.052792999620576,4.73445465492272
SV_NewYork_40.7402_-74.0052.tif,10,18.072839736938477,18.05788230895996,4.9570095934761875,2.9790913779342088,2.0
SV_NewYork_40.7402_-74.0052.tif,11,20.395872116088867,20.38728141784668,6.0604843808001885,4.0459841597691355,3.2461596742247973
SV_NewYork_40.7402_-74.0052.tif,12,13.7359619140625,13.674306869506836,10.707202814982418,4.965162055384534,5.140330705354406
SV_NewYork_40.7402_-74.0052.tif,13,16.874469757080078,16.735979080200195,8.058494658301596,4.792280969803225,4.328818729592617
SV_NewYork_40.7402_-74.0052.tif,14,14.147799491882324,14.14671516418457,6.153533635966306,2.0,2.0
SV_NewYork_40.7402_-74.0052.tif,15,11.427614212036133,11.426470756530762,3.9944883442150125,2.0,2.0
SV_NewYork_40.7334_-73.9916.tif,0,69.74003601074219,69.70677947998047,11.305609270652166,7.6096627215703565,7.68829855843834
SV_NewYork_40.7334_-73.9916.tif,1,55.776275634765625,55.738197326660156,13.056461772814004,12.475859976770975,11.77305821061883
SV_NewYork_40.7334_-73.9916.tif,2,42.12314987182617,42.0732421875,10.84416640839313,9.235801631090602,8.311036269371264
SV_NewYork_40.7334_-73.9916.tif,3,38.80147171020508,38.753662109375,6.57513584149406,6.198112954038913,4.545513972185301
SV_NewYork_40.7334_-73.9916.tif,4,64.62845611572266,64.62112426757812,8.275689185425326,4.838678424914985,4.133747669478459
SV_NewYork_40.7334_-73.9916.tif,5,55.134315490722656,55.09551239013672,8.2943361388006,5.333184883396292,4.023148164476099
SV_NewYork_40.7334_-73.9916.tif,6,37.990726470947266,37.983978271484375,5.621334322602119,3.8424707707462114,3.076091642016845
SV_NewYork_40.7334_-73.9916.tif,7,33.3648681640625,26.34617042541504,13.360105217659592,10.836196441403548,10.925916274773122
SV_NewYork_40.7334_-73.9916.tif,8,31.247949600219727,31.217056274414062,12.29836263306575,9.527284102535779,10.294340191545427
SV_NewYork_40.7334_-73.9916.tif,9,87.84745025634766,83.9990463256836,11.802090986472566,6.847558832396628,7.449300229212332
SV_NewYork_40.7334_-73.9916.tif,10,34.88658905029297,34.827877044677734,11.231567759948595,5.868847464548958,6.462373609442539
SV_NewYork_40.7334_-73.9916.tif,11,33.62158203125,32.901275634765625,13.283725269258017,9.289692992220623,10.881202594611807
SV_NewYork_40.7334_-73.9916.tif,12,42.779075622558594,42.38064956665039,4.496201718366677,3.2680723822159106,2.0
SV_NewYork_40.7334_-73.9916.tif,13,24.992225646972656,24.977758407592773,7.497795869343909,4.218202177254108,3.7575629541625144
SV_NewYork_40.7334_-73.9916.tif,14,58.764007568359375,58.76050567626953,5.192316063371382,2.7178700725582203,2.0
SV_NewYork_40.7334_-73.9916.tif,15,63.84298324584961,63.83513259887695,6.517655084492374,4.0804134771397065,3.101595350259265
SV_NewYork_40.7400_-73.9871.tif,0,64.4329605102539,64.42071533203125,6.558301887714571,2.596689621084879,2.1114355919012464
SV_NewYork_40.7400_-73.9871.tif,1,66.75511932373047,64.23947143554688,13.171636826570541,7.735785190278442,8.90421916948982
SV_NewYork_40.7400_-73.9871.tif,3,61.63410568237305,50.52555847167969,12.84387517563873,5.361828742271009,5.8383576978659
SV_NewYork_40.7400_-73.9871.tif,4,76.70292663574219,76.54859161376953,22.54946832036275,16.05688141885168,17.94616197397442
SV_NewYork_40.7400_-73.9871.tif,5,80.36864471435547,80.33073425292969,8.607212085789222,7.8653874579899785,7.1628683420084185
SV_NewYork_40.7400_-73.9871.tif,6,64.41484069824219,58.74071502685547,16.17533787510535,9.237089820229382,10.885312481316669
SV_NewYork_40.7400_-73.9871.tif,7,20.32427215576172,20.304096221923828,8.36546793733141,4.712733497646053,4.387527328677308
SV_NewYork_40.7400_-73.9871.tif,8,32.41014862060547,32.27155685424805,14.876086081153094,7.398809114308984,9.617181275168814
SV_NewYork_40.7400_-73.9871.tif,9,25.92111587524414,25.869407653808594,8.611848958831247,6.038845337757865,5.0680084518613695
SV_NewYork_40.7400_-73.9871.tif,10,61.96474838256836,50.44676208496094,11.129944749252084,6.666320417828969,6.761501803885892
SV_NewYork_40.7400_-73.9871.tif,11,69.90845489501953,69.4053955078125,12.092872168556726,6.545690563980087,7.137577122293959
SV_NewYork_40.7400_-73.9871.tif,12,20.1796875,20.164854049682617,6.1058277488364965,3.4968489628244894,3.2242971485317593
SV_NewYork_40.7399_-73.9783.tif,0,60.98302459716797,60.653053283691406,17.722567466920083,11.075493509002257,13.495641011774755
SV_NewYork_40.7399_-73.9783.tif,1,40.27696228027344,40.27696228027344,5.282077975581297,2.0,2.0
SV_NewYork_40.7399_-73.9783.tif,2,37.421016693115234,37.39646530151367,5.069662887388793,4.4464416396705095,2.966574435227379
SV_NewYork_40.7399_-73.9783.tif,4,52.21247100830078,52.13801574707031,9.073235937950221,5.034540009779663,4.774344158414735
SV_NewYork_40.7399_-73.9783.tif,5,83.77677917480469,83.74793243408203,19.46692181005203,14.127070815594015,16.17796861839657
SV_NewYork_40.7399_-73.9783.tif,6,58.459251403808594,58.40871810913086,21.18665935598753,11.092885821648684,13.866909769799765
SV_NewYork_40.7399_-73.9783.tif,7,0.0,0.0,6.011354678296685,2.8323249799611983,2.237330777862965
SV_NewYork_40.7385_-73.9783.tif,0,83.7757797241211,83.7522201538086,10.93746525252568,5.963596580840869,6.553240030252981
SV_NewYork_40.7385_-73.9783.tif,1,44.952720642089844,44.94640350341797,6.809725510654236,3.4709610380396017,2.591507255026876
SV_NewYork_40.7385_-73.9783.tif,2,26.56907844543457,26.560117721557617,6.4116746573706696,2.868428916022605,2.952865844687585
SV_NewYork_40.7385_-73.9783.tif,3,24.651588439941406,24.64398956298828,5.72675104107797,2.6455048816772635,2.3928422710580524
SV_NewYork_40.7385_-73.9783.tif,4,8.12662124633789,8.123235702514648,5.095183517427448,2.038472460122863,2.0
SV_NewYork_40.7385_-73.9783.tif,5,8.187705039978027,8.185724258422852,5.290117495627133,2.083226866577256,2.0
SV_NewYork_40.7385_-73.9783.tif,7,9.551225662231445,9.504920959472656,12.351685396362589,5.167613875500272,6.355002042508601
SV_NewYork_40.7385_-73.9783.tif,8,74.47798919677734,74.44096374511719,6.3817480074348625,5.284917952210588,4.955807985345588
SV_NewYork_40.7385_-73.9783.tif,10,0.0,0.0,4.616715114701668,2.6790620464007535,2.0
SV_NewYork_40.7385_-73.9783.tif,11,14.367616653442383,11.344766616821289,16.273364977925784,8.57114153381953,9.56321409273699
SV_NewYork_40.7385_-73.9783.tif,12,45.98992156982422,44.816871643066406,9.966309264013859,15.005586879324216,14.083975670793063
SV_NewYork_40.7385_-73.9783.tif,13,44.59884262084961,44.58961868286133,6.837258632287553,7.75672473933775,7.814754083728797
SV_NewYork_40.7373_-73.9971.tif,0,42.87474060058594,39.414161682128906,6.767731383903151,4.930689987826783,3.5068130384050438
SV_NewYork_40.7373_-73.9971.tif,1,27.073509216308594,27.05936050415039,6.479925742840164,2.774282242271987,2.0
SV_NewYork_40.7373_-73.9971.tif,2,58.15953063964844,58.15476608276367,8.206233763554302,2.5704858668870383,3.9301503843360974
SV_NewYork_40.7373_-73.9971.tif,3,69.04945373535156,69.02145385742188,9.098237802522272,6.512958538863535,5.897130901335329
SV_NewYork_40.7373_-73.9971.tif,4,61.76710510253906,60.96410369873047,9.2101738953173,6.637624956106455,6.618651720008289
SV_NewYork_40.7373_-73.9971.tif,5,77.90689849853516,69.3092269897461,18.759706215374035,10.88135225876352,13.938653450319693
SV_NewYork_40.7373_-73.9971.tif,6,22.014137268066406,22.002046585083008,6.599919315711256,3.0086332513387646,2.1682017024760754
SV_NewYork_40.7373_-73.9971.tif,7,54.68037033081055,50.25375747680664,20.22361604852194,14.196021293140129,15.239434241032097
SV_NewYork_40.7373_-73.9971.tif,8,42.37965393066406,42.35879135131836,6.217481132692351,4.287255441001168,3.4182023762532925
SV_NewYork_40.7373_-73.9971.tif,9,42.43236541748047,42.425689697265625,6.097671254721674,2.0,2.0
SV_NewYork_40.7373_-73.9971.tif,10,18.46855926513672,18.329776763916016,6.012796362445515,2.921303842144754,2.0
SV_NewYork_40.7373_-73.9971.tif,11,0.0,0.0,7.29720478703832,5.030300147738262,4.066452793097135
SV_NewYork_40.7373_-73.9971.tif,12,22.658790588378906,22.630115509033203,8.8306080889714,4.174065051682866,4.230108823455383
SV_NewYork_40.7373_-73.9971.tif,13,81.74205017089844,81.7142333984375,6.630370061065744,4.184519833477821,3.361676180800341
SV_NewYork_40.7371_-73.9797.tif,0,48.69194030761719,46.196598052978516,14.274454494721164,16.61119904116798,16.961241978906312
SV_NewYork_40.7371_-73.9797.tif,1,49.698062896728516,48.94458770751953,13.486737110165297,14.79289019716704,14.916236121614638
SV_NewYork_40.7371_-73.9797.tif,2,60.88949966430664,60.85371017456055,13.676537544565956,14.288494428852715,14.311657281496842
SV_NewYork_40.7371_-73.9797.tif,3,48.92988586425781,47.98152542114258,14.477256190422498,17.011354456869178,17.3339234038454
SV_NewYork_40.7371_-73.9797.tif,4,49.01348114013672,46.507118225097656,14.067741517712529,13.74805454873217,14.207196347454198
SV_NewYork_40.7371_-73.9797.tif,5,49.07426834106445,46.7291145324707,14.595154034663592,15.204555807602482,15.618557649122222
SV_NewYork_40.7371_-73.9797.tif,6,48.80396270751953,46.69886016845703,14.54786714436385,15.7743120138778,15.809022732895261
SV_NewYork_40.7371_-73.9797.tif,7,48.336631774902344,45.874168395996094,15.245331057761893,18.66612415638159,17.623008298276115
SV_NewYork_40.7371_-73.9797.tif,8,60.03960037231445,43.54489517211914,10.738917953694743,12.824773530208406,11.842773328058534
SV_NewYork_40.7371_-73.9797.tif,9,43.62778091430664,43.612640380859375,7.792831571154095,9.523096954908743,8.747763535830755
SV_NewYork_40.7387_-74.0020.tif,0,20.805938720703125,20.805683135986328,6.101912168529878,2.0,2.0
SV_NewYork_40.7387_-74.0020.tif,1,18.299219131469727,18.298547744750977,5.121787531605955,2.0,2.0
SV_NewYork_40.7387_-74.0020.tif,2,33.43187713623047,33.39634704589844,6.4351518776636345,3.4647460091507387,3.527948229025082
SV_NewYork_40.7387_-74.0020.tif,3,19.290620803833008,19.260988235473633,6.572450317372496,3.2954906032203226,2.7080630135801265
SV_NewYork_40.7387_-74.0020.tif,4,25.158262252807617,25.125553131103516,8.642643724775748,4.8747216081767935,4.7643810947494565
SV_NewYork_40.7387_-74.0020.tif,5,18.277379989624023,18.15069007873535,5.538540377032195,2.729426172641137,2.0
SV_NewYork_40.7387_-74.0020.tif,6,65.43541717529297,55.81013488769531,14.905627517752567,11.358034837297648,12.842592625510203
SV_NewYork_40.7387_-74.0020.tif,7,21.125816345214844,21.107589721679688,7.355846480484725,2.9808804950224417,2.5704704686599094
SV_NewYork_40.7387_-74.0020.tif,8,22.395095825195312,22.3543643951416,7.863616908100505,4.430212096994929,4.2880866029064775
SV_NewYork_40.7387_-74.0020.tif,9,13.46513557434082,13.464591979980469,6.678097030704407,2.2837978624726087,2.8442256143890567
SV_NewYork_40.7387_-74.0020.tif,10,27.56096649169922,27.343854904174805,22.80326055749789,20.802379098320117,22.149318055793124
SV_NewYork_40.7387_-74.0020.tif,11,29.852415084838867,29.850849151611328,4.47584657277999,4.749143024805921,3.128907870923573
SV_NewYork_40.7387_-74.0020.tif,12,16.97569465637207,16.940893173217773,14.136130115554625,16.739304841676837,15.617191178756759
SV_NewYork_40.7387_-74.0020.tif,13,21.239280700683594,17.133604049682617,8.923230250107503,6.346905029857926,5.8132164157586885
SV_NewYork_40.7387_-74.0020.tif,14,23.383224487304688,23.377687454223633,9.583307308248129,4.616100810675823,4.33553292039306
SV_NewYork_40.7387_-74.0020.tif,15,16.342782974243164,16.28434181213379,10.197328981705212,9.348276960438682,8.310548658086507
SV_NewYork_40.7387_-74.0020.tif,16,25.544864654541016,25.523475646972656,7.626536069166865,5.134294061728051,4.3997805438563375
SV_NewYork_40.7387_-74.0020.tif,17,24.07957649230957,21.679597854614258,9.329028579640546,7.483775500454006,7.377616487416169
SV_NewYork_40.7387_-74.0020.tif,18,22.351882934570312,22.339630126953125,14.465482945040172,14.325528893080984,13.269100772085915
SV_NewYork_40.7387_-74.0020.tif,19,23.33773422241211,23.30948829650879,13.639676259016875,11.289518619072817,11.803039344666045
SV_NewYork_40.7387_-74.0020.tif,20,63.3747673034668,63.35995864868164,9.656317623529866,5.953678870948092,5.97021716084895
SV_NewYork_40.7387_-74.0020.tif,21,51.6690673828125,51.65585708618164,8.84494565436038,4.627116552289543,4.565151455405808
SV_NewYork_40.7401_-73.9952.tif,0,57.11362838745117,50.17878723144531,13.722917828620508,6.618690951593747,8.468744338708065
SV_NewYork_40.7401_-73.9952.tif,2,48.255863189697266,48.254112243652344,6.678097030704407,2.2088380205400657,2.1424872484349677
SV_NewYork_40.7401_-73.9952.tif,3,48.187313079833984,48.183990478515625,4.67937833955037,3.411068946812481,2.0
SV_NewYork_40.7401_-73.9952.tif,4,37.47052764892578,37.46299362182617,4.607492535808176,3.827955575513659,2.2461026368282386
SV_NewYork_40.7401_-73.9952.tif,5,47.35899353027344,43.94519805908203,7.962345842542353,2.6837477043357953,2.5311347864534763
SV_NewYork_40.7401_-73.9952.tif,6,63.84902572631836,63.82242202758789,9.467097261573784,5.128831005032099,5.041537249257688
SV_NewYork_40.7401_-73.9952.tif,8,47.94852828979492,47.9168701171875,14.537632291642637,8.939724690143507,9.965607636266212
SV_NewYork_40.7401_-73.9952.tif,9,42.43927764892578,42.436485290527344,3.7136119289630525,2.0,2.0
SV_NewYork_40.7401_-73.9952.tif,11,53.19337463378906,53.18208312988281,5.075690637934223,3.148997893363587,2.0
SV_NewYork_40.7401_-73.9952.tif,12,74.26322937011719,69.28909301757812,12.961433816917097,8.305523966054494,9.833520869936404
SV_NewYork_40.7401_-73.9952.tif,13,49.324398040771484,49.31988525390625,5.032145409323727,3.367778592216956,2.0
SV_NewYork_40.7401_-73.9952.tif,14,43.676292419433594,43.65739822387695,8.374082731827547,4.346044468687111,4.193907727994441
SV_NewYork_40.7401_-73.9952.tif,15,87.96260833740234,86.4931869506836,16.508724299342877,10.024099111262306,10.385731224010858
SV_NewYork_40.7346_-74.0071.tif,0,0.0,0.0,4.724092613175983,4.216228012312611,2.874854101674268
SV_NewYork_40.7346_-74.0071.tif,1,4.984761714935303,4.971327781677246,8.929316180859756,7.265725210660874,7.396240482071351
SV_NewYork_40.7346_-74.0071.tif,2,25.000282287597656,21.028858184814453,7.619288993536929,3.010327829677502,2.2392759404947764
SV_NewYork_40.7386_-73.9815.tif,0,28.116769790649414,28.03510093688965,11.759153355385276,9.109219078157519,8.992360214730562
SV_NewYork_40.7386_-73.9815.tif,1,29.13817024230957,29.116573333740234,5.373449231056972,2.0,2.0
SV_NewYork_40.7386_-73.9815.tif,2,83.64022827148438,83.52381896972656,12.245166289321,12.018352893084554,12.108265023852157
SV_NewYork_40.7386_-73.9815.tif,3,81.70989227294922,81.53243255615234,11.233967232206567,17.037819892709265,15.629381962082423
SV_NewYork_40.7386_-73.9815.tif,4,78.83039855957031,73.88521575927734,34.66308325296724,41.74968788251749,42.29161355962872
SV_NewYork_40.7386_-73.9815.tif,5,19.147781372070312,19.13839340209961,7.820512749520013,3.1081728379527735,3.033406509336986
SV_NewYork_40.7386_-73.9815.tif,6,75.46414947509766,75.4312515258789,8.212213051655404,3.869899698227063,3.2820886140545493
SV_NewYork_40.7386_-73.9815.tif,7,53.925018310546875,45.473934173583984,20.57896332426462,35.486833360604905,32.93611750871723
SV_NewYork_40.7386_-73.9815.tif,8,72.05349731445312,71.98811340332031,7.624238242133666,3.4675972730875584,2.549976664278299
SV_NewYork_40.7386_-73.9815.tif,9,15.937657356262207,15.931610107421875,3.939413575704334,2.0,2.0
SV_NewYork_40.7386_-73.9815.tif,12,16.13374137878418,16.121248245239258,5.640635780713127,3.5517981370527867,2.3986684391712085
SV_NewYork_40.7386_-73.9815.tif,13,20.623079299926758,20.58350372314453,10.97800890711824,5.1098890255633584,5.5936315805139625
SV_NewYork_40.7386_-73.9815.tif,14,19.402402877807617,19.367773056030273,9.71080646620342,4.101001544012859,4.355592576251021
SV_NewYork_40.7386_-73.9815.tif,15,18.145654678344727,18.097362518310547,7.854325952852559,2.7606984938973085,2.5503048039376512
SV_NewYork_40.7386_-73.9815.tif,16,20.218978881835938,20.208040237426758,6.704847780278586,2.2309068328071415,2.0
SV_NewYork_40.7386_-73.9815.tif,17,44.565223693847656,44.56153869628906,6.203190470856388,6.747301706170822,7.709747228504932
SV_NewYork_40.7386_-73.9834.tif,0,23.97827911376953,23.917173385620117,7.210653920455201,4.641234961906836,4.1003840300272145
SV_NewYork_40.7386_-73.9834.tif,1,83.63920593261719,83.46297454833984,16.41636356440079,15.971087106363232,16.381064354767236
SV_NewYork_40.7386_-73.9834.tif,2,18.210588455200195,18.19355010986328,4.836181205271105,3.525916463358243,2.642502138379161
SV_NewYork_40.7386_-73.9834.tif,3,24.81780433654785,24.767019271850586,9.15233153470011,6.683648893349274,6.423005396353684
SV_NewYork_40.7386_-73.9834.tif,4,61.176753997802734,44.111141204833984,11.284229608498126,7.617583356633606,8.216852015310792
SV_NewYork_40.7386_-73.9834.tif,5,32.3428840637207,32.31999969482422,10.980620526142339,7.280275773270892,7.724209668986603
SV_NewYork_40.7386_-73.9834.tif,6,78.82084655761719,78.68897247314453,8.342242705934016,17.165136392790973,17.115562993476495
SV_NewYork_40.7386_-73.9834.tif,7,32.37660217285156,32.37311935424805,6.395550455917514,2.5998588658260786,3.012652884902897
SV_NewYork_40.7386_-73.9834.tif,8,52.51377487182617,51.03818893432617,13.445811496514871,7.6672002161183705,9.441251889530669
SV_NewYork_40.7386_-73.9834.tif,9,30.03961944580078,27.768774032592773,16.63663482968427,17.366796187839274,17.64132736382801
SV_NewYork_40.7386_-73.9834.tif,10,75.4663314819336,66.2933120727539,19.733330638923043,33.43654691048664,29.774792776684684
SV_NewYork_40.7386_-73.9834.tif,11,49.929622650146484,49.83563232421875,25.573624496886346,18.58356848121815,21.530044882777005
SV_NewYork_40.7386_-73.9834.tif,12,24.82901954650879,24.816682815551758,8.972710079905925,5.513105935909864,5.513003401293666
SV_NewYork_40.7386_-73.9834.tif,13,40.51202392578125,40.39080810546875,19.631499114108998,24.852293681497905,24.08485996035121
SV_NewYork_40.7386_-73.9834.tif,14,50.929534912109375,50.75505065917969,22.264644290552862,25.14988457418052,23.453923335422793
SV_NewYork_40.7386_-73.9834.tif,15,39.71006774902344,36.7335319519043,13.128930777639551,7.005900843963669,7.480453915470287
SV_NewYork_40.7346_-74.0090.tif,0,23.078290939331055,23.062803268432617,7.57604591549931,3.7041599246055696,3.6609420426169548
SV_NewYork_40.7346_-74.0090.tif,2,15.125420570373535,15.098262786865234,7.643483708244337,7.019179325896561,5.671693984187074
SV_NewYork_40.7346_-74.0090.tif,3,30.145105361938477,28.674732208251953,10.378325859487624,5.446577492699561,5.615828046504804
SV_NewYork_40.7346_-74.0090.tif,4,16.939496994018555,16.922727584838867,6.153228244400673,3.4698736442161504,3.310513425921375
SV_NewYork_40.7346_-74.0090.tif,5,25.00262451171875,21.02764320373535,8.053678043652383,5.342202202263158,4.576143740414859
SV_NewYork_40.7333_-73.9902.tif,0,52.10507583618164,38.036102294921875,11.710174893337351,4.693944273939479,4.936184658821443
SV_NewYork_40.7333_-73.9902.tif,1,57.37464141845703,52.251155853271484,6.528230662257954,3.4489352854389486,2.704603402970818
SV_NewYork_40.7333_-73.9902.tif,2,30.782699584960938,30.765901565551758,7.269434161177876,4.937218595659651,3.656202617685988
SV_NewYork_40.7333_-73.9902.tif,3,18.025543212890625,18.017189025878906,5.580309918318601,2.195426186844486,2.0
SV_NewYork_40.7333_-73.9902.tif,4,23.57066535949707,23.542774200439453,8.168116103361912,4.923944787923613,3.8589902140602392
SV_NewYork_40.7333_-73.9902.tif,5,26.49949073791504,24.247163772583008,18.94491989346318,7.724565907313289,10.764690093358286
SV_NewYork_40.7333_-73.9902.tif,6,21.376148223876953,21.37118911743164,6.262712028129241,2.3339499397838814,2.109790683700181
SV_NewYork_40.7333_-73.9902.tif,7,87.84417724609375,86.24451446533203,11.06451911119732,6.86500604161995,7.151046652514648
SV_NewYork_40.7333_-73.9902.tif,10,21.026334762573242,20.924625396728516,7.641458321231038,4.9939996086985206,3.9197950480250743
SV_NewYork_40.7333_-73.9902.tif,11,33.622886657714844,32.89992904663086,10.796221629334312,4.595191934306375,5.098397539056711
SV_NewYork_40.7333_-73.9902.tif,12,45.42045974731445,45.364540100097656,9.411575657246594,4.568255028489222,5.296550378646352
SV_NewYork_40.7333_-73.9902.tif,13,41.804222106933594,22.891847610473633,13.769759652209727,5.600704201996216,7.6239311630767235
SV_NewYork_40.7333_-73.9902.tif,14,45.66594696044922,41.31572723388672,9.202312818325868,3.972017080713151,3.6049612942273814
SV_NewYork_40.7333_-73.9902.tif,15,24.990297317504883,24.96845817565918,9.365776437501703,4.309352870678596,4.462036098698797
SV_NewYork_40.7333_-73.9902.tif,16,14.772730827331543,14.767436981201172,5.634802132769262,2.0,2.0
SV_NewYork_40.7343_-73.9783.tif,0,60.61943054199219,60.59804916381836,10.356732861048847,5.716218982956725,6.331164614519397
SV_NewYork_40.7343_-73.9783.tif,1,0.0,0.0,10.189007588043584,9.057801971517547,9.632606087029327
SV_NewYork_40.7343_-73.9783.tif,2,48.896575927734375,46.74468231201172,13.977813339094599,10.152990031813369,11.974566985296168
SV_NewYork_40.7343_-73.9783.tif,3,41.650901794433594,40.16706848144531,10.158323323193384,11.46652987680617,11.12009279407988
SV_NewYork_40.7343_-73.9783.tif,4,61.698463439941406,61.57936096191406,13.971717894088235,9.733499753770007,11.444186627599583
SV_NewYork_40.7343_-73.9783.tif,5,42.59138107299805,40.97325897216797,15.69539788253233,11.57478748712154,13.082519350465734
SV_NewYork_40.7343_-73.9783.tif,6,41.79063034057617,36.86007308959961,7.95931041413176,8.65809159551048,9.172923470813124
SV_NewYork_40.7343_-73.9783.tif,7,42.62134552001953,40.6104621887207,15.638104518837697,13.537257195722358,14.613097464252993
SV_NewYork_40.7343_-73.9783.tif,8,45.194278717041016,41.57200622558594,20.769532914019507,16.675979408170544,18.73220236301998
SV_NewYork_40.7343_-73.9783.tif,9,44.31515884399414,41.19098663330078,17.519461640997118,19.645393907473192,20.332818152962446
SV_NewYork_40.7343_-73.9783.tif,10,37.846195220947266,37.83765411376953,7.741720071602149,7.450816507530137,8.15573451719533
SV_NewYork_40.7343_-73.9783.tif,11,42.58028793334961,38.618568420410156,15.975645653490595,20.143420168037835,19.46980092224306
SV_NewYork_40.7343_-73.9783.tif,12,45.150596618652344,41.312400817871094,16.129072354012024,20.196369546554962,19.642015086544433
SV_NewYork_40.7358_-73.9916.tif,0,0.0,0.0,7.1102182711712265,4.460303044953346,4.100558918166003
SV_NewYork_40.7358_-73.9916.tif,1,101.14806365966797,97.7447280883789,21.198587982478134,8.742230304083819,14.154455478178189
SV_NewYork_40.7358_-73.9916.tif,2,57.25007629394531,43.23785400390625,11.559146588681257,6.153627877788145,6.002211030447954
SV_NewYork_40.7358_-73.9916.tif,3,44.53276443481445,44.52983856201172,5.522236468281339,2.2645946945230584,2.0
SV_NewYork_40.7345_-73.9990.tif,0,24.708843231201172,24.70829963684082,5.624302830606319,2.2437644068096425,2.0
SV_NewYork_40.7345_-73.9990.tif,1,24.698348999023438,24.669862747192383,7.965230372532169,5.424611833760499,4.155481498844255
SV_NewYork_40.7345_-73.9990.tif,2,45.21031951904297,45.18152618408203,9.026812222997451,6.63072241057409,5.824660337119074
SV_NewYork_40.7345_-73.9990.tif,3,21.137271881103516,21.13379669189453,5.11202405863215,2.0,2.0
SV_NewYork_40.7345_-73.9990.tif,4,24.767478942871094,24.764755249023438,6.105877744348756,2.0,2.0
SV_NewYork_40.7345_-73.9990.tif,5,21.109073638916016,21.09354019165039,6.192480668002898,2.0,2.0
SV_NewYork_40.7345_-73.9990.tif,6,18.139503479003906,18.13866424560547,5.654015171971802,2.0,2.0
SV_NewYork_40.7345_-73.9990.tif,7,18.30040168762207,18.285490036010742,6.579748532811122,2.783660340299379,2.0
SV_NewYork_40.7345_-73.9990.tif,8,60.708187103271484,60.70293045043945,7.637486665844589,4.230363349705635,3.1419578826354346
SV_NewYork_40.7345_-73.9990.tif,9,45.02326965332031,0.2854108512401581,5.723094106859641,4.138128113117545,3.223989882035996
SV_NewYork_40.7345_-73.9990.tif,10,14.837084770202637,14.809904098510742,7.082929052668235,3.8635881469263316,2.985721998583532
SV_NewYork_40.7345_-73.9990.tif,11,36.27980041503906,35.31949234008789,9.260302779533056,7.0752469782494485,6.057669015595072
SV_NewYork_40.7345_-73.9990.tif,12,6.053243637084961,6.0401105880737305,5.936297064814083,3.4676901467873664,2.0
SV_NewYork_40.7345_-73.9990.tif,13,17.896928787231445,17.89268684387207,3.963519257934527,2.0,2.0
SV_NewYork_40.7345_-73.9990.tif,14,17.66648292541504,17.65880584716797,6.305295642071453,3.1344468945263237,2.43624626382438
SV_NewYork_40.7345_-73.9990.tif,15,26.98301124572754,26.949932098388672,5.884453793599938,3.5137142686514107,2.6410404342210843
SV_NewYork_40.7345_-73.9990.tif,16,38.71376419067383,38.709259033203125,6.4811210584385694,4.190702121021135,3.510761021548401
SV_NewYork_40.7345_-73.9990.tif,17,64.62568664550781,58.5895881652832,7.832731041919339,3.6204829648987227,3.5665510062803083
SV_NewYork_40.7345_-73.9990.tif,18,10.133427619934082,10.122082710266113,4.257354832739632,2.0,2.0
SV_NewYork_40.7345_-73.9990.tif,19,64.70672607421875,64.70162963867188,3.8716542235556766,2.035909179824115,2.0
SV_NewYork_40.7345_-73.9990.tif,20,50.33759689331055,50.33628463745117,5.933948469969207,2.0,2.0
SV_NewYork_40.7345_-73.9990.tif,22,19.584285736083984,19.5804386138916,6.101912168529878,2.861401377315172,3.5102368305118263
SV_NewYork_40.7333_-73.9835.tif,0,40.12374496459961,37.923919677734375,11.151133164297061,11.754052973786102,11.55104281951164
SV_NewYork_40.7333_-73.9835.tif,1,42.88037109375,38.897586822509766,8.270304689124998,8.571561744306047,8.75769498869112
SV_NewYork_40.7333_-73.9835.tif,2,42.37186050415039,39.89516830444336,11.028313823964103,15.20056872541843,14.364092960655329
SV_NewYork_40.7333_-73.9835.tif,3,42.864959716796875,39.94502639770508,14.484777901616422,20.355615148382405,19.530919651366325
SV_NewYork_40.7333_-73.9835.tif,4,7.747496604919434,5.635371208190918,7.783233304024245,2.0,2.0
SV_NewYork_40.7333_-73.9835.tif,5,43.124080657958984,38.56039047241211,29.70280580866524,28.385046397905427,29.733804403701548
SV_NewYork_40.7333_-73.9835.tif,6,16.895042419433594,14.923691749572754,6.76580816854829,4.651611261395706,3.398336506642254
SV_NewYork_40.7333_-73.9835.tif,7,12.753522872924805,12.749699592590332,5.7242243389575584,2.7257574666107143,2.226395804606229
SV_NewYork_40.7346_-74.0053.tif,0,15.638545036315918,15.636638641357422,6.066288552827497,2.976699361824057,2.3266236141047774
SV_NewYork_40.7346_-74.0053.tif,1,22.114036560058594,22.100528717041016,9.896351351173184,5.510282618721854,5.442787290065139
SV_NewYork_40.7346_-74.0053.tif,2,22.144195556640625,20.23785400390625,9.70891694997039,4.5823468604793565,4.228000715962304
SV_NewYork_40.7346_-74.0053.tif,3,23.932533264160156,23.929601669311523,4.4514875853030995,2.0,2.0
SV_NewYork_40.7346_-74.0053.tif,4,0.0,0.0,6.900890782599459,4.561281983887479,3.998736810132022
SV_NewYork_40.7346_-74.0053.tif,5,0.0,0.0,5.095448238729477,2.9721200862579167,2.0
SV_NewYork_40.7346_-74.0053.tif,6,18.970062255859375,18.95973777770996,7.217268851938657,5.018036384998232,4.4893884002370505
SV_NewYork_40.7346_-74.0053.tif,7,15.307186126708984,15.297318458557129,7.032418957846742,3.3223084127646114,2.422610050557198
SV_NewYork_40.7346_-74.0053.tif,8,22.89780616760254,21.63949966430664,12.54936457497382,7.52244405824975,6.22785552449604
SV_NewYork_40.7346_-74.0053.tif,9,57.854339599609375,57.84471893310547,7.61920248515103,4.318686345435238,4.320108594839084
SV_NewYork_40.7346_-74.0053.tif,10,22.447216033935547,22.422496795654297,10.467286319873532,3.5211992738900957,4.162816238065829
SV_NewYork_40.7346_-74.0053.tif,11,13.191651344299316,13.124802589416504,5.35283553318501,2.9651173696296222,2.0
SV_NewYork_40.7346_-74.0053.tif,12,18.23432159423828,18.23135757446289,7.347792213761336,3.682970210406461,4.450282892929053
SV_NewYork_40.7346_-74.0053.tif,13,20.751436233520508,20.74934196472168,7.248985006940088,2.0,2.0
SV_NewYork_40.7360_-74.0053.tif,0,19.177165985107422,19.176982879638672,5.126289847434917,2.0,2.0
SV_NewYork_40.7360_-74.0053.tif,1,27.291669845581055,23.68160057067871,10.477251141583928,3.3897092330193335,3.513326231702841
SV_NewYork_40.7360_-74.0053.tif,2,22.639644622802734,22.482877731323242,4.09181782494602,2.0,2.0
SV_NewYork_40.7360_-74.0053.tif,3,20.632169723510742,20.622283935546875,12.460935169041349,4.344511523305448,5.509102775365619
SV_NewYork_40.7360_-74.0053.tif,4,21.583946228027344,21.481184005737305,11.081679402945513,3.559693137646054,4.937500970870501
SV_NewYork_40.7360_-74.0053.tif,5,14.968423843383789,14.945544242858887,7.310019276463803,2.0,2.0
SV_NewYork_40.7360_-74.0053.tif,6,22.515214920043945,13.396815299987793,11.575954810619368,5.3900208396474465,6.2318482278245355
SV_NewYork_40.7360_-74.0053.tif,7,21.67240333557129,21.62674903869629,12.26600811418792,5.843247930265306,6.068516166328906
SV_NewYork_40.7360_-74.0053.tif,8,22.15489959716797,22.136226654052734,13.51891273948975,5.00520405526791,6.544196565744331
SV_NewYork_40.7360_-74.0053.tif,9,19.779539108276367,19.59119415283203,8.551438407581891,2.4967193208357674,2.3686730772060347
SV_NewYork_40.7360_-74.0053.tif,10,20.214847564697266,20.213600158691406,6.136618286758266,2.0,2.0
SV_NewYork_40.7360_-74.0053.tif,13,23.45294952392578,23.423521041870117,11.218136012639588,5.833787767831385,6.071772809749385
SV_NewYork_40.7360_-74.0053.tif,14,18.976282119750977,18.957040786743164,9.911520398459439,5.035762293772551,5.35505976907935
SV_NewYork_40.7400_-73.9797.tif,0,43.16456604003906,42.65763854980469,12.556062425415844,13.256930312826226,13.414722140761935
SV_NewYork_40.7400_-73.9797.tif,1,79.31322479248047,76.51005554199219,6.101912168529878,2.0,2.0
SV_NewYork_40.7400_-73.9797.tif,2,60.991641998291016,60.608036041259766,18.86828441030281,17.393762261842646,18.65208482923147
SV_NewYork_40.7400_-73.9797.tif,3,98.858642578125,98.65069580078125,16.486584858827648,14.638269007498083,15.133343229623778
SV_NewYork_40.7400_-73.9797.tif,4,46.462120056152344,46.24267578125,16.29816318548199,23.41469492309757,22.815373471415533
SV_NewYork_40.7400_-73.9797.tif,5,0.0,0.0,7.210525270175576,7.8702497541120735,7.486084222860672
SV_NewYork_40.7400_-73.9797.tif,6,28.440662384033203,28.313554763793945,12.339062597769002,15.230492762319084,14.29956058273682
SV_NewYork_40.7400_-73.9797.tif,8,66.6452865600586,52.06761932373047,15.788603015734997,21.844601637201976,20.80221538907974
SV_NewYork_40.7400_-73.9797.tif,9,28.114137649536133,27.998233795166016,16.452413309269968,15.377680113965509,15.986085093713069
SV_NewYork_40.7400_-73.9797.tif,10,81.70367431640625,81.52494812011719,11.411920172081851,17.51434749198188,16.100816620849145
SV_NewYork_40.7400_-73.9797.tif,11,49.596778869628906,49.50804138183594,14.634393196360826,13.494989984853952,13.083544902246041
SV_NewYork_40.7400_-73.9797.tif,12,7.300175189971924,6.98854923248291,4.762636733668074,2.3243119457383994,2.0
SV_NewYork_40.7346_-74.0108.tif,0,57.60164260864258,57.561195373535156,8.23239251135751,4.522574111173206,4.830868028904144
SV_NewYork_40.7346_-74.0108.tif,1,58.68254852294922,58.57740020751953,9.464938592990821,5.881933081410735,6.148023989137478
SV_NewYork_40.7346_-74.0108.tif,2,46.483089447021484,46.47892379760742,4.71657492807093,3.816077510210344,2.1334770179036333
SV_NewYork_40.7346_-74.0108.tif,3,0.4136151969432831,0.0,8.16728673151771,3.7570535427899516,5.055728475755444
SV_NewYork_40.7346_-74.0108.tif,4,24.225051879882812,24.213958740234375,6.496658411668281,6.261567186080486,4.712117892440077
SV_NewYork_40.7346_-74.0108.tif,5,23.77962875366211,21.464031219482422,10.802088890560302,7.645086515939978,6.301853012736106
SV_NewYork_40.7346_-74.0108.tif,6,25.370134353637695,25.354169845581055,6.971074165295477,4.256154607876773,3.8556692387783755
SV_NewYork_40.7346_-74.0108.tif,7,18.477018356323242,18.452497482299805,4.246036432191432,3.047396654347386,2.0
SV_NewYork_40.7346_-74.0108.tif,8,58.09286117553711,57.93471908569336,10.79356357397045,6.036218531593769,5.379093360251849
SV_NewYork_40.7346_-74.0108.tif,9,54.680511474609375,54.64244842529297,5.109083613595638,2.62662203540847,2.0
SV_NewYork_40.7346_-74.0108.tif,10,25.3043270111084,25.276870727539062,9.188493189666772,5.001195256507538,4.903528760845626
SV_NewYork_40.7346_-74.0108.tif,11,17.558656692504883,17.416696548461914,6.09079548717709,2.6410577221267655,2.0
SV_NewYork_40.7346_-74.0108.tif,12,24.49395751953125,24.493898391723633,5.9272744181279275,2.0,2.0
SV_NewYork_40.7402_-74.0107.tif,0,14.906291961669922,13.531646728515625,12.99790381455404,8.382545933799918,10.434137715061969
SV_NewYork_40.7402_-74.0107.tif,1,57.60350799560547,55.59587478637695,16.540156081264822,18.723564534965362,18.117189248647158
SV_NewYork_40.7402_-74.0107.tif,2,27.3671875,27.3449649810791,8.635739324028043,6.041095750278046,6.1251783046736445
SV_NewYork_40.7402_-74.0107.tif,3,34.84434509277344,34.83293151855469,6.471161161397588,4.114926807365357,3.969450567944472
SV_NewYork_40.7402_-74.0107.tif,4,48.07331085205078,48.058162689208984,7.459673582651091,5.251994579924727,4.941120286506592
SV_NewYork_40.7402_-74.0107.tif,5,0.0,0.0,6.543968358615884,6.361391182583097,5.560235045528762
SV_NewYork_40.7402_-74.0107.tif,6,36.335174560546875,36.304725646972656,11.401099084076273,8.737703880500026,9.049124207743795
SV_NewYork_40.7402_-74.0107.tif,7,45.01547622680664,44.985145568847656,10.252433853142211,6.039555161958608,6.844095810584495
SV_NewYork_40.7402_-74.0107.tif,8,28.193462371826172,27.80965805053711,12.312816375854254,7.055030474958905,8.307531068924341
SV_NewYork_40.7402_-74.0107.tif,9,0.0,0.0,7.351195212994806,3.3691217228505987,2.5309245197633476
SV_NewYork_40.7402_-74.0107.tif,10,26.894268035888672,26.836795806884766,15.174140786913464,9.245609356721179,11.07332956026883
SV_NewYork_40.7402_-74.0107.tif,11,0.0,0.0,7.1507276320710655,6.650879673432649,5.981254338086788
SV_NewYork_40.7344_-73.9916.tif,0,38.61555862426758,38.46388626098633,11.39082951188725,5.539199249282931,6.5279907719073815
SV_NewYork_40.7344_-73.9916.tif,1,101.14839172363281,101.0651626586914,11.418569113795584,5.947108401840865,5.961017414628469
SV_NewYork_40.7344_-73.9916.tif,2,74.47103881835938,74.45263671875,5.669958902750081,2.7566501237378436,2.0
SV_NewYork_40.7344_-73.9916.tif,3,0.0,0.0,5.977190182819271,3.6386242105671114,2.5446298055778804
SV_NewYork_40.7344_-73.9916.tif,4,26.949142456054688,26.946474075317383,5.729871255388882,2.9919861622773514,2.5794125335655984
SV_NewYork_40.7344_-73.9916.tif,5,37.988731384277344,37.98060989379883,7.296410481395672,3.459761886514726,3.8643586101595773
SV_NewYork_40.7344_-73.9916.tif,6,48.03348159790039,48.0076904296875,8.513538686790572,3.3870950539761306,3.1845365416928697
SV_NewYork_40.7344_-73.9916.tif,7,34.91438674926758,24.89993667602539,13.069921860676626,4.757645494140156,5.928301746711487
SV_NewYork_40.7344_-73.9916.tif,9,43.00072479248047,39.60328674316406,9.356884812116718,6.14606424201997,5.934415472743589
SV_NewYork_40.7344_-73.9916.tif,10,51.288490295410156,51.28451919555664,5.8829543458239915,2.734979917047701,2.074937237696549
SV_NewYork_40.7344_-73.9916.tif,11,55.77413558959961,55.75230407714844,10.24124129743735,3.570183676260463,3.6049842322655783
SV_NewYork_40.7344_-73.9916.tif,12,69.73860168457031,69.70490264892578,8.073273604859391,3.5500071338070995,2.6714383519426583
SV_NewYork_40.7344_-73.9916.tif,13,55.12939453125,55.12699508666992,4.968557921497196,2.4238177560346887,2.0
SV_NewYork_40.7344_-73.9916.tif,14,28.61920928955078,23.547903060913086,10.728332336860419,6.38501821703157,7.288699937066155
SV_NewYork_40.7344_-73.9916.tif,15,31.22075080871582,31.207975387573242,6.695202120225094,3.5923851567419414,3.1871800573605196
SV_NewYork_40.7344_-73.9916.tif,16,26.70056915283203,25.7012939453125,6.863526917577516,4.078241381205963,3.749373949069305
SV_NewYork_40.7344_-73.9916.tif,17,87.84699249267578,87.78822326660156,9.286602630569373,5.213906078860235,5.0221300123482155
SV_NewYork_40.7344_-73.9916.tif,18,15.42137622833252,15.402137756347656,6.623801123001266,2.918246279985482,2.5739848409081763
SV_NewYork_40.7344_-73.9871.tif,0,31.988481521606445,31.95750617980957,5.444180875302493,4.415477671953604,3.210278871114337
SV_NewYork_40.7344_-73.9871.tif,1,26.48346710205078,26.460824966430664,8.643983378205817,6.855977413387486,6.530159783840807
SV_NewYork_40.7344_-73.9871.tif,2,24.91493797302246,22.786195755004883,8.60051745198264,7.661488573470965,7.093539809293629
SV_NewYork_40.7344_-73.9871.tif,3,22.6130313873291,22.611488342285156,8.939591371414666,2.0,2.0
SV_NewYork_40.7344_-73.9871.tif,4,22.7578125,22.74810791015625,4.925285524447055,5.013286424658974,2.917638363626743
SV_NewYork_40.7344_-73.9871.tif,5,46.581939697265625,39.27997970581055,4.791620028076517,2.945656971989365,2.0
SV_NewYork_40.7344_-73.9871.tif,6,50.845577239990234,50.83012390136719,6.068499875098354,4.518814363215396,3.2568265101392075
SV_NewYork_40.7344_-73.9871.tif,7,21.242841720581055,21.194297790527344,7.019414281941356,6.032638870963325,4.753089933946159
SV_NewYork_40.7344_-73.9871.tif,8,31.71897315979004,24.04634666442871,18.497541904699364,6.257291236138744,9.029973868993853
SV_NewYork_40.7344_-73.9871.tif,9,35.39921951293945,28.26335334777832,23.397744797278797,16.15830079021506,16.119258332458738
SV_NewYork_40.7344_-73.9871.tif,10,26.633825302124023,26.625873565673828,6.576099585597145,4.490442444708332,3.538689425333647
SV_NewYork_40.7344_-73.9871.tif,11,21.553443908691406,21.54961395263672,5.963913551957726,3.8834097212565055,2.9037335539948526
SV_NewYork_40.7344_-73.9871.tif,12,26.18233299255371,24.30994415283203,12.155306623431139,10.218931094253941,9.997901517279303
SV_NewYork_40.7359_-73.9990.tif,0,20.28279685974121,19.98615074157715,16.179635915390968,10.777387621720003,11.310064133873013
SV_NewYork_40.7359_-73.9990.tif,1,0.0,0.0,6.414869965042578,3.4380015177181846,3.089830067858358
SV_NewYork_40.7359_-73.9990.tif,2,25.565298080444336,24.5404109954834,10.98191535144997,4.638758360122606,4.895214042499978
SV_NewYork_40.7359_-73.9990.tif,3,21.47437286376953,21.467283248901367,5.685925959343486,2.3986160438377144,2.0
SV_NewYork_40.7359_-73.9990.tif,4,18.81751823425293,18.80987548828125,6.002426384179349,3.5576087267306384,2.2187094334282254
SV_NewYork_40.7359_-73.9990.tif,5,32.2381706237793,32.1971321105957,6.890943866138595,3.307611147087881,2.0968884457100216
SV_NewYork_40.7359_-73.9990.tif,6,16.893953323364258,16.861312866210938,8.641157441488168,4.125414803642043,3.598386408730857
SV_NewYork_40.7359_-73.9990.tif,7,45.21068572998047,44.443504333496094,12.836299621401244,6.4669751948602014,7.233959064954813
SV_NewYork_40.7359_-73.9990.tif,8,20.641643524169922,20.62242889404297,11.782422567133835,8.003221240134835,7.921318238632873
SV_NewYork_40.7359_-73.9990.tif,9,31.048181533813477,31.040851593017578,6.169591952368099,3.2549354866098508,2.524700289713799
SV_NewYork_40.7359_-73.9990.tif,10,29.923452377319336,27.606460571289062,11.253055412131072,4.455993104268348,5.81512933116181
SV_NewYork_40.7359_-73.9990.tif,11,19.496089935302734,19.495359420776367,6.192480668002898,2.0,2.0
SV_NewYork_40.7359_-73.9990.tif,12,19.49102020263672,19.489627838134766,4.444643884779184,2.0,2.0
SV_NewYork_40.7358_-73.9853.tif,0,55.101409912109375,34.984378814697266,5.631753095408726,3.7689897151863416,3.3593320243667364
SV_NewYork_40.7358_-73.9853.tif,1,24.726285934448242,24.6458683013916,9.726947856734453,5.737157585319423,5.837496173378774
SV_NewYork_40.7358_-73.9853.tif,2,13.661030769348145,13.652559280395508,5.556924986859428,2.0608556020784174,2.0
SV_NewYork_40.7358_-73.9853.tif,3,20.157060623168945,20.10276985168457,12.225825859754051,9.9608962303192,9.494085202300715
SV_NewYork_40.7358_-73.9853.tif,4,18.75249671936035,18.7300968170166,9.536483644029392,6.446934440444631,6.383719018391555
SV_NewYork_40.7358_-73.9853.tif,5,32.602943420410156,32.575401306152344,5.818873781886879,3.59268148593139,2.698488010195396
SV_NewYork_40.7358_-73.9853.tif,6,32.6433219909668,32.642051696777344,4.576178114914539,2.0,2.0
SV_NewYork_40.7358_-73.9853.tif,7,22.179805755615234,22.094369888305664,11.701109202219786,7.996419920321175,7.8514179981359655
SV_NewYork_40.7358_-73.9853.tif,8,16.587705612182617,16.285253524780273,6.381108801509741,3.1272158081813775,2.723798435573954
SV_NewYork_40.7358_-73.9853.tif,9,31.915796279907227,31.868804931640625,8.043272301611509,4.5540852469729725,4.188409828271816
SV_NewYork_40.7388_-74.0034.tif,0,50.144371032714844,50.13456726074219,6.540313588358855,3.0479074161825945,2.6464670579562632
SV_NewYork_40.7388_-74.0034.tif,4,18.92875862121582,18.909048080444336,8.555788434632738,6.217020891742422,5.984928420025959
SV_NewYork_40.7388_-74.0034.tif,5,19.307662963867188,18.580554962158203,7.893958308424509,5.198366843050356,4.651907051389356
SV_NewYork_40.7388_-74.0034.tif,6,17.210519790649414,17.20599365234375,5.855413107814961,2.0,2.0
SV_NewYork_40.7388_-74.0034.tif,7,14.989368438720703,14.98745346069336,5.6630553336721885,2.0,2.0
SV_NewYork_40.7388_-74.0034.tif,8,23.631366729736328,22.320980072021484,12.44729089432406,6.824077278708538,7.584881844548284
SV_NewYork_40.7388_-74.0034.tif,9,22.489364624023438,22.479564666748047,10.908256484905777,6.541564981893365,6.438352479683778
SV_NewYork_40.7388_-74.0034.tif,10,20.6795597076416,20.675960540771484,9.905977700255619,5.112001677213215,5.2331393211655515
SV_NewYork_40.7388_-74.0034.tif,11,22.466110229492188,18.009502410888672,8.406755779524614,4.322232339534749,3.9332346560200913
SV_NewYork_40.7333_-73.9816.tif,0,43.43701171875,40.48918914794922,22.558915924421626,28.597828596724575,29.167304246060716
SV_NewYork_40.7333_-73.9816.tif,1,41.23503875732422,37.19296646118164,6.743240321842186,6.589815775708936,6.191717770871903
SV_NewYork_40.7333_-73.9816.tif,4,56.223487854003906,44.31017303466797,18.77293051366309,19.745019889029216,20.53026672371115
SV_NewYork_40.7333_-73.9816.tif,5,40.12510299682617,37.8236198425293,11.466239682943655,16.21885604352625,15.494359578276672
SV_NewYork_40.7333_-73.9816.tif,6,42.369728088378906,39.884666442871094,11.66969515262463,22.304770530568234,20.02143175078429
SV_NewYork_40.7333_-73.9816.tif,7,56.24578857421875,43.62885665893555,19.823821555840354,21.86370882795962,23.05994228931508
SV_NewYork_40.7333_-73.9816.tif,8,43.60944747924805,40.55303192138672,26.381379489313332,25.991547136902984,27.86712153139777
SV_NewYork_40.7333_-73.9816.tif,9,39.530311584472656,37.17153549194336,8.713033490306962,19.111479528489575,17.562012946213855
SV_NewYork_40.7333_-73.9816.tif,10,43.79851150512695,39.7674560546875,15.332895118609011,24.355379741812655,22.952631686024425
SV_NewYork_40.7333_-73.9816.tif,11,43.12779998779297,38.52207946777344,23.244807199200675,27.12716732773571,26.794872226087605
SV_NewYork_40.7333_-73.9816.tif,12,0.0,0.0,3.68331717330933,2.8687948762895967,2.0
SV_NewYork_40.7333_-73.9816.tif,13,39.2916259765625,39.28264617919922,6.622800121997176,8.992303631349364,9.53402758212112
SV_NewYork_40.7335_-74.0072.tif,0,28.015737533569336,27.990135192871094,6.313542582037393,2.496173484826093,2.0
SV_NewYork_40.7335_-74.0072.tif,1,17.768367767333984,17.74852180480957,15.308916581130742,7.363819215203025,10.21722200063016
SV_NewYork_40.7335_-74.0072.tif,2,20.864364624023438,20.85504150390625,7.4380360891280155,4.484858672364181,4.170310047947477
SV_NewYork_40.7335_-74.0072.tif,3,4.9730424880981445,4.968881607055664,5.400167182960651,2.0,2.0
SV_NewYork_40.7335_-74.0072.tif,4,18.273900985717773,13.31653881072998,12.084309850863766,7.355983661686055,7.233368761779806
SV_NewYork_40.7335_-74.0072.tif,5,20.983951568603516,20.980321884155273,5.83312751207155,2.0,2.0
SV_NewYork_40.7335_-74.0072.tif,6,10.336175918579102,10.33593463897705,6.153533635966306,2.5222950378744127,2.522633299788323
SV_NewYork_40.7335_-74.0072.tif,7,14.300445556640625,14.299802780151367,3.7403303117784006,2.0,2.0
SV_NewYork_40.7335_-74.0072.tif,8,23.64703941345215,22.22869873046875,6.532329178058992,2.467885848607855,2.0
SV_NewYork_40.7335_-74.0072.tif,10,12.745266914367676,12.742997169494629,8.206233763554302,4.811888941890761,6.150700695933328
SV_NewYork_40.7335_-74.0072.tif,11,18.783231735229492,18.764972686767578,7.337958799366574,4.925881189556511,4.152563798518583
SV_NewYork_40.7335_-74.0072.tif,12,0.0,0.0,5.92994172463974,3.61329942849503,2.2038703698823916
SV_NewYork_40.7335_-74.0072.tif,13,19.506494522094727,19.481290817260742,7.79217260173261,3.589900693516153,3.402581881933564
SV_NewYork_40.7335_-74.0072.tif,14,23.25015640258789,21.333984375,6.565009860606098,2.0,2.0
SV_NewYork_40.7372_-73.9916.tif,0,48.062400817871094,43.459712982177734,16.16942406110131,9.09128221864769,10.539432772929896
SV_NewYork_40.7372_-73.9916.tif,1,47.587242126464844,47.506561279296875,10.54227066249263,6.219328871894378,5.835592863399297
SV_NewYork_40.7372_-73.9916.tif,2,0.0,0.0,6.621067869261088,4.550388648487384,3.7586157337617223
SV_NewYork_40.7344_-73.9853.tif,0,31.971817016601562,31.94921875,7.329253330929288,5.910865107492684,5.840198511861647
SV_NewYork_40.7344_-73.9853.tif,1,27.8377742767334,25.82086944580078,9.663157134829266,4.261774667774729,5.594236080806141
SV_NewYork_40.7344_-73.9853.tif,2,28.399917602539062,28.297100067138672,10.777851617283911,11.18260134452652,9.715099898507113
SV_NewYork_40.7344_-73.9853.tif,3,19.394664764404297,19.394123077392578,6.218753264639662,2.0,2.0
SV_NewYork_40.7344_-73.9853.tif,6,28.151214599609375,28.06365394592285,14.973882942073017,15.494974893427504,13.822373669651398
SV_NewYork_40.7344_-73.9853.tif,7,33.648414611816406,33.610660552978516,6.774120446525919,5.863029815747539,4.8053936162469615
SV_NewYork_40.7344_-73.9853.tif,8,22.296756744384766,22.26849365234375,6.1385149210239875,4.1446697664264835,3.2486288313899845
SV_NewYork_40.7344_-73.9853.tif,9,46.33514404296875,19.50520896911621,16.287112769959776,11.207592503463927,11.864939006960437
SV_NewYork_40.7335_-74.0108.tif,0,30.171279907226562,30.154254913330078,7.946677795275418,6.271466980475537,5.344269474297302
SV_NewYork_40.7335_-74.0108.tif,1,25.761810302734375,25.740877151489258,8.135369907738522,4.6167566877416375,3.3864994351871847
SV_NewYork_40.7335_-74.0108.tif,2,24.18633460998535,24.183433532714844,3.3106245337210485,5.389542611850381,3.063355750905769
SV_NewYork_40.7335_-74.0108.tif,3,20.784122467041016,20.769515991210938,5.443628863268875,2.0,2.0
SV_NewYork_40.7335_-74.0108.tif,4,23.451311111450195,21.373653411865234,9.14828977349434,4.489150667576359,3.999508834800837
SV_NewYork_40.7335_-74.0108.tif,5,23.67278289794922,21.175758361816406,11.139328011928567,4.584748688765933,6.376122134217619
SV_NewYork_40.7335_-74.0108.tif,7,25.37314224243164,25.357681274414062,7.3119061108547525,4.784059068084744,4.634484809474092
SV_NewYork_40.7335_-74.0108.tif,8,16.470720291137695,11.070993423461914,6.177319245281933,3.6285980603175396,3.7262869778332224
SV_NewYork_40.7335_-74.0108.tif,9,57.842689514160156,57.778865814208984,9.615259513410502,6.899090915947751,6.490255790115116
SV_NewYork_40.7335_-74.0108.tif,10,58.416622161865234,58.38629150390625,8.584236657950438,4.960517063372235,4.238307642203759
SV_NewYork_40.7335_-74.0108.tif,11,43.22517776489258,43.132991790771484,16.733554090966972,15.382379492518645,14.630605991165583
SV_NewYork_40.7387_-73.9971.tif,0,24.50636863708496,24.346508026123047,13.411064469223698,6.934825985292775,7.868373562475931
SV_NewYork_40.7387_-73.9971.tif,1,49.060386657714844,48.96207809448242,11.860396495711448,8.904643523341072,8.86899740528004
SV_NewYork_40.7387_-73.9971.tif,2,27.580821990966797,27.574748992919922,8.336538951937232,2.874984419578743,3.096853333027484
SV_NewYork_40.7387_-73.9971.tif,3,37.34001922607422,37.303462982177734,7.922450368388655,4.617400349747133,4.118339084955723
SV_NewYork_40.7387_-73.9971.tif,4,98.80974578857422,98.1153793334961,7.552543937503345,4.996797318309112,3.4908277812445174
SV_NewYork_40.7387_-73.9971.tif,5,37.51730728149414,37.48383331298828,10.970200233336783,6.2405083754093695,5.972357984625884
SV_NewYork_40.7387_-73.9971.tif,6,64.47528076171875,64.4598617553711,6.597177628546561,4.616020885541319,3.8803730715748097
SV_NewYork_40.7387_-73.9971.tif,7,75.69678497314453,75.66674041748047,9.98417342322394,4.838024170831983,4.894007636810888
SV_NewYork_40.7387_-73.9971.tif,8,24.191314697265625,23.633398056030273,10.291284753328512,4.34933839130228,3.96195716320569
SV_NewYork_40.7387_-73.9971.tif,9,24.99015998840332,24.967859268188477,3.766886060308856,3.5723541542114345,2.0
SV_NewYork_40.7387_-73.9971.tif,10,42.874210357666016,39.3405647277832,11.589073793542402,10.547825467277482,10.216577223032125
SV_NewYork_40.7387_-73.9971.tif,12,46.13301086425781,42.160282135009766,23.101066805266647,17.784836117357667,19.39097825806986
SV_NewYork_40.7387_-73.9971.tif,13,69.0489273071289,69.006103515625,11.122005424349625,6.855905813491512,6.700873095287561
SV_NewYork_40.7345_-74.0034.tif,0,20.491994857788086,20.481660842895508,6.510688642431625,4.59436236968728,4.075304568484315
SV_NewYork_40.7345_-74.0034.tif,1,18.796119689941406,18.782978057861328,5.791480821186543,2.0,2.0
SV_NewYork_40.7345_-74.0034.tif,2,22.70193099975586,22.678020477294922,8.078094023150474,4.190097051009131,4.0408599527788525
SV_NewYork_40.7345_-74.0034.tif,3,21.06731605529785,21.06053352355957,4.792801038013746,2.902987084849226,2.0
SV_NewYork_40.7345_-74.0034.tif,4,23.85124397277832,23.843156814575195,6.25868168428626,3.3184832692968804,2.9299930253301465
SV_NewYork_40.7345_-74.0034.tif,5,18.752239227294922,18.742733001708984,6.937753429783316,2.4451902348403483,2.3342061448662896
SV_NewYork_40.7345_-74.0034.tif,6,45.144126892089844,42.99169158935547,9.812632535540324,6.418044561034762,5.9904327488818385
SV_NewYork_40.7345_-74.0034.tif,7,20.73636245727539,20.725648880004883,5.918534222794175,2.8066332384072616,2.0
SV_NewYork_40.7345_-74.0034.tif,8,20.358896255493164,20.34663200378418,7.0278406119364645,2.644123605147204,2.1322759830183156
SV_NewYork_40.7345_-74.0034.tif,9,20.30340003967285,19.322900772094727,5.935458202396683,2.0,2.0
SV_NewYork_40.7345_-74.0034.tif,10,4.733884811401367,1.6255483627319336,5.476835146180538,3.3802406982562214,2.466277091642871
SV_NewYork_40.7345_-74.0034.tif,11,18.0871639251709,18.07696533203125,7.3546937813343565,4.424080759563886,3.5470726691230894
SV_NewYork_40.7345_-74.0034.tif,12,14.433050155639648,14.43303108215332,6.218753264639662,2.0,2.0
SV_NewYork_40.7345_-74.0034.tif,13,57.85590744018555,57.83192443847656,9.742257770417776,5.206273216690773,5.33015292407452
SV_NewYork_40.7345_-74.0034.tif,14,26.66132164001465,26.65013885498047,6.942392391553135,4.473495510438921,3.708682284732552
SV_NewYork_40.7345_-74.0034.tif,15,15.999768257141113,15.971628189086914,4.606151076119296,4.022807825350325,2.0
SV_NewYork_40.7345_-74.0034.tif,16,38.049678802490234,33.20322799682617,18.317846133929535,9.314010971501947,10.900168532515595
SV_NewYork_40.7345_-74.0034.tif,17,19.363903045654297,15.838923454284668,5.206025773502104,3.671056247329009,2.0
SV_NewYork_40.7372_-73.9901.tif,0,86.80995178222656,85.86697387695312,8.479540426618803,3.50833860715759,3.1789761950362276
SV_NewYork_40.7372_-73.9901.tif,1,83.2950668334961,83.24606323242188,9.753370950673043,6.990487839723852,6.737089627128688
SV_NewYork_40.7372_-73.9901.tif,2,48.11467361450195,43.497676849365234,16.164824849771104,10.013774788190805,10.986472156938186
SV_NewYork_40.7372_-73.9901.tif,3,54.0450439453125,53.980552673339844,15.628304533700042,7.015860816688733,8.536269805775511
SV_NewYork_40.7372_-73.9901.tif,4,51.2085075378418,45.929901123046875,20.71135021490427,18.429558238232968,20.46143756046071
SV_NewYork_40.7372_-73.9901.tif,5,55.63166809082031,54.396705627441406,18.02435586832324,16.205354041376097,17.038137556187607
SV_NewYork_40.7400_-73.9815.tif,0,23.15070152282715,23.003753662109375,7.422280824852461,4.33700309756958,3.2136453919141115
SV_NewYork_40.7400_-73.9815.tif,1,43.16277313232422,43.0206413269043,11.353044812760379,9.39705773857457,9.711756891444669
SV_NewYork_40.7400_-73.9815.tif,2,23.39702033996582,23.38587188720703,4.438679232365793,2.0,2.0
SV_NewYork_40.7400_-73.9815.tif,3,98.86045837402344,98.68818664550781,14.200728481133048,9.952308824122422,10.34027868140763
SV_NewYork_40.7400_-73.9815.tif,4,23.787612915039062,23.694744110107422,8.135775080339325,5.817973373047253,5.5748149512652345
SV_NewYork_40.7400_-73.9815.tif,5,46.46393966674805,46.30487060546875,12.202579564573355,25.367066498402487,21.702165972420346
SV_NewYork_40.7400_-73.9815.tif,6,28.33236312866211,27.649417877197266,10.455265501063185,17.29973019246497,14.930988972855765
SV_NewYork_40.7400_-73.9815.tif,7,54.26286315917969,54.21272277832031,7.788626899928265,4.67451023432017,4.469887930050098
SV_NewYork_40.7400_-73.9815.tif,8,55.15256118774414,54.999847412109375,9.887565094669021,5.790491995810951,6.2434548125874985
SV_NewYork_40.7400_-73.9815.tif,9,28.111125946044922,27.971328735351562,18.205080019072902,11.767322618355296,13.664456916310368
SV_NewYork_40.7400_-73.9815.tif,10,83.63623809814453,83.51422882080078,12.845784148509571,8.554641748934895,9.096140553328999
SV_NewYork_40.7400_-73.9815.tif,11,81.70344543457031,81.5250473022461,11.47145561160834,22.09403551882305,19.907191424092552
SV_NewYork_40.7400_-73.9815.tif,12,78.83587646484375,75.9646224975586,28.077395984848188,32.542614026099486,32.25714299454082
SV_NewYork_40.7400_-73.9815.tif,13,53.91283416748047,53.88884735107422,6.599351395921957,4.1067212069655366,4.178358151523996
SV_NewYork_40.7400_-73.9815.tif,14,47.57367706298828,19.1227970123291,9.895724243120231,8.837850019694635,8.030234172246434
SV_NewYork_40.7357_-73.9797.tif,0,49.013999938964844,46.49364471435547,14.461516157277162,9.923142956551532,11.341586946062485
SV_NewYork_40.7357_-73.9797.tif,1,48.92943572998047,48.88029479980469,11.243103901655301,12.16832400085379,11.591337548332351
SV_NewYork_40.7357_-73.9797.tif,2,44.391380310058594,44.382568359375,9.082687473361045,9.017944905530332,8.500392272351066
SV_NewYork_40.7357_-73.9797.tif,3,49.07516098022461,46.43232345581055,14.83748750908666,12.994424705478952,14.20379757942817
SV_NewYork_40.7357_-73.9797.tif,4,48.80308151245117,46.7458381652832,14.44560464298644,14.895651096577666,15.124461740096189
SV_NewYork_40.7357_-73.9797.tif,5,48.337501525878906,46.72370147705078,14.498586798902895,13.016367993626154,14.091463450300658
SV_NewYork_40.7357_-73.9797.tif,6,60.05933380126953,57.86675262451172,14.483297118010054,12.044492270448307,13.443749698750253
SV_NewYork_40.7357_-73.9797.tif,7,48.54304885864258,46.187950134277344,13.37932581867291,13.05480671239012,13.214202733505612
SV_NewYork_40.7357_-73.9797.tif,8,48.828609466552734,46.327545166015625,14.48807833583816,13.491910717615761,14.467124545439278
SV_NewYork_40.7357_-73.9797.tif,9,41.99980163574219,39.4547119140625,15.336307126843838,13.392266642157516,13.790339896582868
SV_NewYork_40.7357_-73.9797.tif,10,60.6185188293457,56.1067008972168,13.948817225745323,9.512972402733977,10.996549076352704
SV_NewYork_40.7357_-73.9797.tif,11,41.65108108520508,39.650821685791016,16.190082440017036,14.789867783091058,15.48506472644886
SV_NewYork_40.7357_-73.9797.tif,12,41.34041976928711,37.2818489074707,16.591487597873133,14.216925680864755,14.712474854643737
SV_NewYork_40.7357_-73.9797.tif,13,42.59110641479492,40.58363723754883,15.538128642335813,13.802207467132341,14.23258952570375
SV_NewYork_40.7357_-73.9797.tif,14,41.800785064697266,39.980648040771484,10.561589229911718,13.704722022352211,12.362667379376514
SV_NewYork_40.7371_-73.9783.tif,1,0.0,0.0,5.636036299022706,4.11982087197657,3.1673651061438957
SV_NewYork_40.7371_-73.9783.tif,2,46.008018493652344,44.81696701049805,9.936267911877588,17.838959616069324,16.720570838479702
SV_NewYork_40.7371_-73.9783.tif,3,14.515637397766113,14.233832359313965,6.889883675552137,2.065962345796457,2.0
SV_NewYork_40.7371_-73.9783.tif,4,49.69839096069336,49.3338623046875,13.134495671294918,15.473820153128933,15.488211104201344
SV_NewYork_40.7371_-73.9783.tif,5,60.88818359375,60.86042404174805,12.44578894277935,13.559972161962595,13.326793709776986
SV_NewYork_40.7371_-73.9783.tif,6,48.930213928222656,48.168174743652344,14.205692278133483,16.82610952981939,17.326736764528118
SV_NewYork_40.7371_-73.9783.tif,7,49.033138275146484,49.006778717041016,13.640679866556589,14.616264899956878,14.614115133686246
SV_NewYork_40.7371_-73.9783.tif,8,49.074466705322266,46.898738861083984,14.575868985939222,17.120746060688674,17.183251269640746
SV_NewYork_40.7371_-73.9783.tif,9,49.060245513916016,46.546531677246094,14.242713116394295,16.057926222684976,16.021235514658997
SV_NewYork_40.7371_-73.9783.tif,10,48.804161071777344,46.695072174072266,14.728247940865085,19.515220752384835,18.957513329785005
SV_NewYork_40.7371_-73.9783.tif,11,48.823638916015625,46.66023635864258,10.92375368130793,19.73217371748771,16.92279501683973
SV_NewYork_40.7371_-73.9783.tif,12,43.67314910888672,43.66077423095703,8.873429671962235,14.366539286814778,12.859907092123963
SV_NewYork_40.7332_-73.9784.tif,0,42.62124252319336,40.58360290527344,15.894894807383901,13.87122597483802,15.104558547499062
SV_NewYork_40.7332_-73.9784.tif,1,45.19417953491211,41.61510467529297,20.743110891273126,15.618420112388243,17.962915459463712
SV_NewYork_40.7332_-73.9784.tif,2,44.31505584716797,41.821292877197266,16.909907236892497,16.20782028829707,17.614130427049865
SV_NewYork_40.7332_-73.9784.tif,3,37.846092224121094,37.83671188354492,8.461366219515336,8.945257345039257,9.900063271050492
SV_NewYork_40.7332_-73.9784.tif,4,42.58003616333008,39.27481460571289,17.266143400781804,18.196546836112343,19.13507386236665
SV_NewYork_40.7332_-73.9784.tif,5,45.15034866333008,41.48893737792969,16.133724620997057,20.230466467427924,20.184703193645888
SV_NewYork_40.7332_-73.9784.tif,6,57.79109573364258,43.99273681640625,19.43197041797134,17.460564772711024,19.097251132337743
SV_NewYork_40.7332_-73.9784.tif,7,44.58037567138672,41.370235443115234,13.258565277435643,17.317344358184236,16.592191617757692
SV_NewYork_40.7332_-73.9784.tif,8,44.58243942260742,41.126991271972656,12.816433058758745,21.51490094894551,19.504391193060194
SV_NewYork_40.7332_-73.9784.tif,9,44.60075378417969,44.57136917114258,9.091840396424152,13.798820953143508,12.219420568241583
SV_NewYork_40.7402_-74.0034.tif,0,18.982173919677734,18.927330017089844,10.041607289135168,6.31466309292563,7.710218348155411
SV_NewYork_40.7402_-74.0034.tif,2,20.389177322387695,20.37853240966797,6.232607028812975,5.73513460119926,4.601926060327432
SV_NewYork_40.7402_-74.0034.tif,3,41.914024353027344,41.84080505371094,9.551420148827011,6.962074513666094,6.213023765408283
SV_NewYork_40.7402_-74.0034.tif,4,23.989910125732422,21.883344650268555,8.59298660841073,4.820889547013415,4.407291759221151
SV_NewYork_40.7402_-74.0034.tif,6,19.12653160095215,10.140486717224121,5.179218482155851,4.521587044848776,3.3720215398190625
SV_NewYork_40.7402_-74.0034.tif,7,22.89942741394043,22.861862182617188,10.590232269409483,6.217927355360365,7.122338256651943
SV_NewYork_40.7402_-74.0034.tif,8,21.95363998413086,21.62424087524414,7.0346846138495165,4.908766979688662,4.367844321524719
SV_NewYork_40.7402_-74.0034.tif,9,55.92056655883789,55.91291809082031,5.103219122426664,4.069020003992721,2.9039112017836644
SV_NewYork_40.7402_-74.0034.tif,10,41.14905548095703,35.10515594482422,14.446174904984858,8.822246564263907,9.693412969135787
SV_NewYork_40.7402_-74.0034.tif,11,18.355745315551758,18.347257614135742,6.7843610970528685,2.73486122971622,2.635974616728676
SV_NewYork_40.7402_-74.0034.tif,12,21.151914596557617,21.116283416748047,9.888093222545349,5.436762724969025,4.998429781628431
SV_NewYork_40.7402_-74.0034.tif,13,27.440832138061523,27.320938110351562,18.748164422895606,11.948842728780964,13.413195338801875
SV_NewYork_40.7402_-74.0034.tif,14,20.044904708862305,20.032970428466797,5.454957259207588,3.809334509001962,2.732646533914094
SV_NewYork_40.7345_-73.9953.tif,0,87.26165008544922,87.21479034423828,10.583578900108112,5.69290843133529,6.065499384885449
SV_NewYork_40.7345_-73.9953.tif,1,43.41535949707031,43.34046173095703,10.165608066197064,8.31067283585336,7.989306341673625
SV_NewYork_40.7345_-73.9953.tif,2,56.50838088989258,50.67837142944336,16.03197697143373,10.6677693504969,11.92290976851843
SV_NewYork_40.7345_-73.9953.tif,5,33.551666259765625,33.52998733520508,6.350415433674726,3.345057162618298,2.391611624334706
SV_NewYork_40.7345_-73.9953.tif,6,59.53155517578125,59.43673324584961,8.169721772874409,4.457414900636252,3.9211269275607474
SV_NewYork_40.7345_-73.9953.tif,7,55.93482971191406,51.736026763916016,12.24999057171464,13.595502691476849,13.280135241451324
SV_NewYork_40.7345_-73.9953.tif,8,54.88508605957031,48.277713775634766,18.3636806092621,16.684343890734382,17.406785198706217
SV_NewYork_40.7345_-73.9953.tif,9,20.06675148010254,19.962162017822266,12.381076853448208,4.3999693120100165,5.322175309486634
SV_NewYork_40.7345_-73.9953.tif,10,31.517425537109375,31.517425537109375,5.663249862642911,2.0,2.0
SV_NewYork_40.7345_-73.9953.tif,11,41.06083679199219,41.05255889892578,6.37267210160737,2.793158506102321,2.924301336034974
SV_NewYork_40.7345_-73.9953.tif,12,38.12483596801758,38.12467575073242,5.1986063104302085,3.786098287039403,2.953043391712633
SV_NewYork_40.7345_-73.9953.tif,13,37.69312286376953,37.685142517089844,7.419754318900264,7.192412807894433,6.487070550860748
SV_NewYork_40.7345_-73.9953.tif,14,50.35205078125,50.2310905456543,12.094240633679822,11.273783280111926,11.040120397694727
SV_NewYork_40.7345_-73.9953.tif,15,49.610923767089844,49.54758834838867,8.800250477166955,7.423886815546482,6.68386958951189
SV_NewYork_40.7345_-73.9953.tif,16,78.5937271118164,70.99302673339844,7.1557574796976855,4.919990281387097,4.824343634254655
SV_NewYork_40.7333_-73.9872.tif,0,31.685091018676758,24.030628204345703,13.712200514325946,7.42007759108203,8.534620270868768
SV_NewYork_40.7333_-73.9872.tif,1,30.41326904296875,26.965970993041992,8.71304174248963,6.04508795266047,6.121551076569998
SV_NewYork_40.7333_-73.9872.tif,2,15.924631118774414,15.922463417053223,3.7088350298211523,2.0,2.0
SV_NewYork_40.7333_-73.9872.tif,3,26.53813362121582,26.509138107299805,6.946872476896941,5.732370503755321,4.909928928504028
SV_NewYork_40.7333_-73.9872.tif,4,27.200889587402344,27.15348243713379,8.719593500480592,5.368972276545506,5.178579892673449
SV_NewYork_40.7333_-73.9872.tif,5,21.553478240966797,21.55347442626953,5.830427853223139,3.269236982904781,3.011864141377538
SV_NewYork_40.7333_-73.9872.tif,6,28.159435272216797,28.128000259399414,7.516672042207924,4.280612265803718,3.7770405755548406
SV_NewYork_40.7333_-73.9872.tif,7,31.40803337097168,31.34893035888672,9.153086561945424,6.9618192427146015,6.577888369502344
SV_NewYork_40.7333_-73.9872.tif,8,24.965923309326172,24.872251510620117,13.611921961742933,5.396841331419104,6.100773788710452
SV_NewYork_40.7333_-73.9872.tif,9,24.139266967773438,24.137277603149414,5.972895502005799,2.0,2.0
SV_NewYork_40.7333_-73.9872.tif,10,44.82119369506836,41.0081901550293,6.708264292692959,4.656336450161792,2.843956984906896
SV_NewYork_40.7333_-73.9872.tif,11,22.90272331237793,22.861753463745117,6.79489724231839,2.4292937590540316,2.0
SV_NewYork_40.7333_-73.9872.tif,12,29.35979461669922,24.89642906188965,21.02567315544676,13.774780940526131,15.666392671944646
SV_NewYork_40.7333_-73.9872.tif,13,18.72643280029297,18.721824645996094,8.206233763554302,2.0,2.0
SV_NewYork_40.7333_-73.9872.tif,14,60.578399658203125,58.25062942504883,22.37570571051798,9.494034213638754,13.306355884541826
SV_NewYork_40.7333_-73.9872.tif,15,40.54596710205078,40.49752426147461,11.603844114546012,10.001099745347718,9.081077731940852
SV_NewYork_40.7372_-73.9853.tif,0,22.17025375366211,22.137357711791992,14.396475914368448,12.11667081808278,11.964703075472581
SV_NewYork_40.7372_-73.9853.tif,1,31.214414596557617,31.17546844482422,9.878667282640746,3.8878082473526465,4.271526597439202
SV_NewYork_40.7372_-73.9853.tif,2,40.509429931640625,40.41487503051758,17.24271198206175,12.435474265438526,13.228758272378158
SV_NewYork_40.7372_-73.9853.tif,3,60.513221740722656,60.497737884521484,7.552076696320006,4.06717873124912,3.964693671289334
SV_NewYork_40.7372_-73.9853.tif,4,39.70814514160156,36.77914047241211,14.416447427818152,7.575811034033819,9.950368060819912
SV_NewYork_40.7372_-73.9853.tif,5,0.0,0.0,6.880157338562715,2.0,2.295010359487902
SV_NewYork_40.7372_-73.9853.tif,6,74.39141082763672,74.3827896118164,6.354568735007851,2.0,2.0
SV_NewYork_40.7372_-73.9853.tif,7,60.666297912597656,60.588417053222656,14.11526198817657,12.695552591831632,12.738121914137011
SV_NewYork_40.7372_-73.9853.tif,8,65.51945495605469,62.57756042480469,12.767224181325567,7.6195013134854985,8.221373762306513
SV_NewYork_40.7372_-73.9853.tif,9,30.263500213623047,30.231563568115234,7.637801304910113,4.854612589981903,4.12727588257788
SV_NewYork_40.7372_-73.9853.tif,10,41.66702651977539,41.64824676513672,4.686177356503852,2.0,2.0
SV_NewYork_40.7372_-73.9853.tif,11,25.194869995117188,25.022899627685547,16.43492737832176,8.608322327277257,9.924881090714713
SV_NewYork_40.7372_-73.9853.tif,12,20.157732009887695,20.09989356994629,12.469652146755882,7.518038485008455,8.226201320323913
SV_NewYork_40.7372_-73.9853.tif,13,14.74544620513916,14.730814933776855,5.832383591156561,2.718380768607883,2.0
SV_NewYork_40.7372_-73.9853.tif,15,21.113977432250977,21.097938537597656,5.502434803363451,2.8096663021859367,2.0
SV_NewYork_40.7372_-73.9853.tif,16,21.854843139648438,21.802793502807617,15.992677425171967,11.031812744904368,11.884977028092377
SV_NewYork_40.7372_-73.9853.tif,17,21.10895347595215,21.08526039123535,8.16477594023634,3.809767253013332,3.1823737099449634
SV_NewYork_40.7372_-73.9853.tif,18,18.365407943725586,18.356647491455078,4.845762578702082,2.0,2.0
SV_NewYork_40.7372_-73.9853.tif,19,21.215356826782227,21.19320297241211,7.644590983622582,3.560640865468015,2.884562045292311
SV_NewYork_40.7372_-73.9853.tif,20,50.491024017333984,46.068359375,12.19741884369218,11.7958214562775,11.25709693091913
SV_NewYork_40.7372_-73.9853.tif,21,32.706153869628906,32.67036437988281,6.5071015641988375,5.585224244824766,4.385681703989009
SV_NewYork_40.7358_-73.9871.tif,0,24.72797393798828,24.649248123168945,9.249594483228538,5.276792382781872,4.313567632410024
SV_NewYork_40.7358_-73.9871.tif,1,21.1024112701416,21.02640724182129,15.158142508414008,12.097141748594751,12.33648082413184
SV_NewYork_40.7358_-73.9871.tif,2,68.15218353271484,64.0875244140625,16.38791187739858,16.8581717458963,16.385656959143894
SV_NewYork_40.7358_-73.9871.tif,3,32.749412536621094,32.72699737548828,7.995036354083592,8.57816114752226,7.783440069277974
SV_NewYork_40.7358_-73.9871.tif,4,22.17487907409668,22.11674690246582,10.059896187755115,4.454773204612993,4.606784216771457
SV_NewYork_40.7358_-73.9871.tif,5,18.80754280090332,18.794475555419922,6.951285613337172,3.141527704387805,2.434617902492798
SV_NewYork_40.7358_-73.9871.tif,6,28.380746841430664,28.368614196777344,4.61182397184347,2.0,2.0
SV_NewYork_40.7358_-73.9871.tif,7,21.732135772705078,21.687685012817383,8.358270380411847,7.111156893157051,6.132399611501876
SV_NewYork_40.7358_-73.9871.tif,8,35.68693542480469,35.682735443115234,5.70078746963512,3.3030878030940514,2.5002808431671255
SV_NewYork_40.7358_-73.9871.tif,9,33.617855072021484,32.04483413696289,6.137428870096705,2.815299360393267,3.0539696379209964
SV_NewYork_40.7358_-73.9871.tif,10,26.405193328857422,26.395313262939453,5.630456924970117,3.3064874392018933,2.0
SV_NewYork_40.7358_-73.9871.tif,11,25.198728561401367,24.226896286010742,16.83593406156142,9.990881521099597,11.422798172842665
SV_NewYork_40.7358_-73.9871.tif,12,0.0,0.0,5.654015171971802,2.0,2.0
SV_NewYork_40.7358_-73.9871.tif,13,55.23555374145508,50.661460876464844,10.072547974108005,10.069104935453776,9.349240461096848
SV_NewYork_40.7358_-73.9871.tif,14,48.20307159423828,48.115867614746094,10.35554867744755,6.749858226775521,7.0231824424054
SV_NewYork_40.7357_-73.9783.tif,0,48.92976379394531,48.8814811706543,11.209056041971138,8.057765480640796,8.117945855636322
SV_NewYork_40.7357_-73.9783.tif,1,44.39259338378906,44.38393020629883,8.582666022614447,5.706008590241538,5.603165319250244
SV_NewYork_40.7357_-73.9783.tif,2,49.03403091430664,49.00790786743164,13.198650438406858,7.535636758780765,8.71460158976905
SV_NewYork_40.7357_-73.9783.tif,3,49.07535934448242,47.636688232421875,14.228561972109391,9.57328467359473,11.048218014708773
SV_NewYork_40.7357_-73.9783.tif,4,49.060909271240234,47.409934997558594,13.405086216508177,9.181782130169687,10.20566747283112
SV_NewYork_40.7357_-73.9783.tif,5,48.803279876708984,46.74375915527344,14.372899947272941,12.950053432924696,13.558005217425698
SV_NewYork_40.7357_-73.9783.tif,6,48.822757720947266,46.385169982910156,14.181245091199319,9.47192537862904,10.852621390768054
SV_NewYork_40.7357_-73.9783.tif,7,48.5434455871582,46.032554626464844,14.502718485850114,10.70191571405251,12.009425422175545
SV_NewYork_40.7357_-73.9783.tif,8,48.261009216308594,44.04010772705078,10.656557202456806,8.214684148950786,9.20852131620692
SV_NewYork_40.7357_-73.9783.tif,9,48.82876968383789,47.27471160888672,13.795835197384289,8.022662127493248,9.496903419166147
SV_NewYork_40.7357_-73.9783.tif,10,0.0,0.0,14.119805296936217,13.039050774251356,13.583056007795907
SV_NewYork_40.7357_-73.9783.tif,11,60.61867904663086,57.8564338684082,13.544994063818951,8.733304754423518,9.952311965726672
SV_NewYork_40.7357_-73.9783.tif,12,48.896575927734375,46.21446228027344,14.326546812686505,11.082436989281158,12.176560589926874
SV_NewYork_40.7357_-73.9783.tif,13,41.65135955810547,39.735347747802734,11.476838743184326,12.766963002309735,12.521562192827744
SV_NewYork_40.7357_-73.9783.tif,14,61.699222564697266,58.099674224853516,14.432880517040012,9.822051850843176,11.198971311472278
SV_NewYork_40.7357_-73.9783.tif,15,42.59138107299805,40.10838317871094,16.143952706370342,12.171020680676573,13.265388568046657
SV_NewYork_40.7357_-73.9783.tif,16,38.79403305053711,36.90851974487305,5.424051573395773,4.493936973597003,3.589903667455184
SV_NewYork_40.7334_-74.0020.tif,0,22.188867568969727,21.042320251464844,8.11844617720515,4.7912072944997375,4.166300497238265
SV_NewYork_40.7334_-74.0020.tif,1,16.713869094848633,14.430835723876953,11.206971292353295,3.9796806823941626,4.895482058853596
SV_NewYork_40.7334_-74.0020.tif,2,16.028186798095703,15.999937057495117,12.840380944162973,6.126970270000521,7.102666898530842
SV_NewYork_40.7334_-74.0020.tif,3,12.71860408782959,12.699688911437988,7.537101539644845,3.359841856138022,3.3748797179905647
SV_NewYork_40.7334_-74.0020.tif,4,17.054771423339844,17.052555084228516,7.347792213761336,2.0,2.0
SV_NewYork_40.7334_-74.0020.tif,5,42.56769943237305,20.15961456298828,10.47471168956437,4.65970590921025,4.8495929808648865
SV_NewYork_40.7334_-74.0020.tif,6,18.085079193115234,18.07610511779785,7.40788745863566,2.880441363059923,2.3249054396427944
SV_NewYork_40.7334_-74.0020.tif,7,20.21752166748047,20.163362503051758,7.270259004435404,3.6503557762823213,3.1837110468417293
SV_NewYork_40.7334_-74.0020.tif,8,9.55459213256836,9.391411781311035,7.903663643091674,4.463716400574988,4.8213643429800435
SV_NewYork_40.7334_-74.0020.tif,9,19.03618812561035,19.030406951904297,6.639964766703119,2.3388415428575176,2.1692995694794313
SV_NewYork_40.7334_-74.0020.tif,11,17.95342445373535,17.939844131469727,5.255187640202417,2.8766993948682202,2.0
SV_NewYork_40.7334_-74.0020.tif,12,19.661449432373047,19.66067886352539,7.248985006940088,2.0,2.0
SV_NewYork_40.7334_-74.0020.tif,13,19.13533592224121,19.125795364379883,6.077871179804131,4.405791082498718,2.6216549369535684
SV_NewYork_40.7334_-74.0020.tif,14,29.147048950195312,29.12353515625,9.335294145615475,4.846804438630182,4.763071742882689
SV_NewYork_40.7334_-74.0020.tif,15,26.1195011138916,26.066326141357422,12.812632405158178,9.37171210644265,9.066307891690762
SV_NewYork_40.7334_-74.0020.tif,16,16.149429321289062,16.138097763061523,6.234280860414858,3.6753871048649884,2.310162991594108
SV_NewYork_40.7334_-74.0020.tif,17,22.40718650817871,22.382030487060547,12.508743940906724,6.621678158050773,6.6698369188539655
SV_NewYork_40.7334_-74.0020.tif,18,64.35064697265625,64.32539367675781,10.987638658749852,6.512875597147493,6.5385404745204605
SV_NewYork_40.7334_-74.0020.tif,19,14.208849906921387,14.143969535827637,3.890080214642868,3.8196819436417737,2.0
SV_NewYork_40.7334_-74.0020.tif,20,20.6024169921875,20.59294891357422,9.509667999446275,5.398666886928337,5.374564428857837
SV_NewYork_40.7334_-74.0020.tif,21,17.875015258789062,17.857322692871094,8.198377249832681,4.403887739998773,4.528226710324701
SV_NewYork_40.7334_-74.0020.tif,22,63.9017448425293,63.887413024902344,9.751558124978418,5.172316300672072,5.3194015622540745
SV_NewYork_40.7334_-74.0020.tif,24,25.247913360595703,22.98777198791504,6.957555389946816,3.3078688084045407,2.5774078031049754
SV_NewYork_40.7334_-74.0020.tif,25,25.343467712402344,25.338056564331055,5.835769290971383,3.8202031523819553,2.6456481571819044
SV_NewYork_40.7333_-73.9853.tif,0,37.87472152709961,30.843687057495117,9.987779380369048,9.624575614357274,9.640391462309378
SV_NewYork_40.7333_-73.9853.tif,1,15.94881534576416,15.92646598815918,7.926778537478806,4.961152993988651,5.46520540062736
SV_NewYork_40.7333_-73.9853.tif,2,28.054988861083984,28.039840698242188,6.023970840591753,3.729326827726217,3.0894239364969724
SV_NewYork_40.7333_-73.9853.tif,3,24.450380325317383,20.17113494873047,8.514908686121252,7.785236935813045,8.200585624539912
SV_NewYork_40.7333_-73.9853.tif,4,32.13790512084961,29.482624053955078,15.383878226454042,8.549059881441945,10.073309708318511
SV_NewYork_40.7333_-73.9853.tif,5,28.314043045043945,28.298351287841797,6.640527864341058,3.7289530463342366,2.9303312469174987
SV_NewYork_40.7333_-73.9853.tif,6,42.95170593261719,42.94717025756836,3.728028976507609,3.8265104067652844,2.127843050957079
SV_NewYork_40.7333_-73.9853.tif,7,28.130590438842773,28.106868743896484,10.328015599062509,8.661757988330866,8.987169847358315
SV_NewYork_40.7333_-73.9853.tif,8,22.686542510986328,22.595888137817383,9.13255334856123,6.4823983922884025,6.187441672673177
SV_NewYork_40.7333_-73.9853.tif,9,55.814449310302734,46.88233184814453,24.850618274787877,20.130513487901,21.53465112791879
SV_NewYork_40.7333_-73.9853.tif,10,19.327802658081055,19.20622444152832,6.811877999850916,2.6015001261518425,2.0
SV_NewYork_40.7333_-73.9853.tif,11,44.88020324707031,44.81998825073242,14.068130802482674,13.088872121228091,13.124713494313905
SV_NewYork_40.7333_-73.9853.tif,12,27.918716430664062,21.287372589111328,21.93755877590958,13.796121409741609,15.23865224156977
SV_NewYork_40.7333_-73.9853.tif,13,60.57810974121094,58.21932601928711,21.881935512858,14.340854443827041,16.416545270138066
SV_NewYork_40.7373_-73.9953.tif,0,76.84561920166016,76.08839416503906,9.53413815341102,7.572128285822547,7.375908888462844
SV_NewYork_40.7373_-73.9953.tif,1,85.45665740966797,85.42143249511719,9.953618079993682,6.3218615951968875,6.112299368599243
SV_NewYork_40.7373_-73.9953.tif,2,21.118057250976562,21.10234260559082,5.217299242394315,3.6872559262862756,2.0
SV_NewYork_40.7373_-73.9953.tif,3,75.69461822509766,75.67247009277344,7.8708394550445835,5.241860961784804,4.499970605114219
SV_NewYork_40.7373_-73.9953.tif,4,42.87186813354492,42.84242248535156,10.142667597437454,6.209145119300908,6.345402860076892
SV_NewYork_40.7373_-73.9953.tif,5,56.3046875,56.28366470336914,7.3179133654645,3.6720879372171398,2.594944772129592
SV_NewYork_40.7373_-73.9953.tif,6,37.59856033325195,37.58536911010742,5.53905470540655,3.9936589726127476,2.769398451227705
SV_NewYork_40.7373_-73.9953.tif,7,42.53484344482422,42.5318717956543,5.670100048675498,2.0,2.0
SV_NewYork_40.7373_-73.9953.tif,8,69.2518539428711,69.23126983642578,6.457324261021707,4.77599833673769,3.7421921624523353
SV_NewYork_40.7373_-73.9953.tif,9,68.63219451904297,68.6143798828125,8.11678121564681,4.827427886867198,4.2758414657558745
SV_NewYork_40.7373_-73.9953.tif,10,50.28120040893555,50.26319122314453,6.316904473733165,5.361696193659056,4.535618852871768
SV_NewYork_40.7373_-73.9953.tif,11,50.23603820800781,50.00022888183594,9.695138808930718,5.8816313768520265,4.8882137498425156
SV_NewYork_40.7373_-73.9953.tif,12,72.14427185058594,72.05387115478516,12.599239959381151,12.177292455916646,10.857409603121047
SV_NewYork_40.7373_-73.9953.tif,13,54.68266677856445,50.17229461669922,17.260894015483746,16.486570840296828,15.266979727577752
SV_NewYork_40.7373_-73.9953.tif,14,28.687036514282227,27.481353759765625,17.257855449615146,10.56217890359423,11.754361015487246
SV_NewYork_40.7373_-73.9953.tif,15,81.7143325805664,81.71063232421875,6.3194715746386985,2.558645476375913,3.158508599473869
SV_NewYork_40.7385_-73.9797.tif,0,18.637638092041016,18.615840911865234,8.23901426878808,4.807541479720408,5.2993534302343335
SV_NewYork_40.7385_-73.9797.tif,1,81.71012115478516,81.5258560180664,11.333322273326324,20.049757874471908,17.84558641019228
SV_NewYork_40.7385_-73.9797.tif,2,65.88875579833984,61.93625259399414,21.256195481613766,27.540150456599584,26.83370863430934
SV_NewYork_40.7385_-73.9797.tif,3,40.2280158996582,40.15135955810547,9.158833091514849,16.49788569359955,14.815193743994755
SV_NewYork_40.7385_-73.9797.tif,4,82.37067413330078,81.98173522949219,19.406669513090705,6.817532435834379,9.933843611017291
SV_NewYork_40.7385_-73.9797.tif,5,66.1036148071289,66.09049987792969,5.871904614580781,3.164111187817552,2.1025149232112383
SV_NewYork_40.7385_-73.9797.tif,6,16.75120735168457,16.370830535888672,17.04775704022203,7.350248849462471,9.364054234915816
SV_NewYork_40.7385_-73.9797.tif,7,48.69142532348633,47.917144775390625,12.392697538235097,25.113628974795617,22.227255593268346
SV_NewYork_40.7385_-73.9797.tif,8,19.40021514892578,19.360090255737305,11.268659201794,6.90591852846542,7.100724389504574
SV_NewYork_40.7385_-73.9797.tif,9,0.0,0.0,6.218753264639662,2.0,2.0
SV_NewYork_40.7385_-73.9797.tif,10,0.0,0.0,6.149461161305473,3.4905806386982023,2.493337578447134
SV_NewYork_40.7385_-73.9797.tif,11,44.598514556884766,44.588775634765625,6.683156389627419,10.833529638980874,10.404464856262315
SV_NewYork_40.7345_-73.9934.tif,0,87.26411437988281,87.22097778320312,9.496801661798852,6.741871178932107,6.328023644746889
SV_NewYork_40.7345_-73.9934.tif,1,50.00703430175781,50.00483703613281,8.16728673151771,2.0,2.0
SV_NewYork_40.7345_-73.9934.tif,2,37.61111831665039,37.5705680847168,6.136618286758266,2.642259530971332,2.63182147979189
SV_NewYork_40.7345_-73.9934.tif,3,43.32285690307617,42.672386169433594,5.02710847511127,2.0,2.0
SV_NewYork_40.7345_-73.9934.tif,4,47.646888732910156,47.607765197753906,7.698089113086903,3.383198520298297,3.276417821740912
SV_NewYork_40.7345_-73.9934.tif,5,55.767547607421875,55.75086975097656,6.5225183685470185,2.0,2.0
SV_NewYork_40.7345_-73.9934.tif,6,54.88151168823242,53.29949188232422,9.364629190280866,9.558007409366233,8.179579488158742
SV_NewYork_40.7345_-73.9934.tif,7,49.44003677368164,49.43617248535156,7.248985006940088,2.909238090776201,3.988694135752625
SV_NewYork_40.7345_-73.9934.tif,8,43.84376525878906,43.7962532043457,8.379931266724588,7.031031377316126,6.5238474661835015
SV_NewYork_40.7345_-73.9934.tif,9,43.019290924072266,22.847963333129883,3.2727029498323272,3.5634077461175933,2.0
SV_NewYork_40.7345_-73.9934.tif,10,25.717069625854492,25.71525001525879,5.500685622653413,2.0,2.0
SV_NewYork_40.7345_-73.9934.tif,11,45.06303024291992,39.72544860839844,14.182257139819065,11.378616040053988,10.764889007463788
SV_NewYork_40.7345_-73.9934.tif,13,26.737672805786133,26.728897094726562,10.863332699152748,9.389203785976942,9.272869264847007
SV_NewYork_40.7345_-73.9934.tif,14,36.272586822509766,36.27045440673828,5.141824168954556,2.4978906055423717,2.0
SV_NewYork_40.7345_-73.9934.tif,15,50.35567855834961,50.22773742675781,12.001731995772202,11.02855357330378,10.77813543131323
SV_NewYork_40.7345_-73.9934.tif,16,64.78253936767578,64.73883056640625,8.494505452387045,6.802976087929075,5.546110449782971
SV_NewYork_40.7386_-73.9852.tif,1,21.58969497680664,21.58012580871582,5.157189697340261,2.0,2.0
SV_NewYork_40.7386_-73.9852.tif,3,39.6550178527832,39.64453125,6.153884829405847,4.560942390528989,3.822350702690011
SV_NewYork_40.7386_-73.9852.tif,4,15.890546798706055,15.874390602111816,6.50011795622107,3.3034541959346093,2.145995421021741
SV_NewYork_40.7386_-73.9852.tif,5,22.18185043334961,22.148815155029297,14.84285267762678,8.27320575695424,8.956065969152114
SV_NewYork_40.7386_-73.9852.tif,6,42.557273864746094,40.36915588378906,23.23378745947463,15.81824589898881,16.662844578701993
SV_NewYork_40.7386_-73.9852.tif,7,79.13982391357422,77.2308120727539,14.420680709379246,6.346671427398192,7.660042513728255
SV_NewYork_40.7386_-73.9852.tif,8,43.587890625,39.42439651489258,3.7143099979535865,2.4772521291294733,2.0
SV_NewYork_40.7360_-74.0090.tif,0,16.04566764831543,13.104433059692383,9.25479035470369,6.271709435996291,5.293669881455527
SV_NewYork_40.7360_-74.0090.tif,1,0.0,0.0,6.434902887090095,3.609599055640647,3.6281873920705436
SV_NewYork_40.7360_-74.0090.tif,2,0.0,0.0,11.23386831207934,4.437571017207336,6.369255783051408
SV_NewYork_40.7360_-74.0090.tif,3,19.26442527770996,19.257980346679688,4.860112853311856,2.105996033333069,2.0
SV_NewYork_40.7360_-74.0090.tif,4,10.884443283081055,0.0,8.4343031813037,3.623703197219535,4.219962293392357
SV_NewYork_40.7360_-74.0090.tif,5,18.7973575592041,15.776344299316406,7.943456857524162,4.027487668084462,4.150964072488841
SV_NewYork_40.7360_-74.0090.tif,6,20.455678939819336,20.452775955200195,5.649923633255715,2.0,2.0
SV_NewYork_40.7360_-74.0090.tif,7,23.507404327392578,20.531898498535156,11.55659821306751,4.547237658173303,6.391813867107911
SV_NewYork_40.7360_-74.0090.tif,8,20.0468692779541,20.030927658081055,6.995197983923317,2.0,2.0
SV_NewYork_40.7360_-74.0090.tif,9,46.49833297729492,46.48027420043945,6.66630638517909,4.217145232794239,3.257918795881288
SV_NewYork_40.7360_-74.0090.tif,10,14.188689231872559,14.1786470413208,8.07822879781591,4.604605815617765,4.497329500610884
SV_NewYork_40.7372_-73.9871.tif,0,45.99058532714844,45.976837158203125,7.066568777117849,3.1529825630235386,2.480929855333059
SV_NewYork_40.7372_-73.9871.tif,1,21.72848129272461,21.71727752685547,5.564386748720464,2.0,2.0
SV_NewYork_40.7372_-73.9871.tif,2,21.782447814941406,21.782222747802734,8.939591371414666,2.0,2.0
SV_NewYork_40.7372_-73.9871.tif,3,68.15312957763672,64.01251983642578,18.347064437885404,14.936684204541814,15.380023232045035
SV_NewYork_40.7372_-73.9871.tif,4,53.186195373535156,53.18102264404297,5.714734844113393,2.468962786993762,2.0
SV_NewYork_40.7372_-73.9871.tif,5,29.022525787353516,28.985864639282227,6.852991167672323,3.597300442545044,2.5601001281390143
SV_NewYork_40.7372_-73.9871.tif,6,24.042726516723633,23.99049186706543,8.342718861287013,4.21504510896877,4.247021727298984
SV_NewYork_40.7372_-73.9871.tif,7,21.93964195251465,21.933256149291992,5.8498632689478836,3.6509977034965253,2.751583157082944
SV_NewYork_40.7387_-73.9952.tif,0,49.96798324584961,49.956573486328125,5.036911132786738,3.5119903154105216,2.0
SV_NewYork_40.7387_-73.9952.tif,1,47.36455535888672,47.337730407714844,5.590460456010904,3.43648224974337,2.165939925957325
SV_NewYork_40.7387_-73.9952.tif,2,78.78885650634766,75.87989807128906,32.818475504196236,18.26111342128795,26.084921142952897
SV_NewYork_40.7387_-73.9952.tif,3,86.48926544189453,82.47904205322266,6.554945484456134,3.7112227580820925,2.94986129550613
SV_NewYork_40.7387_-73.9952.tif,6,85.45719146728516,85.40463256835938,13.548622468117664,10.55047292202699,10.433459299412064
SV_NewYork_40.7387_-73.9952.tif,7,69.04568481445312,67.51034545898438,13.972562534753624,7.600029834222846,8.566417742822242
SV_NewYork_40.7358_-73.9834.tif,2,15.875561714172363,13.66630744934082,7.854443860370896,4.704167848314826,3.823725312753643
SV_NewYork_40.7358_-73.9834.tif,3,18.795814514160156,18.735179901123047,14.126138375678536,8.092056697148902,9.37780722683637
SV_NewYork_40.7358_-73.9834.tif,4,21.19407844543457,21.170198440551758,6.5958061447160805,3.8337241860910316,2.8869182808506206
SV_NewYork_40.7358_-73.9834.tif,5,21.128557205200195,21.102825164794922,6.471561779297952,3.4139181483155685,2.444900605050776
SV_NewYork_40.7358_-73.9834.tif,6,21.264890670776367,21.251623153686523,7.359622273228537,2.320583621927234,2.0
SV_NewYork_40.7358_-73.9834.tif,7,18.741771697998047,18.731388092041016,7.0350916664583965,4.031900927528828,2.8579645968335665
SV_NewYork_40.7358_-73.9834.tif,9,21.93993377685547,14.884794235229492,11.905409728406571,4.43297634102324,4.700905379809866
SV_NewYork_40.7358_-73.9834.tif,10,12.981772422790527,12.96087646484375,8.707698448749033,3.5655639765987317,3.030657448543307
SV_NewYork_40.7358_-73.9834.tif,11,76.1580581665039,76.12032318115234,10.972115975098836,6.706602411591643,6.743031229873008
SV_NewYork_40.7358_-73.9834.tif,12,59.016597747802734,58.99512481689453,7.67247539338816,6.135653392519113,5.9673224601950565
SV_NewYork_40.7358_-73.9834.tif,13,37.339576721191406,36.14202880859375,7.922044942199145,9.0362340257971,8.262515115482678
SV_NewYork_40.7334_-73.9935.tif,0,55.77695846557617,55.74933624267578,11.455346827879485,5.512379924048193,6.1803746500871
SV_NewYork_40.7334_-73.9935.tif,1,69.74008178710938,69.71416473388672,9.607560038510794,10.453927720923591,9.697703952042584
SV_NewYork_40.7334_-73.9935.tif,2,54.13806915283203,54.103275299072266,7.1564667686863555,6.558299810299226,6.369025301545723
SV_NewYork_40.7334_-73.9935.tif,3,30.795406341552734,30.75093650817871,6.532848976700599,4.987051953119309,3.975322458571691
SV_NewYork_40.7334_-73.9935.tif,4,54.86717987060547,48.379180908203125,10.269432339936373,6.942963556271054,7.343082874136613
SV_NewYork_40.7334_-73.9935.tif,5,65.62981414794922,65.61812591552734,8.984122347600827,7.353521174186922,7.9057562855723695
SV_NewYork_40.7334_-73.9935.tif,6,42.439430236816406,42.41056442260742,7.851481490326496,6.763994423184162,6.412259963409242
SV_NewYork_40.7334_-73.9935.tif,7,28.46105194091797,28.42458152770996,7.998126542802061,4.696418145220047,4.209869388930596
SV_NewYork_40.7334_-73.9935.tif,8,50.355682373046875,40.32598114013672,19.432284818337205,13.304474004294882,15.034637097084586
SV_NewYork_40.7334_-73.9935.tif,9,64.78252410888672,64.74617767333984,6.3924804690747505,4.833350433595274,3.5126409408078665
SV_NewYork_40.7334_-73.9935.tif,10,51.44671630859375,51.3923225402832,7.702810372949442,3.7406576358295327,3.108553576973092
SV_NewYork_40.7334_-73.9935.tif,11,39.29657745361328,39.261329650878906,7.516856236487503,5.660317542998949,4.484996563896402
SV_NewYork_40.7334_-73.9935.tif,12,37.434139251708984,37.429718017578125,5.654015171971802,3.8792114483507367,2.826501357653994
SV_NewYork_40.7334_-73.9935.tif,13,37.704132080078125,19.71771812438965,19.891521405714546,21.446195831428696,21.06723794748021
SV_NewYork_40.7334_-73.9935.tif,15,69.62864685058594,64.4891586303711,14.414492989110485,14.391102637212054,13.675710060790706
SV_NewYork_40.7334_-73.9935.tif,16,47.87569046020508,47.86805725097656,5.023176714656789,4.64655874563004,4.040619118768644
SV_NewYork_40.7344_-73.9902.tif,0,144.93035888671875,101.39027404785156,24.39376174047414,10.201481908710246,13.559245676659852
SV_NewYork_40.7344_-73.9902.tif,1,0.0,0.0,5.329717488915966,2.874037677106175,2.0703951463705685
SV_NewYork_40.7344_-73.9902.tif,2,43.32522964477539,43.00212097167969,13.894062530796438,14.540560119563583,14.31908570676703
SV_NewYork_40.7344_-73.9902.tif,3,52.06886672973633,38.02212905883789,10.869892417234576,7.319500893310894,6.602054148015336
SV_NewYork_40.7344_-73.9902.tif,4,23.55727767944336,23.53240966796875,8.050540792297419,4.3302504459897,3.5059032394621408
SV_NewYork_40.7344_-73.9902.tif,5,22.46632957458496,22.42635726928711,7.983466128739311,4.481854529233699,4.744084277741476
SV_NewYork_40.7344_-73.9902.tif,7,87.84371948242188,87.32386779785156,10.747481238347895,6.714965669601875,7.37248398100448
SV_NewYork_40.7344_-73.9902.tif,8,0.0,0.0,4.0194748768308886,4.714252945249887,2.773694976724048
SV_NewYork_40.7344_-73.9902.tif,9,58.32589340209961,21.99224090576172,7.302316345988155,3.578483140158868,3.442366469142639
SV_NewYork_40.7387_-73.9989.tif,0,20.78600311279297,20.745399475097656,8.366225657303278,4.509089846386078,3.875705497805047
SV_NewYork_40.7387_-73.9989.tif,1,24.01288414001465,24.012008666992188,4.25986306912579,2.0,2.0
SV_NewYork_40.7387_-73.9989.tif,2,21.01868438720703,21.017498016357422,5.979967203998578,3.1554534247870922,2.0
SV_NewYork_40.7387_-73.9989.tif,3,19.11150550842285,19.108434677124023,5.082961035088998,4.219173584510531,2.996828820534269
SV_NewYork_40.7387_-73.9989.tif,4,25.013614654541016,24.900497436523438,6.322220068261413,3.4153156428226996,3.4564674399082174
SV_NewYork_40.7387_-73.9989.tif,5,27.580913543701172,27.573850631713867,9.344748776788583,4.503083270674488,4.886495899094223
SV_NewYork_40.7387_-73.9989.tif,6,55.256893157958984,55.24179458618164,11.14037067728417,5.554570304569442,6.258409829008571
SV_NewYork_40.7387_-73.9989.tif,7,17.925392150878906,17.902406692504883,9.43957916569077,6.401280201036377,6.769828013586364
SV_NewYork_40.7387_-73.9989.tif,8,0.0,0.0,6.880157338562715,4.380788718322848,5.019674541521018
SV_NewYork_40.7387_-73.9989.tif,9,0.8687971830368042,0.8687971830368042,5.663249862642911,4.054087219631393,3.84051528976385
SV_NewYork_40.7387_-73.9989.tif,10,64.51895904541016,64.49703979492188,8.04348595605978,5.081380655997597,4.557869856043814
SV_NewYork_40.7387_-73.9989.tif,11,22.397979736328125,22.378267288208008,7.7230902188228185,3.262742133442151,2.525885879777169
SV_NewYork_40.7387_-73.9989.tif,12,23.23545265197754,23.222631454467773,9.838772998648267,5.9281443904687645,6.713393438733588
SV_NewYork_40.7387_-73.9989.tif,13,22.326377868652344,21.381607055664062,12.724897260932508,5.605254642560224,6.065790828995757
SV_NewYork_40.7387_-73.9989.tif,14,40.82784652709961,40.82207107543945,5.352699905273943,3.3919780754673408,2.718995173278289
SV_NewYork_40.7387_-73.9989.tif,15,54.38623046875,54.357295989990234,8.102998645037221,5.613046825505471,5.341037593014861
SV_NewYork_40.7387_-73.9989.tif,16,46.13301086425781,46.086917877197266,10.988310821765896,7.016821112679685,7.251339021200829
SV_NewYork_40.7387_-73.9989.tif,17,69.34412384033203,69.33403015136719,5.7949660243458885,5.528299925741292,4.477835935192962
SV_NewYork_40.7387_-73.9989.tif,18,61.364593505859375,61.363243103027344,5.277371281284768,3.0376533052755885,2.1959163552334626
SV_NewYork_40.7373_-73.9989.tif,0,23.23545265197754,23.22032928466797,9.612497346251866,5.748197136219076,6.420560797728419
SV_NewYork_40.7373_-73.9989.tif,1,17.846019744873047,17.84480857849121,4.702439762481703,2.0,2.0
SV_NewYork_40.7373_-73.9989.tif,2,49.08370590209961,37.5141716003418,20.108478628553364,12.017056443233317,13.076165415840933
SV_NewYork_40.7373_-73.9989.tif,3,56.27245330810547,56.25940704345703,6.0303508994385835,4.32037271710068,3.734037239749431
SV_NewYork_40.7373_-73.9989.tif,4,34.87822723388672,34.835575103759766,8.53217416701468,7.239838253954033,6.380773149572681
SV_NewYork_40.7373_-73.9989.tif,5,27.54572105407715,27.525766372680664,5.655484286901968,4.942782995091581,4.565133970814221
SV_NewYork_40.7373_-73.9989.tif,6,25.560514450073242,24.53565216064453,8.3035519309881,5.05739878215472,4.849719222333722
SV_NewYork_40.7373_-73.9989.tif,7,28.741853713989258,28.73940086364746,3.7382317919576007,2.7153430755398453,2.0
SV_NewYork_40.7373_-73.9989.tif,8,22.749069213867188,22.739431381225586,7.198179693895802,2.0259806038140216,2.0
SV_NewYork_40.7373_-73.9989.tif,9,30.778261184692383,30.774255752563477,6.671421856974886,3.583060272802717,3.3205491747628457
SV_NewYork_40.7373_-73.9989.tif,10,20.625391006469727,20.61722183227539,6.664550090134681,2.0,2.0
SV_NewYork_40.7358_-73.9902.tif,0,45.998233795166016,45.96858215332031,10.208057777897404,4.342486550768045,5.5823126474177895
SV_NewYork_40.7358_-73.9902.tif,1,50.31612777709961,49.687835693359375,6.825444487633953,5.942629696265241,4.921855497158895
SV_NewYork_40.7358_-73.9902.tif,2,55.632049560546875,55.53351974487305,12.427994117531169,2.970736892986002,4.723340417706298
SV_NewYork_40.7358_-73.9902.tif,3,36.68878173828125,26.421676635742188,4.205832246133399,4.121212222654023,2.6989097078142628
SV_NewYork_40.7358_-73.9902.tif,4,18.66679573059082,18.64598274230957,6.913718774904002,3.269239550826571,2.574451937388636
SV_NewYork_40.7358_-73.9902.tif,5,144.93002319335938,101.30429077148438,29.367370462971166,13.467398597470106,19.042463153300528
SV_NewYork_40.7358_-73.9902.tif,6,43.14585494995117,43.031883239746094,9.368143208200209,5.136305993883575,5.555881594289818
SV_NewYork_40.7386_-73.9871.tif,0,95.74150848388672,27.47646713256836,10.003546970964498,4.362140340696547,4.434039827543133
SV_NewYork_40.7386_-73.9871.tif,1,20.422468185424805,18.701908111572266,9.042978893085547,4.403156647472736,4.431463906005633
SV_NewYork_40.7386_-73.9871.tif,2,50.61668395996094,47.62422561645508,19.67485264559908,7.794757005709714,10.299867423199245
SV_NewYork_40.7386_-73.9871.tif,3,16.439281463623047,16.424787521362305,7.187133051366473,3.356996685957892,2.4714275658239515
SV_NewYork_40.7388_-74.0089.tif,0,18.548215866088867,18.500370025634766,12.727065485001031,7.845362808162134,9.267514736564186
SV_NewYork_40.7388_-74.0089.tif,1,45.014774322509766,44.99470520019531,8.956610411057289,4.551090046414213,5.149855247823771
SV_NewYork_40.7388_-74.0089.tif,2,51.7424201965332,33.636112213134766,8.397621446715052,6.270447334871863,5.600868144525752
SV_NewYork_40.7388_-74.0089.tif,3,27.64501953125,27.639259338378906,6.588873211329989,2.047639543084392,2.0
SV_NewYork_40.7388_-74.0089.tif,4,14.964305877685547,14.96109390258789,4.025925719279397,3.4845085832041587,2.0
SV_NewYork_40.7388_-74.0089.tif,5,21.561294555664062,21.55923843383789,6.880157338562715,2.0,2.0
SV_NewYork_40.7388_-74.0089.tif,6,26.893566131591797,26.856590270996094,11.64419415954618,5.5986549703408075,6.911976969872428
SV_NewYork_40.7388_-74.0089.tif,7,21.485754013061523,21.460472106933594,7.497074552859452,5.381596553442765,4.200086703768723
SV_NewYork_40.7388_-74.0089.tif,8,30.091690063476562,27.090431213378906,11.880714481821547,9.018205257540863,8.974028969884511
SV_NewYork_40.7388_-74.0089.tif,9,15.138620376586914,15.102779388427734,4.94675606743415,3.0456374105176423,2.0
SV_NewYork_40.7388_-74.0089.tif,11,18.38372802734375,18.321361541748047,8.922989880997125,4.347788357578504,3.2451503823123318
SV_NewYork_40.7388_-74.0089.tif,12,12.792064666748047,12.78926944732666,6.802263274489527,3.1632508559265187,3.690041776366556
SV_NewYork_40.7388_-74.0089.tif,14,29.546661376953125,28.920927047729492,13.755023270833117,10.534940139373278,10.623330627521893
SV_NewYork_40.7388_-74.0089.tif,15,52.381690979003906,49.80521774291992,15.820720030866134,11.358309975820358,12.487503435833958
SV_NewYork_40.7388_-74.0089.tif,16,13.625165939331055,13.604474067687988,7.295951820729528,4.093874104865178,4.0005845827499575
SV_NewYork_40.7388_-74.0089.tif,17,31.42040252685547,31.39297103881836,8.010554181905817,4.935704230075575,4.210321574002145
SV_NewYork_40.7388_-74.0089.tif,18,12.249505043029785,12.2348051071167,5.225373331921734,4.430751913173529,2.8923239985721114
SV_NewYork_40.7388_-74.0089.tif,19,14.516963005065918,14.487168312072754,9.302295897220434,5.554384853194742,5.91715340944504
SV_NewYork_40.7344_-73.9835.tif,0,14.529495239257812,14.529407501220703,6.802263274489527,2.0,2.0520002708288505
SV_NewYork_40.7344_-73.9835.tif,1,18.068082809448242,18.067853927612305,6.136618286758266,2.4426078987495767,2.277914258116395
SV_NewYork_40.7344_-73.9835.tif,2,12.976907730102539,12.967634201049805,4.772444197476402,2.0,2.0
SV_NewYork_40.7344_-73.9835.tif,3,40.58742904663086,38.301605224609375,10.999118808454195,9.108013738031055,10.131958955069981
SV_NewYork_40.7344_-73.9835.tif,4,58.540531158447266,58.50564193725586,10.229704026547585,6.852943457677089,6.602792726911973
SV_NewYork_40.7344_-73.9835.tif,5,52.80146408081055,52.79822540283203,4.804254655076458,3.4910400263859884,2.572156111605331
SV_NewYork_40.7344_-73.9835.tif,6,52.705955505371094,50.047401428222656,8.018424230723141,5.8150833263198685,5.222126806407781
SV_NewYork_40.7344_-73.9835.tif,7,40.123756408691406,37.741817474365234,11.50816984796067,11.889955872670226,11.618549354342537
SV_NewYork_40.7344_-73.9835.tif,8,28.815521240234375,28.745779037475586,8.969493742217466,6.4769187696428645,6.420171580901167
SV_NewYork_40.7344_-73.9835.tif,9,28.267906188964844,28.247838973999023,5.6692320492754975,3.6672825600584833,2.984716563320152
SV_NewYork_40.7344_-73.9835.tif,10,28.16683006286621,28.084579467773438,13.333316101825126,8.857370835087568,9.514781798339403
SV_NewYork_40.7344_-73.9835.tif,11,42.88037872314453,38.380882263183594,10.73220821099557,16.541467721540485,16.10145421485276
SV_NewYork_40.7344_-73.9835.tif,12,22.671405792236328,22.650453567504883,4.743191629368753,2.0,2.0
SV_NewYork_40.7344_-73.9835.tif,13,22.398881912231445,22.347108840942383,6.956924528490054,5.059017289065455,4.418926116543352
SV_NewYork_40.7344_-73.9835.tif,14,42.37196731567383,39.82500457763672,13.455024281976545,16.28712162180924,15.908284666161581
SV_NewYork_40.7344_-73.9835.tif,15,25.575454711914062,25.500377655029297,13.888958219003923,8.128969867432435,8.58652841127432
SV_NewYork_40.7344_-73.9835.tif,16,37.751705169677734,37.74336242675781,6.781504876704037,8.64399064254777,8.660876196795272
SV_NewYork_40.7373_-74.0034.tif,0,63.30011749267578,63.29365539550781,3.7648934876236035,3.635848497809361,2.2147795573540883
SV_NewYork_40.7373_-74.0034.tif,2,21.705093383789062,21.704261779785156,3.508871553212236,2.0,2.0
SV_NewYork_40.7373_-74.0034.tif,3,21.68236541748047,21.56771469116211,15.674875881525939,7.260482616708478,8.16318522457216
SV_NewYork_40.7373_-74.0034.tif,4,21.69368553161621,21.692930221557617,4.837756307399552,3.5430044263834137,2.008005500180534
SV_NewYork_40.7373_-74.0034.tif,5,17.666658401489258,17.64547348022461,6.802263274489527,2.219823414297352,2.725122581819795
SV_NewYork_40.7373_-74.0034.tif,7,24.492521286010742,24.474014282226562,6.267917451481324,2.6878501707373683,2.0
SV_NewYork_40.7373_-74.0034.tif,8,14.410115242004395,14.299091339111328,5.303893268150475,2.447469613266831,2.0
SV_NewYork_40.7373_-74.0034.tif,9,12.878192901611328,12.874977111816406,5.007504953533792,2.0,2.0
SV_NewYork_40.7373_-74.0034.tif,10,42.195838928222656,42.190223693847656,6.361229121469295,3.2736195785600053,3.0288533811639002
SV_NewYork_40.7373_-74.0034.tif,11,12.858882904052734,12.856217384338379,6.172108473145358,2.0,2.0
SV_NewYork_40.7373_-74.0034.tif,12,20.067123413085938,20.06537628173828,5.902470432566807,2.0,2.0
SV_NewYork_40.7402_-74.0089.tif,0,49.292869567871094,22.157873153686523,9.427872245086391,6.364170980698519,6.7859645535204045
SV_NewYork_40.7402_-74.0089.tif,1,16.33064079284668,16.2839412689209,12.273789286550308,8.666636325572735,8.590900435611644
SV_NewYork_40.7402_-74.0089.tif,2,18.245344161987305,18.23924446105957,4.96515260160348,2.0,2.0
SV_NewYork_40.7402_-74.0089.tif,3,22.11257553100586,22.08800506591797,9.40327788940156,8.572156720827204,8.365723435653218
SV_NewYork_40.7402_-74.0089.tif,4,25.021326065063477,24.985187530517578,12.662986475085646,7.872631451051258,9.027077020933216
SV_NewYork_40.7402_-74.0089.tif,5,18.38688850402832,18.37269401550293,7.4799827654928475,5.192043718097679,4.9286352762992145
SV_NewYork_40.7402_-74.0089.tif,6,51.82862854003906,51.81724548339844,6.5225183685470185,7.052398547446376,5.743313546782485
SV_NewYork_40.7402_-74.0089.tif,7,18.447021484375,18.42793846130371,6.311156854717198,2.0,2.0
SV_NewYork_40.7402_-74.0089.tif,10,51.7414665222168,51.68415832519531,12.605231668038872,11.38767107063997,11.367536651064443
SV_NewYork_40.7402_-74.0089.tif,11,27.694896697998047,27.649709701538086,9.83429557901976,4.147163130508463,4.3683460865606305
SV_NewYork_40.7402_-74.0089.tif,12,21.61376953125,21.555152893066406,9.030004441039779,11.106788534568858,8.756136946689464
SV_NewYork_40.7402_-74.0089.tif,13,26.892784118652344,26.84246826171875,13.937332355892682,9.907319648867983,10.97208688571235
SV_NewYork_40.7402_-74.0089.tif,14,33.147735595703125,33.10649108886719,10.326383454882283,3.9809247721021475,4.780927642892127
SV_NewYork_40.7402_-74.0089.tif,15,19.77284049987793,19.759540557861328,5.687207870478943,3.54148375601386,2.4322371672669956
SV_NewYork_40.7333_-73.9798.tif,0,36.429351806640625,36.42266082763672,4.9448413048892155,2.0,2.0
SV_NewYork_40.7333_-73.9798.tif,1,41.630714416503906,38.59540939331055,10.076746557155525,12.709323501498723,12.478658392996243
SV_NewYork_40.7333_-73.9798.tif,2,45.048851013183594,41.064781188964844,17.65638724455257,16.68151073001509,17.10927650848305
SV_NewYork_40.7333_-73.9798.tif,3,40.580928802490234,38.99046325683594,6.411657200881743,2.8636008222466884,3.578200073418942
SV_NewYork_40.7333_-73.9798.tif,4,56.22501754760742,43.910675048828125,20.879152022942755,18.414375304360654,20.37296472289114
SV_NewYork_40.7333_-73.9798.tif,5,44.314781188964844,41.25395965576172,17.48606569867203,19.41512326786879,20.577207557899776
SV_NewYork_40.7333_-73.9798.tif,6,44.92440414428711,41.77458572387695,12.193861239506212,18.50800227762316,17.774223374372944
SV_NewYork_40.7333_-73.9798.tif,7,56.24441146850586,41.422237396240234,17.86158508542659,21.41924987935778,21.52940272401036
SV_NewYork_40.7333_-73.9798.tif,8,39.45219421386719,39.43986129760742,7.734640796088878,13.717451055091356,12.824391217359436
SV_NewYork_40.7333_-73.9798.tif,9,38.30121612548828,38.284725189208984,10.18748742707381,14.620570142056021,14.632614669636888
SV_NewYork_40.7333_-73.9798.tif,10,43.800025939941406,39.41073226928711,16.643922988841112,23.936111148030488,23.270960420878232
SV_NewYork_40.7333_-73.9798.tif,11,44.581634521484375,40.943260192871094,12.556845469169316,21.40989725775062,19.059067131059688
SV_NewYork_40.7333_-73.9798.tif,12,44.58206558227539,41.21424865722656,12.368741605930943,22.942642329731825,20.746222695437343
SV_NewYork_40.7333_-73.9798.tif,13,39.29023361206055,39.28179931640625,6.504796111974883,8.481306228588405,9.300683300353253
SV_NewYork_40.7401_-73.9971.tif,0,33.91071701049805,33.87189483642578,13.37687635249625,6.426490894646852,7.2477596289568496
SV_NewYork_40.7401_-73.9971.tif,1,25.253761291503906,25.221677780151367,4.681319979484689,3.268930744103397,2.0
SV_NewYork_40.7401_-73.9971.tif,3,26.372892379760742,26.28794288635254,9.916303037359912,4.926428327516758,4.487524061198456
SV_NewYork_40.7401_-73.9971.tif,4,14.382869720458984,14.379996299743652,6.260932811699356,3.654455022626598,3.0701298823234318
SV_NewYork_40.7401_-73.9971.tif,5,19.583112716674805,19.57792854309082,4.9183201623887225,2.0,2.0
SV_NewYork_40.7401_-73.9971.tif,6,0.0,0.0,6.678097030704407,3.806621084399909,3.669101959205614
SV_NewYork_40.7401_-73.9971.tif,7,21.76480484008789,21.746240615844727,7.764675440175902,5.163831630177702,4.2236705117422755
SV_NewYork_40.7401_-73.9971.tif,8,23.310192108154297,22.671905517578125,8.861254118792717,4.333984801946624,4.1748682377826105
SV_NewYork_40.7401_-73.9971.tif,9,63.73502731323242,57.573734283447266,6.595379575994978,2.6693142723266767,2.157881326624814
SV_NewYork_40.7401_-73.9971.tif,10,53.66580581665039,28.874135971069336,14.669465052364878,6.301941316581239,7.489434501225868
SV_NewYork_40.7401_-73.9971.tif,11,27.581798553466797,27.572757720947266,9.85793123586249,3.425133791634172,3.846588773348236
SV_NewYork_40.7401_-73.9971.tif,12,19.804780960083008,19.77411460876465,6.0319085307214,3.0248632241875235,2.146947126271426
SV_NewYork_40.7401_-73.9971.tif,13,24.51334571838379,24.433095932006836,7.229471980396916,2.209625974238069,2.0
SV_NewYork_40.7401_-73.9971.tif,14,31.0262508392334,26.99564552307129,5.691559951163489,3.5612011499932077,2.0924551662564905
SV_NewYork_40.7401_-73.9971.tif,15,23.062728881835938,23.059947967529297,4.876703339436146,2.137765324482025,2.0
SV_NewYork_40.7401_-73.9971.tif,16,45.19935607910156,45.1829719543457,11.653843135124175,6.245479576582364,7.056252861791255
SV_NewYork_40.7401_-73.9971.tif,17,99.97025299072266,83.07000732421875,11.894482766570787,5.073844629395778,6.169847706623193
SV_NewYork_40.7401_-73.9971.tif,18,100.48419952392578,100.40462493896484,4.232874960518901,4.120530356940414,2.8483734939409278
SV_NewYork_40.7358_-73.9816.tif,0,49.01709747314453,46.49509048461914,14.422326268394604,13.04198267863887,13.787318290472715
SV_NewYork_40.7358_-73.9816.tif,1,26.78778076171875,26.770526885986328,6.107143582257063,2.451587246877617,2.0
SV_NewYork_40.7358_-73.9816.tif,2,13.645058631896973,13.600914001464844,5.781639325535692,2.6975447735025124,2.0
SV_NewYork_40.7358_-73.9816.tif,3,48.3366584777832,47.04277801513672,14.19392466394291,14.259217861443492,15.123529677257155
SV_NewYork_40.7358_-73.9816.tif,4,18.790672302246094,18.786273956298828,6.218753264639662,2.0,2.0
SV_NewYork_40.7358_-73.9816.tif,5,43.536781311035156,43.51992416381836,9.906548669923009,13.761066173641414,13.725537356845933
SV_NewYork_40.7358_-73.9816.tif,6,42.00116729736328,39.289642333984375,17.378688135092727,17.30048983561874,17.39272169077011
SV_NewYork_40.7358_-73.9816.tif,7,41.48904800415039,40.30894088745117,10.600040304990245,14.99222939106253,14.661961313661841
SV_NewYork_40.7358_-73.9816.tif,8,12.953840255737305,12.944254875183105,5.509302773220712,2.0,2.0
SV_NewYork_40.7358_-73.9816.tif,9,41.926944732666016,38.96274185180664,11.27927372727038,11.55310659088124,11.542916913924584
SV_NewYork_40.7358_-73.9816.tif,10,41.3431510925293,37.2275390625,16.691353467590858,15.57006944283125,16.23006533621931
SV_NewYork_40.7358_-73.9816.tif,11,37.3731803894043,36.181209564208984,7.894409789047099,10.891752583843537,10.305104904800547
SV_NewYork_40.7372_-73.9834.tif,0,34.29644775390625,34.21051788330078,11.254720726590952,19.11498434100401,15.738155331678986
SV_NewYork_40.7372_-73.9834.tif,1,22.164142608642578,22.144824981689453,9.733839620519783,4.483527117439251,4.23541751853741
SV_NewYork_40.7372_-73.9834.tif,3,40.511566162109375,40.409584045410156,17.3079230634617,16.061562145850637,15.364884133664416
SV_NewYork_40.7372_-73.9834.tif,4,49.94330978393555,49.939693450927734,6.141377784311588,2.5125901724609534,2.0
SV_NewYork_40.7372_-73.9834.tif,5,21.771804809570312,19.494091033935547,8.860447542534,4.601138354805227,4.408830631896883
SV_NewYork_40.7372_-73.9834.tif,6,20.603809356689453,20.5844669342041,7.214274060838819,3.167405281027607,2.175515237679301
SV_NewYork_40.7372_-73.9834.tif,7,20.200124740600586,19.969144821166992,11.236483725599516,7.366539697109287,7.609929563535157
SV_NewYork_40.7372_-73.9834.tif,8,60.485679626464844,60.467098236083984,7.626905823744535,2.188749690005471,2.0
SV_NewYork_40.7372_-73.9834.tif,9,17.959869384765625,17.793424606323242,17.533429372984237,4.531687634711559,8.169407571835283
SV_NewYork_40.7372_-73.9834.tif,10,60.66816711425781,60.6218147277832,9.14915496494736,3.9261821608485006,3.453328181568452
SV_NewYork_40.7372_-73.9834.tif,11,26.98971176147461,26.608718872070312,23.774028839359367,11.870194590634922,15.201563102790148
SV_NewYork_40.7372_-73.9834.tif,13,21.74386978149414,18.725723266601562,10.858556640228159,6.136933240980447,6.138542293000478
SV_NewYork_40.7372_-73.9834.tif,14,21.265865325927734,21.233041763305664,11.709457269887768,8.592451821317518,8.091173025275056
SV_NewYork_40.7373_-74.0020.tif,0,25.52655792236328,25.502376556396484,8.002093285360743,5.0966271585004295,5.089147837182615
SV_NewYork_40.7373_-74.0020.tif,1,16.294940948486328,16.226953506469727,9.103121217296852,5.125696023468943,4.910586159789893
SV_NewYork_40.7373_-74.0020.tif,2,17.912755966186523,17.90013313293457,7.187490758006422,5.490940213257103,5.308133856790882
SV_NewYork_40.7373_-74.0020.tif,3,23.336143493652344,23.315237045288086,11.980834652647822,6.23884813758551,6.8366628316301865
SV_NewYork_40.7373_-74.0020.tif,4,46.23006057739258,37.74474334716797,5.688819959416972,3.6440090258716946,3.227240462075736
SV_NewYork_40.7373_-74.0020.tif,5,11.657548904418945,11.61698055267334,9.248772866430244,3.9904942003221384,3.691847663884184
