tile_id,city,split,rgb_path,dsm_path,train_arm_a
SV_Barcelona_41.3925_2.1498.tif,Barcelona,train,rgb/SV_Barcelona_41.3925_2.1498.tif,dsm/SV_Barcelona_41.3925_2.1498.tif,yes
SV_Barcelona_41.3787_2.1564.tif,Barcelona,train,rgb/SV_Barcelona_41.3787_2.1564.tif,dsm/SV_Barcelona_41.3787_2.1564.tif,yes
SV_Barcelona_41.3863_2.1462.tif,Barcelona,train,rgb/SV_Barcelona_41.3863_2.1462.tif,dsm/SV_Barcelona_41.3863_2.1462.tif,yes
SV_Barcelona_41.3953_2.1531.tif,Barcelona,train,rgb/SV_Barcelona_41.3953_2.1531.tif,dsm/SV_Barcelona_41.3953_2.1531.tif,yes
SV_Barcelona_41.3900_2.1443.tif,Barcelona,train,rgb/SV_Barcelona_41.3900_2.1443.tif,dsm/SV_Barcelona_41.3900_2.1443.tif,yes
SV_Barcelona_41.3821_2.1533.tif,Barcelona,train,rgb/SV_Barcelona_41.3821_2.1533.tif,dsm/SV_Barcelona_41.3821_2.1533.tif,yes
SV_Barcelona_41.3821_2.1519.tif,Barcelona,train,rgb/SV_Barcelona_41.3821_2.1519.tif,dsm/SV_Barcelona_41.3821_2.1519.tif,yes
SV_Barcelona_41.3849_2.1462.tif,Barcelona,train,rgb/SV_Barcelona_41.3849_2.1462.tif,dsm/SV_Barcelona_41.3849_2.1462.tif,yes
SV_Barcelona_41.3810_2.1481.tif,Barcelona,train,rgb/SV_Barcelona_41.3810_2.1481.tif,dsm/SV_Barcelona_41.3810_2.1481.tif,yes
SV_Barcelona_41.3924_2.1443.tif,Barcelona,train,rgb/SV_Barcelona_41.3924_2.1443.tif,dsm/SV_Barcelona_41.3924_2.1443.tif,yes
SV_Barcelona_41.3820_2.1463.tif,Barcelona,train,rgb/SV_Barcelona_41.3820_2.1463.tif,dsm/SV_Barcelona_41.3820_2.1463.tif,yes
SV_Barcelona_41.3911_2.1499.tif,Barcelona,train,rgb/SV_Barcelona_41.3911_2.1499.tif,dsm/SV_Barcelona_41.3911_2.1499.tif,yes
SV_Barcelona_41.3910_2.1443.tif,Barcelona,train,rgb/SV_Barcelona_41.3910_2.1443.tif,dsm/SV_Barcelona_41.3910_2.1443.tif,yes
SV_Barcelona_41.3939_2.1531.tif,Barcelona,train,rgb/SV_Barcelona_41.3939_2.1531.tif,dsm/SV_Barcelona_41.3939_2.1531.tif,yes
SV_Barcelona_41.3810_2.1463.tif,Barcelona,train,rgb/SV_Barcelona_41.3810_2.1463.tif,dsm/SV_Barcelona_41.3810_2.1463.tif,yes
SV_Barcelona_41.3835_2.1481.tif,Barcelona,train,rgb/SV_Barcelona_41.3835_2.1481.tif,dsm/SV_Barcelona_41.3835_2.1481.tif,yes
SV_Barcelona_41.3835_2.1533.tif,Barcelona,train,rgb/SV_Barcelona_41.3835_2.1533.tif,dsm/SV_Barcelona_41.3835_2.1533.tif,yes
SV_Barcelona_41.3773_2.1482.tif,Barcelona,train,rgb/SV_Barcelona_41.3773_2.1482.tif,dsm/SV_Barcelona_41.3773_2.1482.tif,yes
SV_Barcelona_41.3835_2.1500.tif,Barcelona,train,rgb/SV_Barcelona_41.3835_2.1500.tif,dsm/SV_Barcelona_41.3835_2.1500.tif,yes
SV_Barcelona_41.3834_2.1462.tif,Barcelona,train,rgb/SV_Barcelona_41.3834_2.1462.tif,dsm/SV_Barcelona_41.3834_2.1462.tif,yes
SV_Barcelona_41.3967_2.1498.tif,Barcelona,train,rgb/SV_Barcelona_41.3967_2.1498.tif,dsm/SV_Barcelona_41.3967_2.1498.tif,yes
SV_Barcelona_41.3967_2.1517.tif,Barcelona,train,rgb/SV_Barcelona_41.3967_2.1517.tif,dsm/SV_Barcelona_41.3967_2.1517.tif,yes
SV_Barcelona_41.3967_2.1479.tif,Barcelona,train,rgb/SV_Barcelona_41.3967_2.1479.tif,dsm/SV_Barcelona_41.3967_2.1479.tif,yes
SV_Barcelona_41.3938_2.1442.tif,Barcelona,train,rgb/SV_Barcelona_41.3938_2.1442.tif,dsm/SV_Barcelona_41.3938_2.1442.tif,yes
SV_Barcelona_41.3953_2.1479.tif,Barcelona,train,rgb/SV_Barcelona_41.3953_2.1479.tif,dsm/SV_Barcelona_41.3953_2.1479.tif,yes
SV_Barcelona_41.3876_2.1443.tif,Barcelona,train,rgb/SV_Barcelona_41.3876_2.1443.tif,dsm/SV_Barcelona_41.3876_2.1443.tif,yes
SV_Barcelona_41.3773_2.1463.tif,Barcelona,train,rgb/SV_Barcelona_41.3773_2.1463.tif,dsm/SV_Barcelona_41.3773_2.1463.tif,yes
SV_Barcelona_41.3925_2.1517.tif,Barcelona,train,rgb/SV_Barcelona_41.3925_2.1517.tif,dsm/SV_Barcelona_41.3925_2.1517.tif,yes
SV_Barcelona_41.3877_2.1532.tif,Barcelona,train,rgb/SV_Barcelona_41.3877_2.1532.tif,dsm/SV_Barcelona_41.3877_2.1532.tif,yes
SV_Barcelona_41.3848_2.1444.tif,Barcelona,train,rgb/SV_Barcelona_41.3848_2.1444.tif,dsm/SV_Barcelona_41.3848_2.1444.tif,yes
SV_Barcelona_41.3810_2.1519.tif,Barcelona,train,rgb/SV_Barcelona_41.3810_2.1519.tif,dsm/SV_Barcelona_41.3810_2.1519.tif,yes
SV_Barcelona_41.3863_2.1499.tif,Barcelona,train,rgb/SV_Barcelona_41.3863_2.1499.tif,dsm/SV_Barcelona_41.3863_2.1499.tif,yes
SV_Barcelona_41.3863_2.1481.tif,Barcelona,train,rgb/SV_Barcelona_41.3863_2.1481.tif,dsm/SV_Barcelona_41.3863_2.1481.tif,yes
SV_Barcelona_41.3910_2.1461.tif,Barcelona,train,rgb/SV_Barcelona_41.3910_2.1461.tif,dsm/SV_Barcelona_41.3910_2.1461.tif,yes
SV_Barcelona_41.3911_2.1480.tif,Barcelona,train,rgb/SV_Barcelona_41.3911_2.1480.tif,dsm/SV_Barcelona_41.3911_2.1480.tif,yes
SV_Barcelona_41.3900_2.1532.tif,Barcelona,train,rgb/SV_Barcelona_41.3900_2.1532.tif,dsm/SV_Barcelona_41.3900_2.1532.tif,yes
SV_Barcelona_41.3939_2.1480.tif,Barcelona,train,rgb/SV_Barcelona_41.3939_2.1480.tif,dsm/SV_Barcelona_41.3939_2.1480.tif,yes
SV_Barcelona_41.3849_2.1518.tif,Barcelona,train,rgb/SV_Barcelona_41.3849_2.1518.tif,dsm/SV_Barcelona_41.3849_2.1518.tif,yes
SV_Barcelona_41.3953_2.1461.tif,Barcelona,train,rgb/SV_Barcelona_41.3953_2.1461.tif,dsm/SV_Barcelona_41.3953_2.1461.tif,yes
SV_Barcelona_41.3835_2.1518.tif,Barcelona,train,rgb/SV_Barcelona_41.3835_2.1518.tif,dsm/SV_Barcelona_41.3835_2.1518.tif,yes
SV_Barcelona_41.3788_2.1599.tif,Barcelona,train,rgb/SV_Barcelona_41.3788_2.1599.tif,dsm/SV_Barcelona_41.3788_2.1599.tif,yes
SV_Barcelona_41.3877_2.1462.tif,Barcelona,train,rgb/SV_Barcelona_41.3877_2.1462.tif,dsm/SV_Barcelona_41.3877_2.1462.tif,yes
SV_Barcelona_41.3849_2.1481.tif,Barcelona,train,rgb/SV_Barcelona_41.3849_2.1481.tif,dsm/SV_Barcelona_41.3849_2.1481.tif,yes
SV_Barcelona_41.3900_2.1480.tif,Barcelona,train,rgb/SV_Barcelona_41.3900_2.1480.tif,dsm/SV_Barcelona_41.3900_2.1480.tif,yes
SV_Barcelona_41.3967_2.1531.tif,Barcelona,train,rgb/SV_Barcelona_41.3967_2.1531.tif,dsm/SV_Barcelona_41.3967_2.1531.tif,yes
SV_Barcelona_41.3939_2.1461.tif,Barcelona,train,rgb/SV_Barcelona_41.3939_2.1461.tif,dsm/SV_Barcelona_41.3939_2.1461.tif,yes
SV_Barcelona_41.3810_2.1533.tif,Barcelona,train,rgb/SV_Barcelona_41.3810_2.1533.tif,dsm/SV_Barcelona_41.3810_2.1533.tif,yes
SV_Barcelona_41.3911_2.1517.tif,Barcelona,train,rgb/SV_Barcelona_41.3911_2.1517.tif,dsm/SV_Barcelona_41.3911_2.1517.tif,yes
SV_Barcelona_41.3810_2.1500.tif,Barcelona,train,rgb/SV_Barcelona_41.3810_2.1500.tif,dsm/SV_Barcelona_41.3810_2.1500.tif,yes
SV_Barcelona_41.3834_2.1444.tif,Barcelona,train,rgb/SV_Barcelona_41.3834_2.1444.tif,dsm/SV_Barcelona_41.3834_2.1444.tif,yes
SV_Barcelona_41.3820_2.1444.tif,Barcelona,train,rgb/SV_Barcelona_41.3820_2.1444.tif,dsm/SV_Barcelona_41.3820_2.1444.tif,no
SV_Barcelona_41.3787_2.1583.tif,Barcelona,train,rgb/SV_Barcelona_41.3787_2.1583.tif,dsm/SV_Barcelona_41.3787_2.1583.tif,no
SV_Barcelona_41.3877_2.1518.tif,Barcelona,train,rgb/SV_Barcelona_41.3877_2.1518.tif,dsm/SV_Barcelona_41.3877_2.1518.tif,no
SV_Barcelona_41.3862_2.1443.tif,Barcelona,train,rgb/SV_Barcelona_41.3862_2.1443.tif,dsm/SV_Barcelona_41.3862_2.1443.tif,no
SV_Barcelona_41.3787_2.1500.tif,Barcelona,train,rgb/SV_Barcelona_41.3787_2.1500.tif,dsm/SV_Barcelona_41.3787_2.1500.tif,no
SV_Barcelona_41.3774_2.1599.tif,Barcelona,train,rgb/SV_Barcelona_41.3774_2.1599.tif,dsm/SV_Barcelona_41.3774_2.1599.tif,no
SV_Barcelona_41.3939_2.1498.tif,Barcelona,train,rgb/SV_Barcelona_41.3939_2.1498.tif,dsm/SV_Barcelona_41.3939_2.1498.tif,no
SV_Barcelona_41.3821_2.1481.tif,Barcelona,train,rgb/SV_Barcelona_41.3821_2.1481.tif,dsm/SV_Barcelona_41.3821_2.1481.tif,no
SV_Barcelona_41.3849_2.1499.tif,Barcelona,train,rgb/SV_Barcelona_41.3849_2.1499.tif,dsm/SV_Barcelona_41.3849_2.1499.tif,no
SV_Barcelona_41.3953_2.1498.tif,Barcelona,train,rgb/SV_Barcelona_41.3953_2.1498.tif,dsm/SV_Barcelona_41.3953_2.1498.tif,no
SV_Barcelona_41.3787_2.1533.tif,Barcelona,train,rgb/SV_Barcelona_41.3787_2.1533.tif,dsm/SV_Barcelona_41.3787_2.1533.tif,no
SV_Barcelona_41.3774_2.1564.tif,Barcelona,train,rgb/SV_Barcelona_41.3774_2.1564.tif,dsm/SV_Barcelona_41.3774_2.1564.tif,no
SV_Barcelona_41.3786_2.1444.tif,Barcelona,train,rgb/SV_Barcelona_41.3786_2.1444.tif,dsm/SV_Barcelona_41.3786_2.1444.tif,no
SV_Barcelona_41.3809_2.1444.tif,Barcelona,train,rgb/SV_Barcelona_41.3809_2.1444.tif,dsm/SV_Barcelona_41.3809_2.1444.tif,no
SV_Barcelona_41.3953_2.1517.tif,Barcelona,train,rgb/SV_Barcelona_41.3953_2.1517.tif,dsm/SV_Barcelona_41.3953_2.1517.tif,no
SV_Barcelona_41.3863_2.1532.tif,Barcelona,train,rgb/SV_Barcelona_41.3863_2.1532.tif,dsm/SV_Barcelona_41.3863_2.1532.tif,no
SV_Barcelona_41.3863_2.1518.tif,Barcelona,train,rgb/SV_Barcelona_41.3863_2.1518.tif,dsm/SV_Barcelona_41.3863_2.1518.tif,no
SV_Barcelona_41.3939_2.1517.tif,Barcelona,train,rgb/SV_Barcelona_41.3939_2.1517.tif,dsm/SV_Barcelona_41.3939_2.1517.tif,no
SV_Barcelona_41.3787_2.1482.tif,Barcelona,train,rgb/SV_Barcelona_41.3787_2.1482.tif,dsm/SV_Barcelona_41.3787_2.1482.tif,no
SV_Barcelona_41.3821_2.1500.tif,Barcelona,train,rgb/SV_Barcelona_41.3821_2.1500.tif,dsm/SV_Barcelona_41.3821_2.1500.tif,no
SV_Barcelona_41.3911_2.1532.tif,Barcelona,train,rgb/SV_Barcelona_41.3911_2.1532.tif,dsm/SV_Barcelona_41.3911_2.1532.tif,no
SV_Barcelona_41.3925_2.1532.tif,Barcelona,train,rgb/SV_Barcelona_41.3925_2.1532.tif,dsm/SV_Barcelona_41.3925_2.1532.tif,no
SV_Barcelona_41.3900_2.1499.tif,Barcelona,train,rgb/SV_Barcelona_41.3900_2.1499.tif,dsm/SV_Barcelona_41.3900_2.1499.tif,no
SV_Barcelona_41.3967_2.1442.tif,Barcelona,train,rgb/SV_Barcelona_41.3967_2.1442.tif,dsm/SV_Barcelona_41.3967_2.1442.tif,no
SV_Barcelona_41.3849_2.1532.tif,Barcelona,train,rgb/SV_Barcelona_41.3849_2.1532.tif,dsm/SV_Barcelona_41.3849_2.1532.tif,no
SV_Barcelona_41.3787_2.1463.tif,Barcelona,train,rgb/SV_Barcelona_41.3787_2.1463.tif,dsm/SV_Barcelona_41.3787_2.1463.tif,no
SV_Barcelona_41.3900_2.1517.tif,Barcelona,train,rgb/SV_Barcelona_41.3900_2.1517.tif,dsm/SV_Barcelona_41.3900_2.1517.tif,no
SV_Barcelona_41.3900_2.1462.tif,Barcelona,train,rgb/SV_Barcelona_41.3900_2.1462.tif,dsm/SV_Barcelona_41.3900_2.1462.tif,no
SV_Barcelona_41.3953_2.1442.tif,Barcelona,train,rgb/SV_Barcelona_41.3953_2.1442.tif,dsm/SV_Barcelona_41.3953_2.1442.tif,no
SV_Barcelona_41.3774_2.1533.tif,Barcelona,train,rgb/SV_Barcelona_41.3774_2.1533.tif,dsm/SV_Barcelona_41.3774_2.1533.tif,no
SV_Barcelona_41.3773_2.1445.tif,Barcelona,train,rgb/SV_Barcelona_41.3773_2.1445.tif,dsm/SV_Barcelona_41.3773_2.1445.tif,no
SV_Barcelona_41.3967_2.1461.tif,Barcelona,train,rgb/SV_Barcelona_41.3967_2.1461.tif,dsm/SV_Barcelona_41.3967_2.1461.tif,no
SV_Barcelona_41.3774_2.1519.tif,Barcelona,train,rgb/SV_Barcelona_41.3774_2.1519.tif,dsm/SV_Barcelona_41.3774_2.1519.tif,no
SV_Barcelona_41.3877_2.1480.tif,Barcelona,train,rgb/SV_Barcelona_41.3877_2.1480.tif,dsm/SV_Barcelona_41.3877_2.1480.tif,no
SV_Barcelona_41.3925_2.1461.tif,Barcelona,train,rgb/SV_Barcelona_41.3925_2.1461.tif,dsm/SV_Barcelona_41.3925_2.1461.tif,no
SV_Barcelona_41.3877_2.1499.tif,Barcelona,train,rgb/SV_Barcelona_41.3877_2.1499.tif,dsm/SV_Barcelona_41.3877_2.1499.tif,no
SV_Barcelona_41.3774_2.1583.tif,Barcelona,train,rgb/SV_Barcelona_41.3774_2.1583.tif,dsm/SV_Barcelona_41.3774_2.1583.tif,no
SV_Barcelona_41.3774_2.1500.tif,Barcelona,train,rgb/SV_Barcelona_41.3774_2.1500.tif,dsm/SV_Barcelona_41.3774_2.1500.tif,no
SV_Barcelona_41.3925_2.1480.tif,Barcelona,train,rgb/SV_Barcelona_41.3925_2.1480.tif,dsm/SV_Barcelona_41.3925_2.1480.tif,no
SV_Barcelona_41.3787_2.1519.tif,Barcelona,train,rgb/SV_Barcelona_41.3787_2.1519.tif,dsm/SV_Barcelona_41.3787_2.1519.tif,no
SV_Berlin_52.5317_13.4851.tif,Berlin,train,rgb/SV_Berlin_52.5317_13.4851.tif,dsm/SV_Berlin_52.5317_13.4851.tif,yes
SV_Berlin_52.5415_13.4359.tif,Berlin,train,rgb/SV_Berlin_52.5415_13.4359.tif,dsm/SV_Berlin_52.5415_13.4359.tif,yes
SV_Berlin_52.5096_13.4825.tif,Berlin,train,rgb/SV_Berlin_52.5096_13.4825.tif,dsm/SV_Berlin_52.5096_13.4825.tif,yes
SV_Berlin_52.5056_13.4951.tif,Berlin,train,rgb/SV_Berlin_52.5056_13.4951.tif,dsm/SV_Berlin_52.5056_13.4951.tif,yes
SV_Berlin_52.5040_13.4361.tif,Berlin,train,rgb/SV_Berlin_52.5040_13.4361.tif,dsm/SV_Berlin_52.5040_13.4361.tif,yes
SV_Berlin_52.5054_13.4867.tif,Berlin,train,rgb/SV_Berlin_52.5054_13.4867.tif,dsm/SV_Berlin_52.5054_13.4867.tif,yes
SV_Berlin_52.5046_13.5053.tif,Berlin,train,rgb/SV_Berlin_52.5046_13.5053.tif,dsm/SV_Berlin_52.5046_13.5053.tif,yes
SV_Berlin_52.5109_13.4779.tif,Berlin,train,rgb/SV_Berlin_52.5109_13.4779.tif,dsm/SV_Berlin_52.5109_13.4779.tif,yes
SV_Berlin_52.5362_13.4577.tif,Berlin,train,rgb/SV_Berlin_52.5362_13.4577.tif,dsm/SV_Berlin_52.5362_13.4577.tif,yes
SV_Berlin_52.4933_13.5057.tif,Berlin,train,rgb/SV_Berlin_52.4933_13.5057.tif,dsm/SV_Berlin_52.4933_13.5057.tif,yes
SV_Berlin_52.5286_13.4557.tif,Berlin,train,rgb/SV_Berlin_52.5286_13.4557.tif,dsm/SV_Berlin_52.5286_13.4557.tif,yes
SV_Berlin_52.5266_13.4954.tif,Berlin,train,rgb/SV_Berlin_52.5266_13.4954.tif,dsm/SV_Berlin_52.5266_13.4954.tif,yes
SV_Berlin_52.5067_13.4291.tif,Berlin,train,rgb/SV_Berlin_52.5067_13.4291.tif,dsm/SV_Berlin_52.5067_13.4291.tif,yes
SV_Berlin_52.4977_13.4317.tif,Berlin,train,rgb/SV_Berlin_52.4977_13.4317.tif,dsm/SV_Berlin_52.4977_13.4317.tif,yes
SV_Berlin_52.4993_13.4907.tif,Berlin,train,rgb/SV_Berlin_52.4993_13.4907.tif,dsm/SV_Berlin_52.4993_13.4907.tif,yes
SV_Berlin_52.4917_13.4910.tif,Berlin,train,rgb/SV_Berlin_52.4917_13.4910.tif,dsm/SV_Berlin_52.4917_13.4910.tif,yes
SV_Berlin_52.5225_13.4623.tif,Berlin,train,rgb/SV_Berlin_52.5225_13.4623.tif,dsm/SV_Berlin_52.5225_13.4623.tif,yes
SV_Berlin_52.5096_13.4359.tif,Berlin,train,rgb/SV_Berlin_52.5096_13.4359.tif,dsm/SV_Berlin_52.5096_13.4359.tif,yes
SV_Berlin_52.5306_13.5021.tif,Berlin,train,rgb/SV_Berlin_52.5306_13.5021.tif,dsm/SV_Berlin_52.5306_13.5021.tif,yes
SV_Berlin_52.5418_13.4598.tif,Berlin,train,rgb/SV_Berlin_52.5418_13.4598.tif,dsm/SV_Berlin_52.5418_13.4598.tif,yes
SV_Berlin_52.5021_13.4906.tif,Berlin,train,rgb/SV_Berlin_52.5021_13.4906.tif,dsm/SV_Berlin_52.5021_13.4906.tif,yes
SV_Berlin_52.5349_13.4430.tif,Berlin,train,rgb/SV_Berlin_52.5349_13.4430.tif,dsm/SV_Berlin_52.5349_13.4430.tif,yes
SV_Berlin_52.5008_13.4953.tif,Berlin,train,rgb/SV_Berlin_52.5008_13.4953.tif,dsm/SV_Berlin_52.5008_13.4953.tif,yes
SV_Berlin_52.5320_13.5062.tif,Berlin,train,rgb/SV_Berlin_52.5320_13.5062.tif,dsm/SV_Berlin_52.5320_13.5062.tif,yes
SV_Berlin_52.5300_13.4579.tif,Berlin,train,rgb/SV_Berlin_52.5300_13.4579.tif,dsm/SV_Berlin_52.5300_13.4579.tif,yes
SV_Berlin_52.4939_13.4341.tif,Berlin,train,rgb/SV_Berlin_52.4939_13.4341.tif,dsm/SV_Berlin_52.4939_13.4341.tif,yes
SV_Berlin_52.5393_13.4848.tif,Berlin,train,rgb/SV_Berlin_52.5393_13.4848.tif,dsm/SV_Berlin_52.5393_13.4848.tif,yes
SV_Berlin_52.5054_13.4401.tif,Berlin,train,rgb/SV_Berlin_52.5054_13.4401.tif,dsm/SV_Berlin_52.5054_13.4401.tif,yes
SV_Berlin_52.5408_13.4870.tif,Berlin,train,rgb/SV_Berlin_52.5408_13.4870.tif,dsm/SV_Berlin_52.5408_13.4870.tif,yes
SV_Berlin_52.5305_13.4975.tif,Berlin,train,rgb/SV_Berlin_52.5305_13.4975.tif,dsm/SV_Berlin_52.5305_13.4975.tif,yes
SV_Berlin_52.4901_13.5020.tif,Berlin,train,rgb/SV_Berlin_52.4901_13.5020.tif,dsm/SV_Berlin_52.4901_13.5020.tif,yes
SV_Berlin_52.5292_13.5063.tif,Berlin,train,rgb/SV_Berlin_52.5292_13.5063.tif,dsm/SV_Berlin_52.5292_13.5063.tif,yes
SV_Berlin_52.4900_13.4956.tif,Berlin,train,rgb/SV_Berlin_52.4900_13.4956.tif,dsm/SV_Berlin_52.4900_13.4956.tif,yes
SV_Berlin_52.5084_13.4973.tif,Berlin,train,rgb/SV_Berlin_52.5084_13.4973.tif,dsm/SV_Berlin_52.5084_13.4973.tif,yes
SV_Berlin_52.5172_13.4800.tif,Berlin,train,rgb/SV_Berlin_52.5172_13.4800.tif,dsm/SV_Berlin_52.5172_13.4800.tif,yes
SV_Berlin_52.5067_13.4757.tif,Berlin,train,rgb/SV_Berlin_52.5067_13.4757.tif,dsm/SV_Berlin_52.5067_13.4757.tif,yes
SV_Berlin_52.5403_13.4553.tif,Berlin,train,rgb/SV_Berlin_52.5403_13.4553.tif,dsm/SV_Berlin_52.5403_13.4553.tif,yes
SV_Berlin_52.4918_13.4956.tif,Berlin,train,rgb/SV_Berlin_52.4918_13.4956.tif,dsm/SV_Berlin_52.4918_13.4956.tif,yes
SV_Berlin_52.4934_13.5089.tif,Berlin,train,rgb/SV_Berlin_52.4934_13.5089.tif,dsm/SV_Berlin_52.4934_13.5089.tif,yes
SV_Berlin_52.5046_13.5015.tif,Berlin,train,rgb/SV_Berlin_52.5046_13.5015.tif,dsm/SV_Berlin_52.5046_13.5015.tif,yes
SV_Berlin_52.4917_13.4443.tif,Berlin,train,rgb/SV_Berlin_52.4917_13.4443.tif,dsm/SV_Berlin_52.4917_13.4443.tif,yes
SV_Berlin_52.5299_13.4510.tif,Berlin,train,rgb/SV_Berlin_52.5299_13.4510.tif,dsm/SV_Berlin_52.5299_13.4510.tif,yes
SV_Berlin_52.5186_13.4822.tif,Berlin,train,rgb/SV_Berlin_52.5186_13.4822.tif,dsm/SV_Berlin_52.5186_13.4822.tif,yes
SV_Berlin_52.5388_13.4469.tif,Berlin,train,rgb/SV_Berlin_52.5388_13.4469.tif,dsm/SV_Berlin_52.5388_13.4469.tif,yes
SV_Berlin_52.5393_13.4802.tif,Berlin,train,rgb/SV_Berlin_52.5393_13.4802.tif,dsm/SV_Berlin_52.5393_13.4802.tif,yes
SV_Berlin_52.4900_13.4461.tif,Berlin,train,rgb/SV_Berlin_52.4900_13.4461.tif,dsm/SV_Berlin_52.4900_13.4461.tif,yes
SV_Berlin_52.5317_13.4805.tif,Berlin,train,rgb/SV_Berlin_52.5317_13.4805.tif,dsm/SV_Berlin_52.5317_13.4805.tif,yes
SV_Berlin_52.5366_13.4872.tif,Berlin,train,rgb/SV_Berlin_52.5366_13.4872.tif,dsm/SV_Berlin_52.5366_13.4872.tif,yes
SV_Berlin_52.4981_13.5055.tif,Berlin,train,rgb/SV_Berlin_52.4981_13.5055.tif,dsm/SV_Berlin_52.4981_13.5055.tif,yes
SV_Berlin_52.5045_13.4974.tif,Berlin,train,rgb/SV_Berlin_52.5045_13.4974.tif,dsm/SV_Berlin_52.5045_13.4974.tif,yes
SV_Berlin_52.5291_13.4976.tif,Berlin,train,rgb/SV_Berlin_52.5291_13.4976.tif,dsm/SV_Berlin_52.5291_13.4976.tif,no
SV_Berlin_52.4966_13.4954.tif,Berlin,train,rgb/SV_Berlin_52.4966_13.4954.tif,dsm/SV_Berlin_52.4966_13.4954.tif,no
SV_Berlin_52.4966_13.5018.tif,Berlin,train,rgb/SV_Berlin_52.4966_13.5018.tif,dsm/SV_Berlin_52.4966_13.5018.tif,no
SV_Berlin_52.5238_13.4581.tif,Berlin,train,rgb/SV_Berlin_52.5238_13.4581.tif,dsm/SV_Berlin_52.5238_13.4581.tif,no
SV_Berlin_52.5291_13.4953.tif,Berlin,train,rgb/SV_Berlin_52.5291_13.4953.tif,dsm/SV_Berlin_52.5291_13.4953.tif,no
SV_Berlin_52.5225_13.4729.tif,Berlin,train,rgb/SV_Berlin_52.5225_13.4729.tif,dsm/SV_Berlin_52.5225_13.4729.tif,no
SV_Berlin_52.5158_13.4864.tif,Berlin,train,rgb/SV_Berlin_52.5158_13.4864.tif,dsm/SV_Berlin_52.5158_13.4864.tif,no
SV_Berlin_52.5006_13.4402.tif,Berlin,train,rgb/SV_Berlin_52.5006_13.4402.tif,dsm/SV_Berlin_52.5006_13.4402.tif,no
SV_Berlin_52.5081_13.4780.tif,Berlin,train,rgb/SV_Berlin_52.5081_13.4780.tif,dsm/SV_Berlin_52.5081_13.4780.tif,no
SV_Berlin_52.5401_13.4359.tif,Berlin,train,rgb/SV_Berlin_52.5401_13.4359.tif,dsm/SV_Berlin_52.5401_13.4359.tif,no
SV_Berlin_52.5333_13.4974.tif,Berlin,train,rgb/SV_Berlin_52.5333_13.4974.tif,dsm/SV_Berlin_52.5333_13.4974.tif,no
SV_Berlin_52.5082_13.4382.tif,Berlin,train,rgb/SV_Berlin_52.5082_13.4382.tif,dsm/SV_Berlin_52.5082_13.4382.tif,no
SV_Berlin_52.5380_13.4894.tif,Berlin,train,rgb/SV_Berlin_52.5380_13.4894.tif,dsm/SV_Berlin_52.5380_13.4894.tif,no
SV_Berlin_52.5068_13.4867.tif,Berlin,train,rgb/SV_Berlin_52.5068_13.4867.tif,dsm/SV_Berlin_52.5068_13.4867.tif,no
SV_Berlin_52.5240_13.4729.tif,Berlin,train,rgb/SV_Berlin_52.5240_13.4729.tif,dsm/SV_Berlin_52.5240_13.4729.tif,no
SV_Berlin_52.5303_13.4851.tif,Berlin,train,rgb/SV_Berlin_52.5303_13.4851.tif,dsm/SV_Berlin_52.5303_13.4851.tif,no
SV_Berlin_52.4939_13.4405.tif,Berlin,train,rgb/SV_Berlin_52.4939_13.4405.tif,dsm/SV_Berlin_52.4939_13.4405.tif,no
SV_Berlin_52.5355_13.4913.tif,Berlin,train,rgb/SV_Berlin_52.5355_13.4913.tif,dsm/SV_Berlin_52.5355_13.4913.tif,no
SV_Berlin_52.5266_13.5000.tif,Berlin,train,rgb/SV_Berlin_52.5266_13.5000.tif,dsm/SV_Berlin_52.5266_13.5000.tif,no
SV_Berlin_52.5299_13.4533.tif,Berlin,train,rgb/SV_Berlin_52.5299_13.4533.tif,dsm/SV_Berlin_52.5299_13.4533.tif,no
SV_Berlin_52.5069_13.4928.tif,Berlin,train,rgb/SV_Berlin_52.5069_13.4928.tif,dsm/SV_Berlin_52.5069_13.4928.tif,no
SV_Berlin_52.5387_13.4383.tif,Berlin,train,rgb/SV_Berlin_52.5387_13.4383.tif,dsm/SV_Berlin_52.5387_13.4383.tif,no
SV_Berlin_52.5071_13.5052.tif,Berlin,train,rgb/SV_Berlin_52.5071_13.5052.tif,dsm/SV_Berlin_52.5071_13.5052.tif,no
SV_Berlin_52.5261_13.4581.tif,Berlin,train,rgb/SV_Berlin_52.5261_13.4581.tif,dsm/SV_Berlin_52.5261_13.4581.tif,no
SV_Berlin_52.4903_13.4444.tif,Berlin,train,rgb/SV_Berlin_52.4903_13.4444.tif,dsm/SV_Berlin_52.4903_13.4444.tif,no
SV_Berlin_52.5265_13.4852.tif,Berlin,train,rgb/SV_Berlin_52.5265_13.4852.tif,dsm/SV_Berlin_52.5265_13.4852.tif,no
SV_Berlin_52.5238_13.4558.tif,Berlin,train,rgb/SV_Berlin_52.5238_13.4558.tif,dsm/SV_Berlin_52.5238_13.4558.tif,no
SV_Berlin_52.4980_13.4954.tif,Berlin,train,rgb/SV_Berlin_52.4980_13.4954.tif,dsm/SV_Berlin_52.4980_13.4954.tif,no
SV_Berlin_52.5359_13.4384.tif,Berlin,train,rgb/SV_Berlin_52.5359_13.4384.tif,dsm/SV_Berlin_52.5359_13.4384.tif,no
SV_Berlin_52.4938_13.4318.tif,Berlin,train,rgb/SV_Berlin_52.4938_13.4318.tif,dsm/SV_Berlin_52.4938_13.4318.tif,no
SV_Berlin_52.5081_13.4313.tif,Berlin,train,rgb/SV_Berlin_52.5081_13.4313.tif,dsm/SV_Berlin_52.5081_13.4313.tif,no
SV_Berlin_52.4950_13.4387.tif,Berlin,train,rgb/SV_Berlin_52.4950_13.4387.tif,dsm/SV_Berlin_52.4950_13.4387.tif,no
SV_Berlin_52.5407_13.4824.tif,Berlin,train,rgb/SV_Berlin_52.5407_13.4824.tif,dsm/SV_Berlin_52.5407_13.4824.tif,no
SV_Berlin_52.4918_13.4979.tif,Berlin,train,rgb/SV_Berlin_52.4918_13.4979.tif,dsm/SV_Berlin_52.4918_13.4979.tif,no
SV_Berlin_52.5098_13.5013.tif,Berlin,train,rgb/SV_Berlin_52.5098_13.5013.tif,dsm/SV_Berlin_52.5098_13.5013.tif,no
SV_Berlin_52.5360_13.4430.tif,Berlin,train,rgb/SV_Berlin_52.5360_13.4430.tif,dsm/SV_Berlin_52.5360_13.4430.tif,no
SV_Berlin_52.4902_13.5090.tif,Berlin,train,rgb/SV_Berlin_52.4902_13.5090.tif,dsm/SV_Berlin_52.4902_13.5090.tif,no
SV_Berlin_52.4994_13.4953.tif,Berlin,train,rgb/SV_Berlin_52.4994_13.4953.tif,dsm/SV_Berlin_52.4994_13.4953.tif,no
SV_Berlin_52.5240_13.4752.tif,Berlin,train,rgb/SV_Berlin_52.5240_13.4752.tif,dsm/SV_Berlin_52.5240_13.4752.tif,no
SV_Berlin_52.5402_13.4428.tif,Berlin,train,rgb/SV_Berlin_52.5402_13.4428.tif,dsm/SV_Berlin_52.5402_13.4428.tif,no
SV_Berlin_52.5112_13.4949.tif,Berlin,train,rgb/SV_Berlin_52.5112_13.4949.tif,dsm/SV_Berlin_52.5112_13.4949.tif,no
SV_Berlin_52.5351_13.4600.tif,Berlin,train,rgb/SV_Berlin_52.5351_13.4600.tif,dsm/SV_Berlin_52.5351_13.4600.tif,no
SV_Berlin_52.5290_13.4874.tif,Berlin,train,rgb/SV_Berlin_52.5290_13.4874.tif,dsm/SV_Berlin_52.5290_13.4874.tif,no
SV_Berlin_52.5055_13.4928.tif,Berlin,train,rgb/SV_Berlin_52.5055_13.4928.tif,dsm/SV_Berlin_52.5055_13.4928.tif,no
SV_Berlin_52.5333_13.4997.tif,Berlin,train,rgb/SV_Berlin_52.5333_13.4997.tif,dsm/SV_Berlin_52.5333_13.4997.tif,no
SV_Berlin_52.5005_13.4293.tif,Berlin,train,rgb/SV_Berlin_52.5005_13.4293.tif,dsm/SV_Berlin_52.5005_13.4293.tif,no
SV_Berlin_52.5096_13.4848.tif,Berlin,train,rgb/SV_Berlin_52.5096_13.4848.tif,dsm/SV_Berlin_52.5096_13.4848.tif,no
SV_Berlin_52.5097_13.4904.tif,Berlin,train,rgb/SV_Berlin_52.5097_13.4904.tif,dsm/SV_Berlin_52.5097_13.4904.tif,no
SV_Berlin_52.5044_13.4868.tif,Berlin,train,rgb/SV_Berlin_52.5044_13.4868.tif,dsm/SV_Berlin_52.5044_13.4868.tif,no
SV_Berlin_52.5054_13.4850.tif,Berlin,train,rgb/SV_Berlin_52.5054_13.4850.tif,dsm/SV_Berlin_52.5054_13.4850.tif,no
SV_Berlin_52.5314_13.4579.tif,Berlin,train,rgb/SV_Berlin_52.5314_13.4579.tif,dsm/SV_Berlin_52.5314_13.4579.tif,no
SV_Berlin_52.4991_13.4316.tif,Berlin,train,rgb/SV_Berlin_52.4991_13.4316.tif,dsm/SV_Berlin_52.4991_13.4316.tif,no
SV_Berlin_52.4963_13.4340.tif,Berlin,train,rgb/SV_Berlin_52.4963_13.4340.tif,dsm/SV_Berlin_52.4963_13.4340.tif,no
SV_Berlin_52.5221_13.4435.tif,Berlin,train,rgb/SV_Berlin_52.5221_13.4435.tif,dsm/SV_Berlin_52.5221_13.4435.tif,no
SV_Berlin_52.5417_13.4552.tif,Berlin,train,rgb/SV_Berlin_52.5417_13.4552.tif,dsm/SV_Berlin_52.5417_13.4552.tif,no
SV_Berlin_52.5306_13.5062.tif,Berlin,train,rgb/SV_Berlin_52.5306_13.5062.tif,dsm/SV_Berlin_52.5306_13.5062.tif,no
SV_Berlin_52.5418_13.4616.tif,Berlin,train,rgb/SV_Berlin_52.5418_13.4616.tif,dsm/SV_Berlin_52.5418_13.4616.tif,no
SV_Berlin_52.5045_13.4951.tif,Berlin,train,rgb/SV_Berlin_52.5045_13.4951.tif,dsm/SV_Berlin_52.5045_13.4951.tif,no
SV_Berlin_52.5379_13.4848.tif,Berlin,train,rgb/SV_Berlin_52.5379_13.4848.tif,dsm/SV_Berlin_52.5379_13.4848.tif,no
SV_Berlin_52.5401_13.4382.tif,Berlin,train,rgb/SV_Berlin_52.5401_13.4382.tif,dsm/SV_Berlin_52.5401_13.4382.tif,no
SV_Berlin_52.4994_13.4976.tif,Berlin,train,rgb/SV_Berlin_52.4994_13.4976.tif,dsm/SV_Berlin_52.4994_13.4976.tif,no
SV_Berlin_52.5373_13.4383.tif,Berlin,train,rgb/SV_Berlin_52.5373_13.4383.tif,dsm/SV_Berlin_52.5373_13.4383.tif,no
SV_Berlin_52.5203_13.5047.tif,Berlin,train,rgb/SV_Berlin_52.5203_13.5047.tif,dsm/SV_Berlin_52.5203_13.5047.tif,no
SV_Berlin_52.5223_13.4582.tif,Berlin,train,rgb/SV_Berlin_52.5223_13.4582.tif,dsm/SV_Berlin_52.5223_13.4582.tif,no
SV_Berlin_52.5306_13.5044.tif,Berlin,train,rgb/SV_Berlin_52.5306_13.5044.tif,dsm/SV_Berlin_52.5306_13.5044.tif,no
SV_Berlin_52.4964_13.4404.tif,Berlin,train,rgb/SV_Berlin_52.4964_13.4404.tif,dsm/SV_Berlin_52.4964_13.4404.tif,no
SV_Berlin_52.5277_13.4953.tif,Berlin,train,rgb/SV_Berlin_52.5277_13.4953.tif,dsm/SV_Berlin_52.5277_13.4953.tif,no
SV_Berlin_52.5278_13.5045.tif,Berlin,train,rgb/SV_Berlin_52.5278_13.5045.tif,dsm/SV_Berlin_52.5278_13.5045.tif,no
SV_Berlin_52.5085_13.5074.tif,Berlin,train,rgb/SV_Berlin_52.5085_13.5074.tif,dsm/SV_Berlin_52.5085_13.5074.tif,no
SV_Berlin_52.5133_13.4824.tif,Berlin,train,rgb/SV_Berlin_52.5133_13.4824.tif,dsm/SV_Berlin_52.5133_13.4824.tif,no
SV_Berlin_52.5171_13.4777.tif,Berlin,train,rgb/SV_Berlin_52.5171_13.4777.tif,dsm/SV_Berlin_52.5171_13.4777.tif,no
SV_Berlin_52.5044_13.4905.tif,Berlin,train,rgb/SV_Berlin_52.5044_13.4905.tif,dsm/SV_Berlin_52.5044_13.4905.tif,no
SV_Berlin_52.5068_13.4803.tif,Berlin,train,rgb/SV_Berlin_52.5068_13.4803.tif,dsm/SV_Berlin_52.5068_13.4803.tif,no
SV_Berlin_52.5407_13.4847.tif,Berlin,train,rgb/SV_Berlin_52.5407_13.4847.tif,dsm/SV_Berlin_52.5407_13.4847.tif,no
SV_Berlin_52.5099_13.5084.tif,Berlin,train,rgb/SV_Berlin_52.5099_13.5084.tif,dsm/SV_Berlin_52.5099_13.5084.tif,no
SV_Berlin_52.5422_13.4893.tif,Berlin,train,rgb/SV_Berlin_52.5422_13.4893.tif,dsm/SV_Berlin_52.5422_13.4893.tif,no
SV_Berlin_52.4938_13.4295.tif,Berlin,train,rgb/SV_Berlin_52.4938_13.4295.tif,dsm/SV_Berlin_52.4938_13.4295.tif,no
SV_Berlin_52.5005_13.4316.tif,Berlin,train,rgb/SV_Berlin_52.5005_13.4316.tif,dsm/SV_Berlin_52.5005_13.4316.tif,no
SV_Berlin_52.5022_13.4952.tif,Berlin,train,rgb/SV_Berlin_52.5022_13.4952.tif,dsm/SV_Berlin_52.5022_13.4952.tif,no
SV_Berlin_52.4966_13.4977.tif,Berlin,train,rgb/SV_Berlin_52.4966_13.4977.tif,dsm/SV_Berlin_52.4966_13.4977.tif,no
SV_Berlin_52.5158_13.4846.tif,Berlin,train,rgb/SV_Berlin_52.5158_13.4846.tif,dsm/SV_Berlin_52.5158_13.4846.tif,no
SV_Berlin_52.4902_13.5081.tif,Berlin,train,rgb/SV_Berlin_52.4902_13.5081.tif,dsm/SV_Berlin_52.4902_13.5081.tif,no
SV_Berlin_52.4994_13.4999.tif,Berlin,train,rgb/SV_Berlin_52.4994_13.4999.tif,dsm/SV_Berlin_52.4994_13.4999.tif,no
SV_Berlin_52.5172_13.4863.tif,Berlin,train,rgb/SV_Berlin_52.5172_13.4863.tif,dsm/SV_Berlin_52.5172_13.4863.tif,no
SV_Berlin_52.5350_13.4532.tif,Berlin,train,rgb/SV_Berlin_52.5350_13.4532.tif,dsm/SV_Berlin_52.5350_13.4532.tif,no
SV_Berlin_52.5333_13.4951.tif,Berlin,train,rgb/SV_Berlin_52.5333_13.4951.tif,dsm/SV_Berlin_52.5333_13.4951.tif,no
SV_Berlin_52.4919_13.5019.tif,Berlin,train,rgb/SV_Berlin_52.4919_13.5019.tif,dsm/SV_Berlin_52.4919_13.5019.tif,no
SV_Berlin_52.5354_13.4803.tif,Berlin,train,rgb/SV_Berlin_52.5354_13.4803.tif,dsm/SV_Berlin_52.5354_13.4803.tif,no
SV_Berlin_52.5236_13.4388.tif,Berlin,train,rgb/SV_Berlin_52.5236_13.4388.tif,dsm/SV_Berlin_52.5236_13.4388.tif,no
SV_Berlin_52.5275_13.4806.tif,Berlin,train,rgb/SV_Berlin_52.5275_13.4806.tif,dsm/SV_Berlin_52.5275_13.4806.tif,no
SV_Berlin_52.5070_13.5014.tif,Berlin,train,rgb/SV_Berlin_52.5070_13.5014.tif,dsm/SV_Berlin_52.5070_13.5014.tif,no
SV_Berlin_52.5083_13.4904.tif,Berlin,train,rgb/SV_Berlin_52.5083_13.4904.tif,dsm/SV_Berlin_52.5083_13.4904.tif,no
SV_Berlin_52.5203_13.5080.tif,Berlin,train,rgb/SV_Berlin_52.5203_13.5080.tif,dsm/SV_Berlin_52.5203_13.5080.tif,no
SV_Berlin_52.5376_13.4617.tif,Berlin,train,rgb/SV_Berlin_52.5376_13.4617.tif,dsm/SV_Berlin_52.5376_13.4617.tif,no
SV_Berlin_52.5236_13.4434.tif,Berlin,train,rgb/SV_Berlin_52.5236_13.4434.tif,dsm/SV_Berlin_52.5236_13.4434.tif,no
SV_Berlin_52.5067_13.4337.tif,Berlin,train,rgb/SV_Berlin_52.5067_13.4337.tif,dsm/SV_Berlin_52.5067_13.4337.tif,no
SV_Berlin_52.5054_13.4804.tif,Berlin,train,rgb/SV_Berlin_52.5054_13.4804.tif,dsm/SV_Berlin_52.5054_13.4804.tif,no
SV_Berlin_52.4995_13.5087.tif,Berlin,train,rgb/SV_Berlin_52.4995_13.5087.tif,dsm/SV_Berlin_52.4995_13.5087.tif,no
SV_Berlin_52.5380_13.4871.tif,Berlin,train,rgb/SV_Berlin_52.5380_13.4871.tif,dsm/SV_Berlin_52.5380_13.4871.tif,no
SV_Berlin_52.5113_13.5050.tif,Berlin,train,rgb/SV_Berlin_52.5113_13.5050.tif,dsm/SV_Berlin_52.5113_13.5050.tif,no
SV_Brasilia_-15.8359_-47.9151.tif,Brasilia,train,rgb/SV_Brasilia_-15.8359_-47.9151.tif,dsm/SV_Brasilia_-15.8359_-47.9151.tif,yes
SV_Brasilia_-15.8345_-47.9151.tif,Brasilia,train,rgb/SV_Brasilia_-15.8345_-47.9151.tif,dsm/SV_Brasilia_-15.8345_-47.9151.tif,yes
SV_Brasilia_-15.8516_-47.8859.tif,Brasilia,train,rgb/SV_Brasilia_-15.8516_-47.8859.tif,dsm/SV_Brasilia_-15.8516_-47.8859.tif,yes
SV_Brasilia_-15.8489_-47.9153.tif,Brasilia,train,rgb/SV_Brasilia_-15.8489_-47.9153.tif,dsm/SV_Brasilia_-15.8489_-47.9153.tif,yes
GF2_Brasilia_-15.8667_-47.9277.tif,Brasilia,train,rgb/GF2_Brasilia_-15.8667_-47.9277.tif,dsm/GF2_Brasilia_-15.8667_-47.9277.tif,yes
SV_Brasilia_-15.8422_-47.9097.tif,Brasilia,train,rgb/SV_Brasilia_-15.8422_-47.9097.tif,dsm/SV_Brasilia_-15.8422_-47.9097.tif,yes
SV_Brasilia_-15.8402_-47.8872.tif,Brasilia,train,rgb/SV_Brasilia_-15.8402_-47.8872.tif,dsm/SV_Brasilia_-15.8402_-47.8872.tif,yes
SV_Brasilia_-15.8378_-47.8828.tif,Brasilia,train,rgb/SV_Brasilia_-15.8378_-47.8828.tif,dsm/SV_Brasilia_-15.8378_-47.8828.tif,yes
SV_Brasilia_-15.8516_-47.8819.tif,Brasilia,train,rgb/SV_Brasilia_-15.8516_-47.8819.tif,dsm/SV_Brasilia_-15.8516_-47.8819.tif,yes
SV_Brasilia_-15.8378_-47.8842.tif,Brasilia,train,rgb/SV_Brasilia_-15.8378_-47.8842.tif,dsm/SV_Brasilia_-15.8378_-47.8842.tif,yes
SV_Brasilia_-15.8558_-47.8831.tif,Brasilia,train,rgb/SV_Brasilia_-15.8558_-47.8831.tif,dsm/SV_Brasilia_-15.8558_-47.8831.tif,yes
GF2_Brasilia_-15.8695_-47.9308.tif,Brasilia,train,rgb/GF2_Brasilia_-15.8695_-47.9308.tif,dsm/GF2_Brasilia_-15.8695_-47.9308.tif,yes
SV_Brasilia_-15.8425_-47.8872.tif,Brasilia,train,rgb/SV_Brasilia_-15.8425_-47.8872.tif,dsm/SV_Brasilia_-15.8425_-47.8872.tif,yes
SV_Brasilia_-15.8492_-47.8923.tif,Brasilia,train,rgb/SV_Brasilia_-15.8492_-47.8923.tif,dsm/SV_Brasilia_-15.8492_-47.8923.tif,yes
SV_Brasilia_-15.8424_-47.8951.tif,Brasilia,train,rgb/SV_Brasilia_-15.8424_-47.8951.tif,dsm/SV_Brasilia_-15.8424_-47.8951.tif,yes
GF2_Brasilia_-15.8666_-47.9337.tif,Brasilia,train,rgb/GF2_Brasilia_-15.8666_-47.9337.tif,dsm/GF2_Brasilia_-15.8666_-47.9337.tif,yes
GF2_Brasilia_-15.8695_-47.9294.tif,Brasilia,train,rgb/GF2_Brasilia_-15.8695_-47.9294.tif,dsm/GF2_Brasilia_-15.8695_-47.9294.tif,yes
GF2_Brasilia_-15.8652_-47.9351.tif,Brasilia,train,rgb/GF2_Brasilia_-15.8652_-47.9351.tif,dsm/GF2_Brasilia_-15.8652_-47.9351.tif,yes
GF2_Brasilia_-15.8681_-47.9277.tif,Brasilia,train,rgb/GF2_Brasilia_-15.8681_-47.9277.tif,dsm/GF2_Brasilia_-15.8681_-47.9277.tif,yes
SV_Brasilia_-15.8515_-47.8888.tif,Brasilia,train,rgb/SV_Brasilia_-15.8515_-47.8888.tif,dsm/SV_Brasilia_-15.8515_-47.8888.tif,yes
SV_Brasilia_-15.8482_-47.8844.tif,Brasilia,train,rgb/SV_Brasilia_-15.8482_-47.8844.tif,dsm/SV_Brasilia_-15.8482_-47.8844.tif,yes
SV_Brasilia_-15.8467_-47.8887.tif,Brasilia,train,rgb/SV_Brasilia_-15.8467_-47.8887.tif,dsm/SV_Brasilia_-15.8467_-47.8887.tif,yes
SV_Brasilia_-15.8350_-47.8816.tif,Brasilia,train,rgb/SV_Brasilia_-15.8350_-47.8816.tif,dsm/SV_Brasilia_-15.8350_-47.8816.tif,yes
SV_Brasilia_-15.8489_-47.9124.tif,Brasilia,train,rgb/SV_Brasilia_-15.8489_-47.9124.tif,dsm/SV_Brasilia_-15.8489_-47.9124.tif,yes
SV_Brasilia_-15.8438_-47.8951.tif,Brasilia,train,rgb/SV_Brasilia_-15.8438_-47.8951.tif,dsm/SV_Brasilia_-15.8438_-47.8951.tif,yes
GF2_Brasilia_-15.8666_-47.9352.tif,Brasilia,train,rgb/GF2_Brasilia_-15.8666_-47.9352.tif,dsm/GF2_Brasilia_-15.8666_-47.9352.tif,yes
SV_Brasilia_-15.8453_-47.8887.tif,Brasilia,train,rgb/SV_Brasilia_-15.8453_-47.8887.tif,dsm/SV_Brasilia_-15.8453_-47.8887.tif,yes
SV_Brasilia_-15.8452_-47.8966.tif,Brasilia,train,rgb/SV_Brasilia_-15.8452_-47.8966.tif,dsm/SV_Brasilia_-15.8452_-47.8966.tif,yes
SV_Brasilia_-15.8478_-47.9124.tif,Brasilia,train,rgb/SV_Brasilia_-15.8478_-47.9124.tif,dsm/SV_Brasilia_-15.8478_-47.9124.tif,yes
GF2_Brasilia_-15.8680_-47.9395.tif,Brasilia,train,rgb/GF2_Brasilia_-15.8680_-47.9395.tif,dsm/GF2_Brasilia_-15.8680_-47.9395.tif,yes
GF2_Brasilia_-15.8681_-47.9294.tif,Brasilia,train,rgb/GF2_Brasilia_-15.8681_-47.9294.tif,dsm/GF2_Brasilia_-15.8681_-47.9294.tif,yes
SV_Brasilia_-15.8450_-47.9109.tif,Brasilia,train,rgb/SV_Brasilia_-15.8450_-47.9109.tif,dsm/SV_Brasilia_-15.8450_-47.9109.tif,yes
SV_Brasilia_-15.8388_-47.9097.tif,Brasilia,train,rgb/SV_Brasilia_-15.8388_-47.9097.tif,dsm/SV_Brasilia_-15.8388_-47.9097.tif,yes
SV_Brasilia_-15.8482_-47.8818.tif,Brasilia,train,rgb/SV_Brasilia_-15.8482_-47.8818.tif,dsm/SV_Brasilia_-15.8482_-47.8818.tif,yes
SV_Brasilia_-15.8335_-47.8842.tif,Brasilia,train,rgb/SV_Brasilia_-15.8335_-47.8842.tif,dsm/SV_Brasilia_-15.8335_-47.8842.tif,yes
SV_Brasilia_-15.8422_-47.9108.tif,Brasilia,train,rgb/SV_Brasilia_-15.8422_-47.9108.tif,dsm/SV_Brasilia_-15.8422_-47.9108.tif,yes
SV_Brasilia_-15.8346_-47.9136.tif,Brasilia,train,rgb/SV_Brasilia_-15.8346_-47.9136.tif,dsm/SV_Brasilia_-15.8346_-47.9136.tif,yes
SV_Brasilia_-15.8439_-47.8937.tif,Brasilia,train,rgb/SV_Brasilia_-15.8439_-47.8937.tif,dsm/SV_Brasilia_-15.8439_-47.8937.tif,yes
SV_Brasilia_-15.8559_-47.8819.tif,Brasilia,train,rgb/SV_Brasilia_-15.8559_-47.8819.tif,dsm/SV_Brasilia_-15.8559_-47.8819.tif,yes
GF2_Brasilia_-15.8695_-47.9337.tif,Brasilia,train,rgb/GF2_Brasilia_-15.8695_-47.9337.tif,dsm/GF2_Brasilia_-15.8695_-47.9337.tif,yes
SV_Brasilia_-15.8403_-47.8817.tif,Brasilia,train,rgb/SV_Brasilia_-15.8403_-47.8817.tif,dsm/SV_Brasilia_-15.8403_-47.8817.tif,yes
GF2_Brasilia_-15.8652_-47.9366.tif,Brasilia,train,rgb/GF2_Brasilia_-15.8652_-47.9366.tif,dsm/GF2_Brasilia_-15.8652_-47.9366.tif,yes
SV_Brasilia_-15.8401_-47.8965.tif,Brasilia,train,rgb/SV_Brasilia_-15.8401_-47.8965.tif,dsm/SV_Brasilia_-15.8401_-47.8965.tif,yes
SV_Brasilia_-15.8346_-47.9107.tif,Brasilia,train,rgb/SV_Brasilia_-15.8346_-47.9107.tif,dsm/SV_Brasilia_-15.8346_-47.9107.tif,yes
SV_Brasilia_-15.8493_-47.8873.tif,Brasilia,train,rgb/SV_Brasilia_-15.8493_-47.8873.tif,dsm/SV_Brasilia_-15.8493_-47.8873.tif,yes
SV_Brasilia_-15.8559_-47.8795.tif,Brasilia,train,rgb/SV_Brasilia_-15.8559_-47.8795.tif,dsm/SV_Brasilia_-15.8559_-47.8795.tif,yes
GF2_Brasilia_-15.8694_-47.9381.tif,Brasilia,train,rgb/GF2_Brasilia_-15.8694_-47.9381.tif,dsm/GF2_Brasilia_-15.8694_-47.9381.tif,yes
SV_Brasilia_-15.8364_-47.8817.tif,Brasilia,train,rgb/SV_Brasilia_-15.8364_-47.8817.tif,dsm/SV_Brasilia_-15.8364_-47.8817.tif,yes
SV_Brasilia_-15.8453_-47.8937.tif,Brasilia,train,rgb/SV_Brasilia_-15.8453_-47.8937.tif,dsm/SV_Brasilia_-15.8453_-47.8937.tif,yes
GF2_Brasilia_-15.8680_-47.9381.tif,Brasilia,train,rgb/GF2_Brasilia_-15.8680_-47.9381.tif,dsm/GF2_Brasilia_-15.8680_-47.9381.tif,yes
GF2_Brasilia_-15.8652_-47.9337.tif,Brasilia,train,rgb/GF2_Brasilia_-15.8652_-47.9337.tif,dsm/GF2_Brasilia_-15.8652_-47.9337.tif,no
SV_Brasilia_-15.8402_-47.8857.tif,Brasilia,train,rgb/SV_Brasilia_-15.8402_-47.8857.tif,dsm/SV_Brasilia_-15.8402_-47.8857.tif,no
GF2_Brasilia_-15.8694_-47.9352.tif,Brasilia,train,rgb/GF2_Brasilia_-15.8694_-47.9352.tif,dsm/GF2_Brasilia_-15.8694_-47.9352.tif,no
SV_Brasilia_-15.8399_-47.9097.tif,Brasilia,train,rgb/SV_Brasilia_-15.8399_-47.9097.tif,dsm/SV_Brasilia_-15.8399_-47.9097.tif,no
SV_Brasilia_-15.8493_-47.8844.tif,Brasilia,train,rgb/SV_Brasilia_-15.8493_-47.8844.tif,dsm/SV_Brasilia_-15.8493_-47.8844.tif,no
SV_Brasilia_-15.8391_-47.8886.tif,Brasilia,train,rgb/SV_Brasilia_-15.8391_-47.8886.tif,dsm/SV_Brasilia_-15.8391_-47.8886.tif,no
SV_Brasilia_-15.8359_-47.9166.tif,Brasilia,train,rgb/SV_Brasilia_-15.8359_-47.9166.tif,dsm/SV_Brasilia_-15.8359_-47.9166.tif,no
SV_Brasilia_-15.8426_-47.8858.tif,Brasilia,train,rgb/SV_Brasilia_-15.8426_-47.8858.tif,dsm/SV_Brasilia_-15.8426_-47.8858.tif,no
SV_Brasilia_-15.8440_-47.8818.tif,Brasilia,train,rgb/SV_Brasilia_-15.8440_-47.8818.tif,dsm/SV_Brasilia_-15.8440_-47.8818.tif,no
SV_Brasilia_-15.8425_-47.8887.tif,Brasilia,train,rgb/SV_Brasilia_-15.8425_-47.8887.tif,dsm/SV_Brasilia_-15.8425_-47.8887.tif,no
SV_Brasilia_-15.8530_-47.8874.tif,Brasilia,train,rgb/SV_Brasilia_-15.8530_-47.8874.tif,dsm/SV_Brasilia_-15.8530_-47.8874.tif,no
SV_Brasilia_-15.8530_-47.8845.tif,Brasilia,train,rgb/SV_Brasilia_-15.8530_-47.8845.tif,dsm/SV_Brasilia_-15.8530_-47.8845.tif,no
SV_Brasilia_-15.8452_-47.8981.tif,Brasilia,train,rgb/SV_Brasilia_-15.8452_-47.8981.tif,dsm/SV_Brasilia_-15.8452_-47.8981.tif,no
SV_Brasilia_-15.8468_-47.8858.tif,Brasilia,train,rgb/SV_Brasilia_-15.8468_-47.8858.tif,dsm/SV_Brasilia_-15.8468_-47.8858.tif,no
SV_Brasilia_-15.8436_-47.9123.tif,Brasilia,train,rgb/SV_Brasilia_-15.8436_-47.9123.tif,dsm/SV_Brasilia_-15.8436_-47.9123.tif,no
SV_Brasilia_-15.8530_-47.8819.tif,Brasilia,train,rgb/SV_Brasilia_-15.8530_-47.8819.tif,dsm/SV_Brasilia_-15.8530_-47.8819.tif,no
SV_Brasilia_-15.8334_-47.8964.tif,Brasilia,train,rgb/SV_Brasilia_-15.8334_-47.8964.tif,dsm/SV_Brasilia_-15.8334_-47.8964.tif,no
SV_Brasilia_-15.8350_-47.8842.tif,Brasilia,train,rgb/SV_Brasilia_-15.8350_-47.8842.tif,dsm/SV_Brasilia_-15.8350_-47.8842.tif,no
SV_Brasilia_-15.8531_-47.8795.tif,Brasilia,train,rgb/SV_Brasilia_-15.8531_-47.8795.tif,dsm/SV_Brasilia_-15.8531_-47.8795.tif,no
SV_Brasilia_-15.8424_-47.8966.tif,Brasilia,train,rgb/SV_Brasilia_-15.8424_-47.8966.tif,dsm/SV_Brasilia_-15.8424_-47.8966.tif,no
SV_Brasilia_-15.8481_-47.8888.tif,Brasilia,train,rgb/SV_Brasilia_-15.8481_-47.8888.tif,dsm/SV_Brasilia_-15.8481_-47.8888.tif,no
GF2_Brasilia_-15.8706_-47.9352.tif,Brasilia,train,rgb/GF2_Brasilia_-15.8706_-47.9352.tif,dsm/GF2_Brasilia_-15.8706_-47.9352.tif,no
SV_Brasilia_-15.8558_-47.8845.tif,Brasilia,train,rgb/SV_Brasilia_-15.8558_-47.8845.tif,dsm/SV_Brasilia_-15.8558_-47.8845.tif,no
GF2_Brasilia_-15.8706_-47.9338.tif,Brasilia,train,rgb/GF2_Brasilia_-15.8706_-47.9338.tif,dsm/GF2_Brasilia_-15.8706_-47.9338.tif,no
SV_Brasilia_-15.8403_-47.8843.tif,Brasilia,train,rgb/SV_Brasilia_-15.8403_-47.8843.tif,dsm/SV_Brasilia_-15.8403_-47.8843.tif,no
SV_Brasilia_-15.8374_-47.9108.tif,Brasilia,train,rgb/SV_Brasilia_-15.8374_-47.9108.tif,dsm/SV_Brasilia_-15.8374_-47.9108.tif,no
SV_Brasilia_-15.8392_-47.8857.tif,Brasilia,train,rgb/SV_Brasilia_-15.8392_-47.8857.tif,dsm/SV_Brasilia_-15.8392_-47.8857.tif,no
SV_Brasilia_-15.8349_-47.8857.tif,Brasilia,train,rgb/SV_Brasilia_-15.8349_-47.8857.tif,dsm/SV_Brasilia_-15.8349_-47.8857.tif,no
SV_Brasilia_-15.8454_-47.8829.tif,Brasilia,train,rgb/SV_Brasilia_-15.8454_-47.8829.tif,dsm/SV_Brasilia_-15.8454_-47.8829.tif,no
SV_Brasilia_-15.8421_-47.9167.tif,Brasilia,train,rgb/SV_Brasilia_-15.8421_-47.9167.tif,dsm/SV_Brasilia_-15.8421_-47.9167.tif,no
GF2_Brasilia_-15.8706_-47.9367.tif,Brasilia,train,rgb/GF2_Brasilia_-15.8706_-47.9367.tif,dsm/GF2_Brasilia_-15.8706_-47.9367.tif,no
SV_Brasilia_-15.8544_-47.8830.tif,Brasilia,train,rgb/SV_Brasilia_-15.8544_-47.8830.tif,dsm/SV_Brasilia_-15.8544_-47.8830.tif,no
SV_Brasilia_-15.8399_-47.9108.tif,Brasilia,train,rgb/SV_Brasilia_-15.8399_-47.9108.tif,dsm/SV_Brasilia_-15.8399_-47.9108.tif,no
SV_Brasilia_-15.8336_-47.8816.tif,Brasilia,train,rgb/SV_Brasilia_-15.8336_-47.8816.tif,dsm/SV_Brasilia_-15.8336_-47.8816.tif,no
SV_Brasilia_-15.8517_-47.8793.tif,Brasilia,train,rgb/SV_Brasilia_-15.8517_-47.8793.tif,dsm/SV_Brasilia_-15.8517_-47.8793.tif,no
SV_Brasilia_-15.8333_-47.9003.tif,Brasilia,train,rgb/SV_Brasilia_-15.8333_-47.9003.tif,dsm/SV_Brasilia_-15.8333_-47.9003.tif,no
SV_Brasilia_-15.8375_-47.9029.tif,Brasilia,train,rgb/SV_Brasilia_-15.8375_-47.9029.tif,dsm/SV_Brasilia_-15.8375_-47.9029.tif,no
SV_Brasilia_-15.8391_-47.8921.tif,Brasilia,train,rgb/SV_Brasilia_-15.8391_-47.8921.tif,dsm/SV_Brasilia_-15.8391_-47.8921.tif,no
SV_Brasilia_-15.8491_-47.8981.tif,Brasilia,train,rgb/SV_Brasilia_-15.8491_-47.8981.tif,dsm/SV_Brasilia_-15.8491_-47.8981.tif,no
SV_Brasilia_-15.8544_-47.8859.tif,Brasilia,train,rgb/SV_Brasilia_-15.8544_-47.8859.tif,dsm/SV_Brasilia_-15.8544_-47.8859.tif,no
SV_Brasilia_-15.8545_-47.8819.tif,Brasilia,train,rgb/SV_Brasilia_-15.8545_-47.8819.tif,dsm/SV_Brasilia_-15.8545_-47.8819.tif,no
SV_Brasilia_-15.8516_-47.8844.tif,Brasilia,train,rgb/SV_Brasilia_-15.8516_-47.8844.tif,dsm/SV_Brasilia_-15.8516_-47.8844.tif,no
GF2_Brasilia_-15.8681_-47.9337.tif,Brasilia,train,rgb/GF2_Brasilia_-15.8681_-47.9337.tif,dsm/GF2_Brasilia_-15.8681_-47.9337.tif,no
SV_Brasilia_-15.8440_-47.8843.tif,Brasilia,train,rgb/SV_Brasilia_-15.8440_-47.8843.tif,dsm/SV_Brasilia_-15.8440_-47.8843.tif,no
GF2_Brasilia_-15.8695_-47.9278.tif,Brasilia,train,rgb/GF2_Brasilia_-15.8695_-47.9278.tif,dsm/GF2_Brasilia_-15.8695_-47.9278.tif,no
SV_Brasilia_-15.8349_-47.8871.tif,Brasilia,train,rgb/SV_Brasilia_-15.8349_-47.8871.tif,dsm/SV_Brasilia_-15.8349_-47.8871.tif,no
SV_Brasilia_-15.8454_-47.8818.tif,Brasilia,train,rgb/SV_Brasilia_-15.8454_-47.8818.tif,dsm/SV_Brasilia_-15.8454_-47.8818.tif,no
SV_Brasilia_-15.8451_-47.9098.tif,Brasilia,train,rgb/SV_Brasilia_-15.8451_-47.9098.tif,dsm/SV_Brasilia_-15.8451_-47.9098.tif,no
SV_Brasilia_-15.8464_-47.9109.tif,Brasilia,train,rgb/SV_Brasilia_-15.8464_-47.9109.tif,dsm/SV_Brasilia_-15.8464_-47.9109.tif,no
SV_Brasilia_-15.8336_-47.8827.tif,Brasilia,train,rgb/SV_Brasilia_-15.8336_-47.8827.tif,dsm/SV_Brasilia_-15.8336_-47.8827.tif,no
SV_Brasilia_-15.8436_-47.9097.tif,Brasilia,train,rgb/SV_Brasilia_-15.8436_-47.9097.tif,dsm/SV_Brasilia_-15.8436_-47.9097.tif,no
GF2_Brasilia_-15.8681_-47.9279.tif,Brasilia,train,rgb/GF2_Brasilia_-15.8681_-47.9279.tif,dsm/GF2_Brasilia_-15.8681_-47.9279.tif,no
SV_Brasilia_-15.8517_-47.8795.tif,Brasilia,train,rgb/SV_Brasilia_-15.8517_-47.8795.tif,dsm/SV_Brasilia_-15.8517_-47.8795.tif,no
SV_Brasilia_-15.8422_-47.9138.tif,Brasilia,train,rgb/SV_Brasilia_-15.8422_-47.9138.tif,dsm/SV_Brasilia_-15.8422_-47.9138.tif,no
SV_Brasilia_-15.8438_-47.8966.tif,Brasilia,train,rgb/SV_Brasilia_-15.8438_-47.8966.tif,dsm/SV_Brasilia_-15.8438_-47.8966.tif,no
SV_Brasilia_-15.8360_-47.9096.tif,Brasilia,train,rgb/SV_Brasilia_-15.8360_-47.9096.tif,dsm/SV_Brasilia_-15.8360_-47.9096.tif,no
SV_Brasilia_-15.8363_-47.8871.tif,Brasilia,train,rgb/SV_Brasilia_-15.8363_-47.8871.tif,dsm/SV_Brasilia_-15.8363_-47.8871.tif,no
SV_Brasilia_-15.8373_-47.9166.tif,Brasilia,train,rgb/SV_Brasilia_-15.8373_-47.9166.tif,dsm/SV_Brasilia_-15.8373_-47.9166.tif,no
SV_Brasilia_-15.8364_-47.8828.tif,Brasilia,train,rgb/SV_Brasilia_-15.8364_-47.8828.tif,dsm/SV_Brasilia_-15.8364_-47.8828.tif,no
GF2_Brasilia_-15.8707_-47.9294.tif,Brasilia,train,rgb/GF2_Brasilia_-15.8707_-47.9294.tif,dsm/GF2_Brasilia_-15.8707_-47.9294.tif,no
SV_Brasilia_-15.8467_-47.8923.tif,Brasilia,train,rgb/SV_Brasilia_-15.8467_-47.8923.tif,dsm/SV_Brasilia_-15.8467_-47.8923.tif,no
GF2_Brasilia_-15.8653_-47.9322.tif,Brasilia,train,rgb/GF2_Brasilia_-15.8653_-47.9322.tif,dsm/GF2_Brasilia_-15.8653_-47.9322.tif,no
SV_Brasilia_-15.8331_-47.9165.tif,Brasilia,train,rgb/SV_Brasilia_-15.8331_-47.9165.tif,dsm/SV_Brasilia_-15.8331_-47.9165.tif,no
GF2_Brasilia_-15.8707_-47.9279.tif,Brasilia,train,rgb/GF2_Brasilia_-15.8707_-47.9279.tif,dsm/GF2_Brasilia_-15.8707_-47.9279.tif,no
SV_Brasilia_-15.8335_-47.8871.tif,Brasilia,train,rgb/SV_Brasilia_-15.8335_-47.8871.tif,dsm/SV_Brasilia_-15.8335_-47.8871.tif,no
SV_Brasilia_-15.8363_-47.8857.tif,Brasilia,train,rgb/SV_Brasilia_-15.8363_-47.8857.tif,dsm/SV_Brasilia_-15.8363_-47.8857.tif,no
GF2_Brasilia_-15.8653_-47.9308.tif,Brasilia,train,rgb/GF2_Brasilia_-15.8653_-47.9308.tif,dsm/GF2_Brasilia_-15.8653_-47.9308.tif,no
GF2_Brasilia_-15.8680_-47.9352.tif,Brasilia,train,rgb/GF2_Brasilia_-15.8680_-47.9352.tif,dsm/GF2_Brasilia_-15.8680_-47.9352.tif,no
SV_Brasilia_-15.8378_-47.8817.tif,Brasilia,train,rgb/SV_Brasilia_-15.8378_-47.8817.tif,dsm/SV_Brasilia_-15.8378_-47.8817.tif,no
GF2_Brasilia_-15.8695_-47.9323.tif,Brasilia,train,rgb/GF2_Brasilia_-15.8695_-47.9323.tif,dsm/GF2_Brasilia_-15.8695_-47.9323.tif,no
SV_Brasilia_-15.8334_-47.8950.tif,Brasilia,train,rgb/SV_Brasilia_-15.8334_-47.8950.tif,dsm/SV_Brasilia_-15.8334_-47.8950.tif,no
GF2_Brasilia_-15.8653_-47.9279.tif,Brasilia,train,rgb/GF2_Brasilia_-15.8653_-47.9279.tif,dsm/GF2_Brasilia_-15.8653_-47.9279.tif,no
SV_Brasilia_-15.8403_-47.8828.tif,Brasilia,train,rgb/SV_Brasilia_-15.8403_-47.8828.tif,dsm/SV_Brasilia_-15.8403_-47.8828.tif,no
SV_Brasilia_-15.8439_-47.8911.tif,Brasilia,train,rgb/SV_Brasilia_-15.8439_-47.8911.tif,dsm/SV_Brasilia_-15.8439_-47.8911.tif,no
SV_Brasilia_-15.8425_-47.8911.tif,Brasilia,train,rgb/SV_Brasilia_-15.8425_-47.8911.tif,dsm/SV_Brasilia_-15.8425_-47.8911.tif,no
SV_Brasilia_-15.8377_-47.8857.tif,Brasilia,train,rgb/SV_Brasilia_-15.8377_-47.8857.tif,dsm/SV_Brasilia_-15.8377_-47.8857.tif,no
SV_Brasilia_-15.8360_-47.9108.tif,Brasilia,train,rgb/SV_Brasilia_-15.8360_-47.9108.tif,dsm/SV_Brasilia_-15.8360_-47.9108.tif,no
SV_Brasilia_-15.8493_-47.8830.tif,Brasilia,train,rgb/SV_Brasilia_-15.8493_-47.8830.tif,dsm/SV_Brasilia_-15.8493_-47.8830.tif,no
SV_Brasilia_-15.8401_-47.8936.tif,Brasilia,train,rgb/SV_Brasilia_-15.8401_-47.8936.tif,dsm/SV_Brasilia_-15.8401_-47.8936.tif,no
GF2_Brasilia_-15.8706_-47.9323.tif,Brasilia,train,rgb/GF2_Brasilia_-15.8706_-47.9323.tif,dsm/GF2_Brasilia_-15.8706_-47.9323.tif,no
SV_Brasilia_-15.8493_-47.8859.tif,Brasilia,train,rgb/SV_Brasilia_-15.8493_-47.8859.tif,dsm/SV_Brasilia_-15.8493_-47.8859.tif,no
SV_Brasilia_-15.8346_-47.9072.tif,Brasilia,train,rgb/SV_Brasilia_-15.8346_-47.9072.tif,dsm/SV_Brasilia_-15.8346_-47.9072.tif,no
SV_Brasilia_-15.8401_-47.8980.tif,Brasilia,train,rgb/SV_Brasilia_-15.8401_-47.8980.tif,dsm/SV_Brasilia_-15.8401_-47.8980.tif,no
SV_Brasilia_-15.8332_-47.9096.tif,Brasilia,train,rgb/SV_Brasilia_-15.8332_-47.9096.tif,dsm/SV_Brasilia_-15.8332_-47.9096.tif,no
GF2_Brasilia_-15.8680_-47.9366.tif,Brasilia,train,rgb/GF2_Brasilia_-15.8680_-47.9366.tif,dsm/GF2_Brasilia_-15.8680_-47.9366.tif,no
SV_Brasilia_-15.8468_-47.8829.tif,Brasilia,train,rgb/SV_Brasilia_-15.8468_-47.8829.tif,dsm/SV_Brasilia_-15.8468_-47.8829.tif,no
SV_Brasilia_-15.8573_-47.8820.tif,Brasilia,train,rgb/SV_Brasilia_-15.8573_-47.8820.tif,dsm/SV_Brasilia_-15.8573_-47.8820.tif,no
GF2_Brasilia_-15.8667_-47.9279.tif,Brasilia,train,rgb/GF2_Brasilia_-15.8667_-47.9279.tif,dsm/GF2_Brasilia_-15.8667_-47.9279.tif,no
GF2_Brasilia_-15.8695_-47.9279.tif,Brasilia,train,rgb/GF2_Brasilia_-15.8695_-47.9279.tif,dsm/GF2_Brasilia_-15.8695_-47.9279.tif,no
SV_Brasilia_-15.8492_-47.8912.tif,Brasilia,train,rgb/SV_Brasilia_-15.8492_-47.8912.tif,dsm/SV_Brasilia_-15.8492_-47.8912.tif,no
SV_Brasilia_-15.8481_-47.8912.tif,Brasilia,train,rgb/SV_Brasilia_-15.8481_-47.8912.tif,dsm/SV_Brasilia_-15.8481_-47.8912.tif,no
SV_Brasilia_-15.8346_-47.9096.tif,Brasilia,train,rgb/SV_Brasilia_-15.8346_-47.9096.tif,dsm/SV_Brasilia_-15.8346_-47.9096.tif,no
SV_Brasilia_-15.8468_-47.8818.tif,Brasilia,train,rgb/SV_Brasilia_-15.8468_-47.8818.tif,dsm/SV_Brasilia_-15.8468_-47.8818.tif,no
SV_Brasilia_-15.8490_-47.9098.tif,Brasilia,train,rgb/SV_Brasilia_-15.8490_-47.9098.tif,dsm/SV_Brasilia_-15.8490_-47.9098.tif,no
SV_Brasilia_-15.8435_-47.9167.tif,Brasilia,train,rgb/SV_Brasilia_-15.8435_-47.9167.tif,dsm/SV_Brasilia_-15.8435_-47.9167.tif,no
SV_Brasilia_-15.8422_-47.9123.tif,Brasilia,train,rgb/SV_Brasilia_-15.8422_-47.9123.tif,dsm/SV_Brasilia_-15.8422_-47.9123.tif,no
SV_Brasilia_-15.8425_-47.8922.tif,Brasilia,train,rgb/SV_Brasilia_-15.8425_-47.8922.tif,dsm/SV_Brasilia_-15.8425_-47.8922.tif,no
GF2_Brasilia_-15.8653_-47.9293.tif,Brasilia,train,rgb/GF2_Brasilia_-15.8653_-47.9293.tif,dsm/GF2_Brasilia_-15.8653_-47.9293.tif,no
SV_Brasilia_-15.8402_-47.8910.tif,Brasilia,train,rgb/SV_Brasilia_-15.8402_-47.8910.tif,dsm/SV_Brasilia_-15.8402_-47.8910.tif,no
SV_Brasilia_-15.8424_-47.8936.tif,Brasilia,train,rgb/SV_Brasilia_-15.8424_-47.8936.tif,dsm/SV_Brasilia_-15.8424_-47.8936.tif,no
SV_NewDelhi_28.5988_77.0488.tif,NewDelhi,train,rgb/SV_NewDelhi_28.5988_77.0488.tif,dsm/SV_NewDelhi_28.5988_77.0488.tif,yes
GF2_NewDelhi_28.5529_77.1194.tif,NewDelhi,train,rgb/GF2_NewDelhi_28.5529_77.1194.tif,dsm/GF2_NewDelhi_28.5529_77.1194.tif,yes
SV_NewDelhi_28.5720_77.0509.tif,NewDelhi,train,rgb/SV_NewDelhi_28.5720_77.0509.tif,dsm/SV_NewDelhi_28.5720_77.0509.tif,yes
SV_NewDelhi_28.5731_77.0509.tif,NewDelhi,train,rgb/SV_NewDelhi_28.5731_77.0509.tif,dsm/SV_NewDelhi_28.5731_77.0509.tif,yes
SV_NewDelhi_28.5885_77.0426.tif,NewDelhi,train,rgb/SV_NewDelhi_28.5885_77.0426.tif,dsm/SV_NewDelhi_28.5885_77.0426.tif,yes
SV_NewDelhi_28.5874_77.0410.tif,NewDelhi,train,rgb/SV_NewDelhi_28.5874_77.0410.tif,dsm/SV_NewDelhi_28.5874_77.0410.tif,yes
SV_NewDelhi_28.5899_77.0442.tif,NewDelhi,train,rgb/SV_NewDelhi_28.5899_77.0442.tif,dsm/SV_NewDelhi_28.5899_77.0442.tif,yes
SV_NewDelhi_28.5912_77.0487.tif,NewDelhi,train,rgb/SV_NewDelhi_28.5912_77.0487.tif,dsm/SV_NewDelhi_28.5912_77.0487.tif,yes
SV_NewDelhi_28.5794_77.0484.tif,NewDelhi,train,rgb/SV_NewDelhi_28.5794_77.0484.tif,dsm/SV_NewDelhi_28.5794_77.0484.tif,yes
SV_NewDelhi_28.5913_77.0443.tif,NewDelhi,train,rgb/SV_NewDelhi_28.5913_77.0443.tif,dsm/SV_NewDelhi_28.5913_77.0443.tif,yes
SV_NewDelhi_28.6017_77.0476.tif,NewDelhi,train,rgb/SV_NewDelhi_28.6017_77.0476.tif,dsm/SV_NewDelhi_28.6017_77.0476.tif,yes
SV_NewDelhi_28.5884_77.0486.tif,NewDelhi,train,rgb/SV_NewDelhi_28.5884_77.0486.tif,dsm/SV_NewDelhi_28.5884_77.0486.tif,yes
SV_NewDelhi_28.5746_77.0510.tif,NewDelhi,train,rgb/SV_NewDelhi_28.5746_77.0510.tif,dsm/SV_NewDelhi_28.5746_77.0510.tif,yes
SV_NewDelhi_28.5885_77.0410.tif,NewDelhi,train,rgb/SV_NewDelhi_28.5885_77.0410.tif,dsm/SV_NewDelhi_28.5885_77.0410.tif,yes
SV_NewDelhi_28.5808_77.0457.tif,NewDelhi,train,rgb/SV_NewDelhi_28.5808_77.0457.tif,dsm/SV_NewDelhi_28.5808_77.0457.tif,yes
SV_NewDelhi_28.5823_77.0425.tif,NewDelhi,train,rgb/SV_NewDelhi_28.5823_77.0425.tif,dsm/SV_NewDelhi_28.5823_77.0425.tif,yes
SV_NewDelhi_28.5913_77.0411.tif,NewDelhi,train,rgb/SV_NewDelhi_28.5913_77.0411.tif,dsm/SV_NewDelhi_28.5913_77.0411.tif,yes
SV_NewDelhi_28.5912_77.0474.tif,NewDelhi,train,rgb/SV_NewDelhi_28.5912_77.0474.tif,dsm/SV_NewDelhi_28.5912_77.0474.tif,yes
SV_NewDelhi_28.5941_77.0459.tif,NewDelhi,train,rgb/SV_NewDelhi_28.5941_77.0459.tif,dsm/SV_NewDelhi_28.5941_77.0459.tif,yes
SV_NewDelhi_28.5989_77.0460.tif,NewDelhi,train,rgb/SV_NewDelhi_28.5989_77.0460.tif,dsm/SV_NewDelhi_28.5989_77.0460.tif,yes
SV_NewDelhi_28.5822_77.0473.tif,NewDelhi,train,rgb/SV_NewDelhi_28.5822_77.0473.tif,dsm/SV_NewDelhi_28.5822_77.0473.tif,yes
SV_NewDelhi_28.5809_77.0425.tif,NewDelhi,train,rgb/SV_NewDelhi_28.5809_77.0425.tif,dsm/SV_NewDelhi_28.5809_77.0425.tif,yes
SV_NewDelhi_28.5794_77.0472.tif,NewDelhi,train,rgb/SV_NewDelhi_28.5794_77.0472.tif,dsm/SV_NewDelhi_28.5794_77.0472.tif,yes
SV_NewDelhi_28.5720_77.0525.tif,NewDelhi,train,rgb/SV_NewDelhi_28.5720_77.0525.tif,dsm/SV_NewDelhi_28.5720_77.0525.tif,yes
SV_NewDelhi_28.6003_77.0476.tif,NewDelhi,train,rgb/SV_NewDelhi_28.6003_77.0476.tif,dsm/SV_NewDelhi_28.6003_77.0476.tif,yes
SV_NewDelhi_28.5851_77.0425.tif,NewDelhi,train,rgb/SV_NewDelhi_28.5851_77.0425.tif,dsm/SV_NewDelhi_28.5851_77.0425.tif,yes
SV_NewDelhi_28.5822_77.0457.tif,NewDelhi,train,rgb/SV_NewDelhi_28.5822_77.0457.tif,dsm/SV_NewDelhi_28.5822_77.0457.tif,yes
SV_NewDelhi_28.5926_77.0487.tif,NewDelhi,train,rgb/SV_NewDelhi_28.5926_77.0487.tif,dsm/SV_NewDelhi_28.5926_77.0487.tif,yes
SV_NewDelhi_28.5784_77.0424.tif,NewDelhi,train,rgb/SV_NewDelhi_28.5784_77.0424.tif,dsm/SV_NewDelhi_28.5784_77.0424.tif,yes
SV_NewDelhi_28.5885_77.0442.tif,NewDelhi,train,rgb/SV_NewDelhi_28.5885_77.0442.tif,dsm/SV_NewDelhi_28.5885_77.0442.tif,yes
SV_NewDelhi_28.5964_77.0488.tif,NewDelhi,train,rgb/SV_NewDelhi_28.5964_77.0488.tif,dsm/SV_NewDelhi_28.5964_77.0488.tif,yes
SV_NewDelhi_28.5964_77.0475.tif,NewDelhi,train,rgb/SV_NewDelhi_28.5964_77.0475.tif,dsm/SV_NewDelhi_28.5964_77.0475.tif,yes
SV_NewDelhi_28.5942_77.0411.tif,NewDelhi,train,rgb/SV_NewDelhi_28.5942_77.0411.tif,dsm/SV_NewDelhi_28.5942_77.0411.tif,yes
SV_NewDelhi_28.5884_77.0474.tif,NewDelhi,train,rgb/SV_NewDelhi_28.5884_77.0474.tif,dsm/SV_NewDelhi_28.5884_77.0474.tif,yes
SV_NewDelhi_28.6003_77.0444.tif,NewDelhi,train,rgb/SV_NewDelhi_28.6003_77.0444.tif,dsm/SV_NewDelhi_28.6003_77.0444.tif,yes
GF2_NewDelhi_28.5515_77.1209.tif,NewDelhi,train,rgb/GF2_NewDelhi_28.5515_77.1209.tif,dsm/GF2_NewDelhi_28.5515_77.1209.tif,yes
GF2_NewDelhi_28.5557_77.1194.tif,NewDelhi,train,rgb/GF2_NewDelhi_28.5557_77.1194.tif,dsm/GF2_NewDelhi_28.5557_77.1194.tif,yes
SV_NewDelhi_28.6017_77.0429.tif,NewDelhi,train,rgb/SV_NewDelhi_28.6017_77.0429.tif,dsm/SV_NewDelhi_28.6017_77.0429.tif,yes
SV_NewDelhi_28.5851_77.0457.tif,NewDelhi,train,rgb/SV_NewDelhi_28.5851_77.0457.tif,dsm/SV_NewDelhi_28.5851_77.0457.tif,yes
SV_NewDelhi_28.5837_77.0441.tif,NewDelhi,train,rgb/SV_NewDelhi_28.5837_77.0441.tif,dsm/SV_NewDelhi_28.5837_77.0441.tif,yes
GF2_NewDelhi_28.5543_77.1224.tif,NewDelhi,train,rgb/GF2_NewDelhi_28.5543_77.1224.tif,dsm/GF2_NewDelhi_28.5543_77.1224.tif,yes
SV_NewDelhi_28.5784_77.0456.tif,NewDelhi,train,rgb/SV_NewDelhi_28.5784_77.0456.tif,dsm/SV_NewDelhi_28.5784_77.0456.tif,yes
SV_NewDelhi_28.5989_77.0476.tif,NewDelhi,train,rgb/SV_NewDelhi_28.5989_77.0476.tif,dsm/SV_NewDelhi_28.5989_77.0476.tif,yes
SV_NewDelhi_28.5964_77.0428.tif,NewDelhi,train,rgb/SV_NewDelhi_28.5964_77.0428.tif,dsm/SV_NewDelhi_28.5964_77.0428.tif,yes
SV_NewDelhi_28.6017_77.0461.tif,NewDelhi,train,rgb/SV_NewDelhi_28.6017_77.0461.tif,dsm/SV_NewDelhi_28.6017_77.0461.tif,yes
SV_NewDelhi_28.5784_77.0408.tif,NewDelhi,train,rgb/SV_NewDelhi_28.5784_77.0408.tif,dsm/SV_NewDelhi_28.5784_77.0408.tif,yes
SV_NewDelhi_28.6032_77.0413.tif,NewDelhi,train,rgb/SV_NewDelhi_28.6032_77.0413.tif,dsm/SV_NewDelhi_28.6032_77.0413.tif,yes
SV_NewDelhi_28.5940_77.0487.tif,NewDelhi,train,rgb/SV_NewDelhi_28.5940_77.0487.tif,dsm/SV_NewDelhi_28.5940_77.0487.tif,yes
GF2_NewDelhi_28.5515_77.1224.tif,NewDelhi,train,rgb/GF2_NewDelhi_28.5515_77.1224.tif,dsm/GF2_NewDelhi_28.5515_77.1224.tif,yes
SV_NewDelhi_28.5898_77.0486.tif,NewDelhi,train,rgb/SV_NewDelhi_28.5898_77.0486.tif,dsm/SV_NewDelhi_28.5898_77.0486.tif,yes
SV_NewDelhi_28.5975_77.0476.tif,NewDelhi,train,rgb/SV_NewDelhi_28.5975_77.0476.tif,dsm/SV_NewDelhi_28.5975_77.0476.tif,no
SV_NewDelhi_28.5941_77.0475.tif,NewDelhi,train,rgb/SV_NewDelhi_28.5941_77.0475.tif,dsm/SV_NewDelhi_28.5941_77.0475.tif,no
SV_NewDelhi_28.5874_77.0442.tif,NewDelhi,train,rgb/SV_NewDelhi_28.5874_77.0442.tif,dsm/SV_NewDelhi_28.5874_77.0442.tif,no
SV_NewDelhi_28.5964_77.0460.tif,NewDelhi,train,rgb/SV_NewDelhi_28.5964_77.0460.tif,dsm/SV_NewDelhi_28.5964_77.0460.tif,no
SV_NewDelhi_28.5927_77.0427.tif,NewDelhi,train,rgb/SV_NewDelhi_28.5927_77.0427.tif,dsm/SV_NewDelhi_28.5927_77.0427.tif,no
SV_NewDelhi_28.5836_77.0485.tif,NewDelhi,train,rgb/SV_NewDelhi_28.5836_77.0485.tif,dsm/SV_NewDelhi_28.5836_77.0485.tif,no
GF2_NewDelhi_28.5505_77.1209.tif,NewDelhi,train,rgb/GF2_NewDelhi_28.5505_77.1209.tif,dsm/GF2_NewDelhi_28.5505_77.1209.tif,no
SV_NewDelhi_28.5759_77.0526.tif,NewDelhi,train,rgb/SV_NewDelhi_28.5759_77.0526.tif,dsm/SV_NewDelhi_28.5759_77.0526.tif,no
SV_NewDelhi_28.5975_77.0444.tif,NewDelhi,train,rgb/SV_NewDelhi_28.5975_77.0444.tif,dsm/SV_NewDelhi_28.5975_77.0444.tif,no
SV_NewDelhi_28.5874_77.0458.tif,NewDelhi,train,rgb/SV_NewDelhi_28.5874_77.0458.tif,dsm/SV_NewDelhi_28.5874_77.0458.tif,no
SV_NewDelhi_28.5783_77.0484.tif,NewDelhi,train,rgb/SV_NewDelhi_28.5783_77.0484.tif,dsm/SV_NewDelhi_28.5783_77.0484.tif,no
SV_NewDelhi_28.5874_77.0426.tif,NewDelhi,train,rgb/SV_NewDelhi_28.5874_77.0426.tif,dsm/SV_NewDelhi_28.5874_77.0426.tif,no
SV_NewDelhi_28.6003_77.0460.tif,NewDelhi,train,rgb/SV_NewDelhi_28.6003_77.0460.tif,dsm/SV_NewDelhi_28.6003_77.0460.tif,no
SV_NewDelhi_28.5898_77.0474.tif,NewDelhi,train,rgb/SV_NewDelhi_28.5898_77.0474.tif,dsm/SV_NewDelhi_28.5898_77.0474.tif,no
SV_NewDelhi_28.5731_77.0525.tif,NewDelhi,train,rgb/SV_NewDelhi_28.5731_77.0525.tif,dsm/SV_NewDelhi_28.5731_77.0525.tif,no
SV_NewDelhi_28.5795_77.0440.tif,NewDelhi,train,rgb/SV_NewDelhi_28.5795_77.0440.tif,dsm/SV_NewDelhi_28.5795_77.0440.tif,no
SV_NewDelhi_28.5795_77.0424.tif,NewDelhi,train,rgb/SV_NewDelhi_28.5795_77.0424.tif,dsm/SV_NewDelhi_28.5795_77.0424.tif,no
SV_NewDelhi_28.5837_77.0409.tif,NewDelhi,train,rgb/SV_NewDelhi_28.5837_77.0409.tif,dsm/SV_NewDelhi_28.5837_77.0409.tif,no
GF2_NewDelhi_28.5557_77.1225.tif,NewDelhi,train,rgb/GF2_NewDelhi_28.5557_77.1225.tif,dsm/GF2_NewDelhi_28.5557_77.1225.tif,no
SV_NewDelhi_28.5941_77.0427.tif,NewDelhi,train,rgb/SV_NewDelhi_28.5941_77.0427.tif,dsm/SV_NewDelhi_28.5941_77.0427.tif,no
SV_NewDelhi_28.5989_77.0428.tif,NewDelhi,train,rgb/SV_NewDelhi_28.5989_77.0428.tif,dsm/SV_NewDelhi_28.5989_77.0428.tif,no
GF2_NewDelhi_28.5504_77.1224.tif,NewDelhi,train,rgb/GF2_NewDelhi_28.5504_77.1224.tif,dsm/GF2_NewDelhi_28.5504_77.1224.tif,no
SV_NewDelhi_28.6004_77.0412.tif,NewDelhi,train,rgb/SV_NewDelhi_28.6004_77.0412.tif,dsm/SV_NewDelhi_28.6004_77.0412.tif,no
SV_NewDelhi_28.5823_77.0441.tif,NewDelhi,train,rgb/SV_NewDelhi_28.5823_77.0441.tif,dsm/SV_NewDelhi_28.5823_77.0441.tif,no
SV_NewDelhi_28.5899_77.0426.tif,NewDelhi,train,rgb/SV_NewDelhi_28.5899_77.0426.tif,dsm/SV_NewDelhi_28.5899_77.0426.tif,no
SV_NewDelhi_28.5795_77.0408.tif,NewDelhi,train,rgb/SV_NewDelhi_28.5795_77.0408.tif,dsm/SV_NewDelhi_28.5795_77.0408.tif,no
SV_NewDelhi_28.5823_77.0409.tif,NewDelhi,train,rgb/SV_NewDelhi_28.5823_77.0409.tif,dsm/SV_NewDelhi_28.5823_77.0409.tif,no
SV_NewDelhi_28.5720_77.0537.tif,NewDelhi,train,rgb/SV_NewDelhi_28.5720_77.0537.tif,dsm/SV_NewDelhi_28.5720_77.0537.tif,no
GF2_NewDelhi_28.5529_77.1224.tif,NewDelhi,train,rgb/GF2_NewDelhi_28.5529_77.1224.tif,dsm/GF2_NewDelhi_28.5529_77.1224.tif,no
SV_NewDelhi_28.5975_77.0460.tif,NewDelhi,train,rgb/SV_NewDelhi_28.5975_77.0460.tif,dsm/SV_NewDelhi_28.5975_77.0460.tif,no
GF2_NewDelhi_28.5543_77.1194.tif,NewDelhi,train,rgb/GF2_NewDelhi_28.5543_77.1194.tif,dsm/GF2_NewDelhi_28.5543_77.1194.tif,no
SV_NewDelhi_28.6018_77.0413.tif,NewDelhi,train,rgb/SV_NewDelhi_28.6018_77.0413.tif,dsm/SV_NewDelhi_28.6018_77.0413.tif,no
SV_NewDelhi_28.6032_77.0429.tif,NewDelhi,train,rgb/SV_NewDelhi_28.6032_77.0429.tif,dsm/SV_NewDelhi_28.6032_77.0429.tif,no
SV_NewDelhi_28.6031_77.0461.tif,NewDelhi,train,rgb/SV_NewDelhi_28.6031_77.0461.tif,dsm/SV_NewDelhi_28.6031_77.0461.tif,no
SV_NewDelhi_28.6017_77.0445.tif,NewDelhi,train,rgb/SV_NewDelhi_28.6017_77.0445.tif,dsm/SV_NewDelhi_28.6017_77.0445.tif,no
SV_NewDelhi_28.5809_77.0441.tif,NewDelhi,train,rgb/SV_NewDelhi_28.5809_77.0441.tif,dsm/SV_NewDelhi_28.5809_77.0441.tif,no
SV_NewDelhi_28.5850_77.0473.tif,NewDelhi,train,rgb/SV_NewDelhi_28.5850_77.0473.tif,dsm/SV_NewDelhi_28.5850_77.0473.tif,no
SV_NewDelhi_28.6003_77.0428.tif,NewDelhi,train,rgb/SV_NewDelhi_28.6003_77.0428.tif,dsm/SV_NewDelhi_28.6003_77.0428.tif,no
SV_NewDelhi_28.5784_77.0440.tif,NewDelhi,train,rgb/SV_NewDelhi_28.5784_77.0440.tif,dsm/SV_NewDelhi_28.5784_77.0440.tif,no
SV_NewDelhi_28.5851_77.0410.tif,NewDelhi,train,rgb/SV_NewDelhi_28.5851_77.0410.tif,dsm/SV_NewDelhi_28.5851_77.0410.tif,no
GF2_NewDelhi_28.5529_77.1210.tif,NewDelhi,train,rgb/GF2_NewDelhi_28.5529_77.1210.tif,dsm/GF2_NewDelhi_28.5529_77.1210.tif,no
SV_NewDelhi_28.5794_77.0456.tif,NewDelhi,train,rgb/SV_NewDelhi_28.5794_77.0456.tif,dsm/SV_NewDelhi_28.5794_77.0456.tif,no
SV_NewDelhi_28.5899_77.0458.tif,NewDelhi,train,rgb/SV_NewDelhi_28.5899_77.0458.tif,dsm/SV_NewDelhi_28.5899_77.0458.tif,no
SV_NewDelhi_28.5899_77.0410.tif,NewDelhi,train,rgb/SV_NewDelhi_28.5899_77.0410.tif,dsm/SV_NewDelhi_28.5899_77.0410.tif,no
SV_NewDelhi_28.6017_77.0489.tif,NewDelhi,train,rgb/SV_NewDelhi_28.6017_77.0489.tif,dsm/SV_NewDelhi_28.6017_77.0489.tif,no
SV_NewDelhi_28.5913_77.0459.tif,NewDelhi,train,rgb/SV_NewDelhi_28.5913_77.0459.tif,dsm/SV_NewDelhi_28.5913_77.0459.tif,no
SV_NewDelhi_28.5885_77.0458.tif,NewDelhi,train,rgb/SV_NewDelhi_28.5885_77.0458.tif,dsm/SV_NewDelhi_28.5885_77.0458.tif,no
SV_NewDelhi_28.5975_77.0412.tif,NewDelhi,train,rgb/SV_NewDelhi_28.5975_77.0412.tif,dsm/SV_NewDelhi_28.5975_77.0412.tif,no
SV_NewDelhi_28.5989_77.0444.tif,NewDelhi,train,rgb/SV_NewDelhi_28.5989_77.0444.tif,dsm/SV_NewDelhi_28.5989_77.0444.tif,no
SV_NewDelhi_28.6031_77.0477.tif,NewDelhi,train,rgb/SV_NewDelhi_28.6031_77.0477.tif,dsm/SV_NewDelhi_28.6031_77.0477.tif,no
SV_NewDelhi_28.5783_77.0472.tif,NewDelhi,train,rgb/SV_NewDelhi_28.5783_77.0472.tif,dsm/SV_NewDelhi_28.5783_77.0472.tif,no
SV_NewDelhi_28.5927_77.0459.tif,NewDelhi,train,rgb/SV_NewDelhi_28.5927_77.0459.tif,dsm/SV_NewDelhi_28.5927_77.0459.tif,no
SV_NewDelhi_28.5731_77.0537.tif,NewDelhi,train,rgb/SV_NewDelhi_28.5731_77.0537.tif,dsm/SV_NewDelhi_28.5731_77.0537.tif,no
SV_NewDelhi_28.5760_77.0510.tif,NewDelhi,train,rgb/SV_NewDelhi_28.5760_77.0510.tif,dsm/SV_NewDelhi_28.5760_77.0510.tif,no
SV_NewDelhi_28.5927_77.0411.tif,NewDelhi,train,rgb/SV_NewDelhi_28.5927_77.0411.tif,dsm/SV_NewDelhi_28.5927_77.0411.tif,no
SV_NewDelhi_28.6002_77.0488.tif,NewDelhi,train,rgb/SV_NewDelhi_28.6002_77.0488.tif,dsm/SV_NewDelhi_28.6002_77.0488.tif,no
SV_NewDelhi_28.5808_77.0472.tif,NewDelhi,train,rgb/SV_NewDelhi_28.5808_77.0472.tif,dsm/SV_NewDelhi_28.5808_77.0472.tif,no
GF2_NewDelhi_28.5505_77.1193.tif,NewDelhi,train,rgb/GF2_NewDelhi_28.5505_77.1193.tif,dsm/GF2_NewDelhi_28.5505_77.1193.tif,no
SV_NewDelhi_28.6031_77.0445.tif,NewDelhi,train,rgb/SV_NewDelhi_28.6031_77.0445.tif,dsm/SV_NewDelhi_28.6031_77.0445.tif,no
SV_NewDelhi_28.6031_77.0489.tif,NewDelhi,train,rgb/SV_NewDelhi_28.6031_77.0489.tif,dsm/SV_NewDelhi_28.6031_77.0489.tif,no
SV_NewDelhi_28.5745_77.0526.tif,NewDelhi,train,rgb/SV_NewDelhi_28.5745_77.0526.tif,dsm/SV_NewDelhi_28.5745_77.0526.tif,no
SV_NewDelhi_28.5965_77.0412.tif,NewDelhi,train,rgb/SV_NewDelhi_28.5965_77.0412.tif,dsm/SV_NewDelhi_28.5965_77.0412.tif,no
GF2_NewDelhi_28.5557_77.1210.tif,NewDelhi,train,rgb/GF2_NewDelhi_28.5557_77.1210.tif,dsm/GF2_NewDelhi_28.5557_77.1210.tif,no
SV_NewDelhi_28.5913_77.0427.tif,NewDelhi,train,rgb/SV_NewDelhi_28.5913_77.0427.tif,dsm/SV_NewDelhi_28.5913_77.0427.tif,no
SV_NewDelhi_28.5974_77.0488.tif,NewDelhi,train,rgb/SV_NewDelhi_28.5974_77.0488.tif,dsm/SV_NewDelhi_28.5974_77.0488.tif,no
SV_NewDelhi_28.5822_77.0485.tif,NewDelhi,train,rgb/SV_NewDelhi_28.5822_77.0485.tif,dsm/SV_NewDelhi_28.5822_77.0485.tif,no
SV_NewDelhi_28.5850_77.0486.tif,NewDelhi,train,rgb/SV_NewDelhi_28.5850_77.0486.tif,dsm/SV_NewDelhi_28.5850_77.0486.tif,no
SV_NewDelhi_28.5927_77.0475.tif,NewDelhi,train,rgb/SV_NewDelhi_28.5927_77.0475.tif,dsm/SV_NewDelhi_28.5927_77.0475.tif,no
GF2_NewDelhi_28.5515_77.1193.tif,NewDelhi,train,rgb/GF2_NewDelhi_28.5515_77.1193.tif,dsm/GF2_NewDelhi_28.5515_77.1193.tif,no
SV_NewDelhi_28.5809_77.0409.tif,NewDelhi,train,rgb/SV_NewDelhi_28.5809_77.0409.tif,dsm/SV_NewDelhi_28.5809_77.0409.tif,no
SV_NewDelhi_28.5964_77.0444.tif,NewDelhi,train,rgb/SV_NewDelhi_28.5964_77.0444.tif,dsm/SV_NewDelhi_28.5964_77.0444.tif,no
SV_NewDelhi_28.5808_77.0485.tif,NewDelhi,train,rgb/SV_NewDelhi_28.5808_77.0485.tif,dsm/SV_NewDelhi_28.5808_77.0485.tif,no
SV_NewDelhi_28.5927_77.0443.tif,NewDelhi,train,rgb/SV_NewDelhi_28.5927_77.0443.tif,dsm/SV_NewDelhi_28.5927_77.0443.tif,no
SV_NewDelhi_28.5837_77.0425.tif,NewDelhi,train,rgb/SV_NewDelhi_28.5837_77.0425.tif,dsm/SV_NewDelhi_28.5837_77.0425.tif,no
SV_NewDelhi_28.5975_77.0428.tif,NewDelhi,train,rgb/SV_NewDelhi_28.5975_77.0428.tif,dsm/SV_NewDelhi_28.5975_77.0428.tif,no
SV_NewDelhi_28.5941_77.0443.tif,NewDelhi,train,rgb/SV_NewDelhi_28.5941_77.0443.tif,dsm/SV_NewDelhi_28.5941_77.0443.tif,no
SV_NewDelhi_28.5873_77.0474.tif,NewDelhi,train,rgb/SV_NewDelhi_28.5873_77.0474.tif,dsm/SV_NewDelhi_28.5873_77.0474.tif,no
SV_NewDelhi_28.5990_77.0412.tif,NewDelhi,train,rgb/SV_NewDelhi_28.5990_77.0412.tif,dsm/SV_NewDelhi_28.5990_77.0412.tif,no
GF2_NewDelhi_28.5543_77.1210.tif,NewDelhi,train,rgb/GF2_NewDelhi_28.5543_77.1210.tif,dsm/GF2_NewDelhi_28.5543_77.1210.tif,no
SV_NewDelhi_28.5851_77.0441.tif,NewDelhi,train,rgb/SV_NewDelhi_28.5851_77.0441.tif,dsm/SV_NewDelhi_28.5851_77.0441.tif,no
SV_NewDelhi_28.5873_77.0486.tif,NewDelhi,train,rgb/SV_NewDelhi_28.5873_77.0486.tif,dsm/SV_NewDelhi_28.5873_77.0486.tif,no
SV_Portsmouth_50.8213_-1.0540.tif,Portsmouth,train,rgb/SV_Portsmouth_50.8213_-1.0540.tif,dsm/SV_Portsmouth_50.8213_-1.0540.tif,no
SV_Portsmouth_50.7954_-1.0756.tif,Portsmouth,train,rgb/SV_Portsmouth_50.7954_-1.0756.tif,dsm/SV_Portsmouth_50.7954_-1.0756.tif,no
SV_Portsmouth_50.7895_-1.0900.tif,Portsmouth,train,rgb/SV_Portsmouth_50.7895_-1.0900.tif,dsm/SV_Portsmouth_50.7895_-1.0900.tif,no
SV_Portsmouth_50.7968_-1.0716.tif,Portsmouth,train,rgb/SV_Portsmouth_50.7968_-1.0716.tif,dsm/SV_Portsmouth_50.7968_-1.0716.tif,no
SV_Portsmouth_50.8012_-1.0873.tif,Portsmouth,train,rgb/SV_Portsmouth_50.8012_-1.0873.tif,dsm/SV_Portsmouth_50.8012_-1.0873.tif,no
SV_Portsmouth_50.8267_-1.0605.tif,Portsmouth,train,rgb/SV_Portsmouth_50.8267_-1.0605.tif,dsm/SV_Portsmouth_50.8267_-1.0605.tif,no
SV_Portsmouth_50.8252_-1.0561.tif,Portsmouth,train,rgb/SV_Portsmouth_50.8252_-1.0561.tif,dsm/SV_Portsmouth_50.8252_-1.0561.tif,no
SV_Portsmouth_50.8010_-1.0731.tif,Portsmouth,train,rgb/SV_Portsmouth_50.8010_-1.0731.tif,dsm/SV_Portsmouth_50.8010_-1.0731.tif,no
SV_Portsmouth_50.7997_-1.0776.tif,Portsmouth,train,rgb/SV_Portsmouth_50.7997_-1.0776.tif,dsm/SV_Portsmouth_50.7997_-1.0776.tif,no
SV_Portsmouth_50.8280_-1.0560.tif,Portsmouth,train,rgb/SV_Portsmouth_50.8280_-1.0560.tif,dsm/SV_Portsmouth_50.8280_-1.0560.tif,no
SV_Portsmouth_50.8225_-1.0584.tif,Portsmouth,train,rgb/SV_Portsmouth_50.8225_-1.0584.tif,dsm/SV_Portsmouth_50.8225_-1.0584.tif,no
SV_Portsmouth_50.7881_-1.0901.tif,Portsmouth,train,rgb/SV_Portsmouth_50.7881_-1.0901.tif,dsm/SV_Portsmouth_50.7881_-1.0901.tif,no
SV_Portsmouth_50.7829_-1.0685.tif,Portsmouth,train,rgb/SV_Portsmouth_50.7829_-1.0685.tif,dsm/SV_Portsmouth_50.7829_-1.0685.tif,no
SV_Portsmouth_50.7815_-1.0686.tif,Portsmouth,train,rgb/SV_Portsmouth_50.7815_-1.0686.tif,dsm/SV_Portsmouth_50.7815_-1.0686.tif,no
SV_Portsmouth_50.7895_-1.0944.tif,Portsmouth,train,rgb/SV_Portsmouth_50.7895_-1.0944.tif,dsm/SV_Portsmouth_50.7895_-1.0944.tif,no
SV_Portsmouth_50.7984_-1.0857.tif,Portsmouth,train,rgb/SV_Portsmouth_50.7984_-1.0857.tif,dsm/SV_Portsmouth_50.7984_-1.0857.tif,no
SV_Portsmouth_50.7985_-1.0941.tif,Portsmouth,train,rgb/SV_Portsmouth_50.7985_-1.0941.tif,dsm/SV_Portsmouth_50.7985_-1.0941.tif,no
SV_Portsmouth_50.8223_-1.0501.tif,Portsmouth,train,rgb/SV_Portsmouth_50.8223_-1.0501.tif,dsm/SV_Portsmouth_50.8223_-1.0501.tif,no
SV_Portsmouth_50.7956_-1.0876.tif,Portsmouth,train,rgb/SV_Portsmouth_50.7956_-1.0876.tif,dsm/SV_Portsmouth_50.7956_-1.0876.tif,no
SV_Portsmouth_50.7971_-1.0919.tif,Portsmouth,train,rgb/SV_Portsmouth_50.7971_-1.0919.tif,dsm/SV_Portsmouth_50.7971_-1.0919.tif,no
SV_Portsmouth_50.7880_-1.0862.tif,Portsmouth,train,rgb/SV_Portsmouth_50.7880_-1.0862.tif,dsm/SV_Portsmouth_50.7880_-1.0862.tif,no
SV_Portsmouth_50.8279_-1.0498.tif,Portsmouth,train,rgb/SV_Portsmouth_50.8279_-1.0498.tif,dsm/SV_Portsmouth_50.8279_-1.0498.tif,no
SV_Portsmouth_50.7946_-1.0920.tif,Portsmouth,train,rgb/SV_Portsmouth_50.7946_-1.0920.tif,dsm/SV_Portsmouth_50.7946_-1.0920.tif,no
SV_Portsmouth_50.7996_-1.0754.tif,Portsmouth,train,rgb/SV_Portsmouth_50.7996_-1.0754.tif,dsm/SV_Portsmouth_50.7996_-1.0754.tif,no
SV_Portsmouth_50.7983_-1.0799.tif,Portsmouth,train,rgb/SV_Portsmouth_50.7983_-1.0799.tif,dsm/SV_Portsmouth_50.7983_-1.0799.tif,no
SV_Portsmouth_50.7922_-1.0860.tif,Portsmouth,train,rgb/SV_Portsmouth_50.7922_-1.0860.tif,dsm/SV_Portsmouth_50.7922_-1.0860.tif,no
SV_Portsmouth_50.7945_-1.0876.tif,Portsmouth,train,rgb/SV_Portsmouth_50.7945_-1.0876.tif,dsm/SV_Portsmouth_50.7945_-1.0876.tif,no
SV_Portsmouth_50.7985_-1.0896.tif,Portsmouth,train,rgb/SV_Portsmouth_50.7985_-1.0896.tif,dsm/SV_Portsmouth_50.7985_-1.0896.tif,no
SV_Portsmouth_50.7985_-1.0919.tif,Portsmouth,train,rgb/SV_Portsmouth_50.7985_-1.0919.tif,dsm/SV_Portsmouth_50.7985_-1.0919.tif,no
SV_Portsmouth_50.7970_-1.0858.tif,Portsmouth,train,rgb/SV_Portsmouth_50.7970_-1.0858.tif,dsm/SV_Portsmouth_50.7970_-1.0858.tif,no
SV_Portsmouth_50.7828_-1.0619.tif,Portsmouth,train,rgb/SV_Portsmouth_50.7828_-1.0619.tif,dsm/SV_Portsmouth_50.7828_-1.0619.tif,no
SV_Portsmouth_50.8013_-1.0940.tif,Portsmouth,train,rgb/SV_Portsmouth_50.8013_-1.0940.tif,dsm/SV_Portsmouth_50.8013_-1.0940.tif,no
SV_Portsmouth_50.7909_-1.0922.tif,Portsmouth,train,rgb/SV_Portsmouth_50.7909_-1.0922.tif,dsm/SV_Portsmouth_50.7909_-1.0922.tif,no
SV_Portsmouth_50.8266_-1.0538.tif,Portsmouth,train,rgb/SV_Portsmouth_50.8266_-1.0538.tif,dsm/SV_Portsmouth_50.8266_-1.0538.tif,no
SV_Portsmouth_50.8213_-1.0518.tif,Portsmouth,train,rgb/SV_Portsmouth_50.8213_-1.0518.tif,dsm/SV_Portsmouth_50.8213_-1.0518.tif,no
SV_Portsmouth_50.8013_-1.0895.tif,Portsmouth,train,rgb/SV_Portsmouth_50.8013_-1.0895.tif,dsm/SV_Portsmouth_50.8013_-1.0895.tif,no
SV_Portsmouth_50.7945_-1.0823.tif,Portsmouth,train,rgb/SV_Portsmouth_50.7945_-1.0823.tif,dsm/SV_Portsmouth_50.7945_-1.0823.tif,no
SV_Portsmouth_50.8252_-1.0539.tif,Portsmouth,train,rgb/SV_Portsmouth_50.8252_-1.0539.tif,dsm/SV_Portsmouth_50.8252_-1.0539.tif,no
SV_Portsmouth_50.8224_-1.0540.tif,Portsmouth,train,rgb/SV_Portsmouth_50.8224_-1.0540.tif,dsm/SV_Portsmouth_50.8224_-1.0540.tif,no
SV_Portsmouth_50.7971_-1.0897.tif,Portsmouth,train,rgb/SV_Portsmouth_50.7971_-1.0897.tif,dsm/SV_Portsmouth_50.7971_-1.0897.tif,no
SV_Portsmouth_50.8000_-1.0962.tif,Portsmouth,train,rgb/SV_Portsmouth_50.8000_-1.0962.tif,dsm/SV_Portsmouth_50.8000_-1.0962.tif,no
SV_Portsmouth_50.8212_-1.0501.tif,Portsmouth,train,rgb/SV_Portsmouth_50.8212_-1.0501.tif,dsm/SV_Portsmouth_50.8212_-1.0501.tif,no
SV_Portsmouth_50.8012_-1.0856.tif,Portsmouth,train,rgb/SV_Portsmouth_50.8012_-1.0856.tif,dsm/SV_Portsmouth_50.8012_-1.0856.tif,no
SV_Portsmouth_50.7971_-1.0941.tif,Portsmouth,train,rgb/SV_Portsmouth_50.7971_-1.0941.tif,dsm/SV_Portsmouth_50.7971_-1.0941.tif,no
SV_Portsmouth_50.8010_-1.0714.tif,Portsmouth,train,rgb/SV_Portsmouth_50.8010_-1.0714.tif,dsm/SV_Portsmouth_50.8010_-1.0714.tif,no
SV_Portsmouth_50.7856_-1.0902.tif,Portsmouth,train,rgb/SV_Portsmouth_50.7856_-1.0902.tif,dsm/SV_Portsmouth_50.7856_-1.0902.tif,no
SV_Portsmouth_50.8239_-1.0584.tif,Portsmouth,train,rgb/SV_Portsmouth_50.8239_-1.0584.tif,dsm/SV_Portsmouth_50.8239_-1.0584.tif,no
SV_Portsmouth_50.8267_-1.0583.tif,Portsmouth,train,rgb/SV_Portsmouth_50.8267_-1.0583.tif,dsm/SV_Portsmouth_50.8267_-1.0583.tif,no
SV_Portsmouth_50.7998_-1.0857.tif,Portsmouth,train,rgb/SV_Portsmouth_50.7998_-1.0857.tif,dsm/SV_Portsmouth_50.7998_-1.0857.tif,no
SV_Portsmouth_50.7969_-1.0799.tif,Portsmouth,train,rgb/SV_Portsmouth_50.7969_-1.0799.tif,dsm/SV_Portsmouth_50.7969_-1.0799.tif,no
SV_Portsmouth_50.8237_-1.0517.tif,Portsmouth,train,rgb/SV_Portsmouth_50.8237_-1.0517.tif,dsm/SV_Portsmouth_50.8237_-1.0517.tif,no
SV_Portsmouth_50.7996_-1.0715.tif,Portsmouth,train,rgb/SV_Portsmouth_50.7996_-1.0715.tif,dsm/SV_Portsmouth_50.7996_-1.0715.tif,no
SV_Portsmouth_50.7829_-1.0641.tif,Portsmouth,train,rgb/SV_Portsmouth_50.7829_-1.0641.tif,dsm/SV_Portsmouth_50.7829_-1.0641.tif,no
SV_Portsmouth_50.7998_-1.0874.tif,Portsmouth,train,rgb/SV_Portsmouth_50.7998_-1.0874.tif,dsm/SV_Portsmouth_50.7998_-1.0874.tif,no
SV_Portsmouth_50.8011_-1.0820.tif,Portsmouth,train,rgb/SV_Portsmouth_50.8011_-1.0820.tif,dsm/SV_Portsmouth_50.8011_-1.0820.tif,no
SV_Portsmouth_50.7867_-1.0901.tif,Portsmouth,train,rgb/SV_Portsmouth_50.7867_-1.0901.tif,dsm/SV_Portsmouth_50.7867_-1.0901.tif,no
SV_Portsmouth_50.7866_-1.0879.tif,Portsmouth,train,rgb/SV_Portsmouth_50.7866_-1.0879.tif,dsm/SV_Portsmouth_50.7866_-1.0879.tif,no
SV_Portsmouth_50.7972_-1.0963.tif,Portsmouth,train,rgb/SV_Portsmouth_50.7972_-1.0963.tif,dsm/SV_Portsmouth_50.7972_-1.0963.tif,no
SV_Portsmouth_50.7945_-1.0859.tif,Portsmouth,train,rgb/SV_Portsmouth_50.7945_-1.0859.tif,dsm/SV_Portsmouth_50.7945_-1.0859.tif,no
SV_Portsmouth_50.7908_-1.0860.tif,Portsmouth,train,rgb/SV_Portsmouth_50.7908_-1.0860.tif,dsm/SV_Portsmouth_50.7908_-1.0860.tif,no
SV_Portsmouth_50.7955_-1.0800.tif,Portsmouth,train,rgb/SV_Portsmouth_50.7955_-1.0800.tif,dsm/SV_Portsmouth_50.7955_-1.0800.tif,no
SV_Portsmouth_50.7923_-1.0899.tif,Portsmouth,train,rgb/SV_Portsmouth_50.7923_-1.0899.tif,dsm/SV_Portsmouth_50.7923_-1.0899.tif,no
SV_Portsmouth_50.7982_-1.0755.tif,Portsmouth,train,rgb/SV_Portsmouth_50.7982_-1.0755.tif,dsm/SV_Portsmouth_50.7982_-1.0755.tif,no
SV_Portsmouth_50.7958_-1.0964.tif,Portsmouth,train,rgb/SV_Portsmouth_50.7958_-1.0964.tif,dsm/SV_Portsmouth_50.7958_-1.0964.tif,no
SV_Portsmouth_50.7880_-1.0879.tif,Portsmouth,train,rgb/SV_Portsmouth_50.7880_-1.0879.tif,dsm/SV_Portsmouth_50.7880_-1.0879.tif,no
SV_Portsmouth_50.7896_-1.0967.tif,Portsmouth,train,rgb/SV_Portsmouth_50.7896_-1.0967.tif,dsm/SV_Portsmouth_50.7896_-1.0967.tif,no
SV_Portsmouth_50.7999_-1.0896.tif,Portsmouth,train,rgb/SV_Portsmouth_50.7999_-1.0896.tif,dsm/SV_Portsmouth_50.7999_-1.0896.tif,no
SV_Portsmouth_50.8239_-1.0606.tif,Portsmouth,train,rgb/SV_Portsmouth_50.8239_-1.0606.tif,dsm/SV_Portsmouth_50.8239_-1.0606.tif,no
SV_Portsmouth_50.7867_-1.0946.tif,Portsmouth,train,rgb/SV_Portsmouth_50.7867_-1.0946.tif,dsm/SV_Portsmouth_50.7867_-1.0946.tif,no
SV_Portsmouth_50.7881_-1.0945.tif,Portsmouth,train,rgb/SV_Portsmouth_50.7881_-1.0945.tif,dsm/SV_Portsmouth_50.7881_-1.0945.tif,no
SV_Portsmouth_50.7868_-1.0968.tif,Portsmouth,train,rgb/SV_Portsmouth_50.7868_-1.0968.tif,dsm/SV_Portsmouth_50.7868_-1.0968.tif,no
SV_Portsmouth_50.7982_-1.0716.tif,Portsmouth,train,rgb/SV_Portsmouth_50.7982_-1.0716.tif,dsm/SV_Portsmouth_50.7982_-1.0716.tif,no
SV_Portsmouth_50.7968_-1.0755.tif,Portsmouth,train,rgb/SV_Portsmouth_50.7968_-1.0755.tif,dsm/SV_Portsmouth_50.7968_-1.0755.tif,no
SV_Portsmouth_50.7943_-1.0717.tif,Portsmouth,train,rgb/SV_Portsmouth_50.7943_-1.0717.tif,dsm/SV_Portsmouth_50.7943_-1.0717.tif,no
SV_Portsmouth_50.8237_-1.0500.tif,Portsmouth,train,rgb/SV_Portsmouth_50.8237_-1.0500.tif,dsm/SV_Portsmouth_50.8237_-1.0500.tif,no
SV_Portsmouth_50.7969_-1.0822.tif,Portsmouth,train,rgb/SV_Portsmouth_50.7969_-1.0822.tif,dsm/SV_Portsmouth_50.7969_-1.0822.tif,no
SV_Portsmouth_50.7957_-1.0898.tif,Portsmouth,train,rgb/SV_Portsmouth_50.7957_-1.0898.tif,dsm/SV_Portsmouth_50.7957_-1.0898.tif,no
SV_Portsmouth_50.8253_-1.0605.tif,Portsmouth,train,rgb/SV_Portsmouth_50.8253_-1.0605.tif,dsm/SV_Portsmouth_50.8253_-1.0605.tif,no
SV_Portsmouth_50.7983_-1.0777.tif,Portsmouth,train,rgb/SV_Portsmouth_50.7983_-1.0777.tif,dsm/SV_Portsmouth_50.7983_-1.0777.tif,no
SV_Portsmouth_50.7882_-1.0967.tif,Portsmouth,train,rgb/SV_Portsmouth_50.7882_-1.0967.tif,dsm/SV_Portsmouth_50.7882_-1.0967.tif,no
SV_Portsmouth_50.7867_-1.0923.tif,Portsmouth,train,rgb/SV_Portsmouth_50.7867_-1.0923.tif,dsm/SV_Portsmouth_50.7867_-1.0923.tif,no
SV_Portsmouth_50.7908_-1.0877.tif,Portsmouth,train,rgb/SV_Portsmouth_50.7908_-1.0877.tif,dsm/SV_Portsmouth_50.7908_-1.0877.tif,no
SV_Portsmouth_50.8011_-1.0798.tif,Portsmouth,train,rgb/SV_Portsmouth_50.8011_-1.0798.tif,dsm/SV_Portsmouth_50.8011_-1.0798.tif,no
SV_Portsmouth_50.8213_-1.0563.tif,Portsmouth,train,rgb/SV_Portsmouth_50.8213_-1.0563.tif,dsm/SV_Portsmouth_50.8213_-1.0563.tif,no
SV_Portsmouth_50.7810_-1.0686.tif,Portsmouth,train,rgb/SV_Portsmouth_50.7810_-1.0686.tif,dsm/SV_Portsmouth_50.7810_-1.0686.tif,no
SV_Portsmouth_50.7956_-1.0858.tif,Portsmouth,train,rgb/SV_Portsmouth_50.7956_-1.0858.tif,dsm/SV_Portsmouth_50.7956_-1.0858.tif,no
SV_Portsmouth_50.7829_-1.0663.tif,Portsmouth,train,rgb/SV_Portsmouth_50.7829_-1.0663.tif,dsm/SV_Portsmouth_50.7829_-1.0663.tif,no
SV_Portsmouth_50.8238_-1.0562.tif,Portsmouth,train,rgb/SV_Portsmouth_50.8238_-1.0562.tif,dsm/SV_Portsmouth_50.8238_-1.0562.tif,no
SV_Portsmouth_50.8251_-1.0500.tif,Portsmouth,train,rgb/SV_Portsmouth_50.8251_-1.0500.tif,dsm/SV_Portsmouth_50.8251_-1.0500.tif,no
SV_Portsmouth_50.7996_-1.0732.tif,Portsmouth,train,rgb/SV_Portsmouth_50.7996_-1.0732.tif,dsm/SV_Portsmouth_50.7996_-1.0732.tif,no
SV_Portsmouth_50.7881_-1.0923.tif,Portsmouth,train,rgb/SV_Portsmouth_50.7881_-1.0923.tif,dsm/SV_Portsmouth_50.7881_-1.0923.tif,no
SV_Portsmouth_50.7924_-1.0965.tif,Portsmouth,train,rgb/SV_Portsmouth_50.7924_-1.0965.tif,dsm/SV_Portsmouth_50.7924_-1.0965.tif,no
SV_Portsmouth_50.7946_-1.0898.tif,Portsmouth,train,rgb/SV_Portsmouth_50.7946_-1.0898.tif,dsm/SV_Portsmouth_50.7946_-1.0898.tif,no
SV_Portsmouth_50.7957_-1.0942.tif,Portsmouth,train,rgb/SV_Portsmouth_50.7957_-1.0942.tif,dsm/SV_Portsmouth_50.7957_-1.0942.tif,no
SV_Portsmouth_50.7954_-1.0734.tif,Portsmouth,train,rgb/SV_Portsmouth_50.7954_-1.0734.tif,dsm/SV_Portsmouth_50.7954_-1.0734.tif,no
SV_Portsmouth_50.7866_-1.0862.tif,Portsmouth,train,rgb/SV_Portsmouth_50.7866_-1.0862.tif,dsm/SV_Portsmouth_50.7866_-1.0862.tif,no
SV_Portsmouth_50.7982_-1.0733.tif,Portsmouth,train,rgb/SV_Portsmouth_50.7982_-1.0733.tif,dsm/SV_Portsmouth_50.7982_-1.0733.tif,no
SV_Portsmouth_50.7955_-1.0778.tif,Portsmouth,train,rgb/SV_Portsmouth_50.7955_-1.0778.tif,dsm/SV_Portsmouth_50.7955_-1.0778.tif,no
SV_Portsmouth_50.7894_-1.0878.tif,Portsmouth,train,rgb/SV_Portsmouth_50.7894_-1.0878.tif,dsm/SV_Portsmouth_50.7894_-1.0878.tif,no
SV_Portsmouth_50.7997_-1.0798.tif,Portsmouth,train,rgb/SV_Portsmouth_50.7997_-1.0798.tif,dsm/SV_Portsmouth_50.7997_-1.0798.tif,no
SV_Portsmouth_50.7957_-1.0920.tif,Portsmouth,train,rgb/SV_Portsmouth_50.7957_-1.0920.tif,dsm/SV_Portsmouth_50.7957_-1.0920.tif,no
SV_Portsmouth_50.7969_-1.0777.tif,Portsmouth,train,rgb/SV_Portsmouth_50.7969_-1.0777.tif,dsm/SV_Portsmouth_50.7969_-1.0777.tif,no
SV_Portsmouth_50.8253_-1.0583.tif,Portsmouth,train,rgb/SV_Portsmouth_50.8253_-1.0583.tif,dsm/SV_Portsmouth_50.8253_-1.0583.tif,no
SV_Portsmouth_50.7999_-1.0918.tif,Portsmouth,train,rgb/SV_Portsmouth_50.7999_-1.0918.tif,dsm/SV_Portsmouth_50.7999_-1.0918.tif,no
SV_Portsmouth_50.7997_-1.0820.tif,Portsmouth,train,rgb/SV_Portsmouth_50.7997_-1.0820.tif,dsm/SV_Portsmouth_50.7997_-1.0820.tif,no
SV_Portsmouth_50.8214_-1.0585.tif,Portsmouth,train,rgb/SV_Portsmouth_50.8214_-1.0585.tif,dsm/SV_Portsmouth_50.8214_-1.0585.tif,no
SV_Portsmouth_50.8013_-1.0917.tif,Portsmouth,train,rgb/SV_Portsmouth_50.8013_-1.0917.tif,dsm/SV_Portsmouth_50.8013_-1.0917.tif,no
SV_Portsmouth_50.7984_-1.0874.tif,Portsmouth,train,rgb/SV_Portsmouth_50.7984_-1.0874.tif,dsm/SV_Portsmouth_50.7984_-1.0874.tif,no
SV_Portsmouth_50.8011_-1.0776.tif,Portsmouth,train,rgb/SV_Portsmouth_50.8011_-1.0776.tif,dsm/SV_Portsmouth_50.8011_-1.0776.tif,no
SV_Portsmouth_50.8225_-1.0606.tif,Portsmouth,train,rgb/SV_Portsmouth_50.8225_-1.0606.tif,dsm/SV_Portsmouth_50.8225_-1.0606.tif,no
SV_Portsmouth_50.8224_-1.0562.tif,Portsmouth,train,rgb/SV_Portsmouth_50.8224_-1.0562.tif,dsm/SV_Portsmouth_50.8224_-1.0562.tif,no
SV_Portsmouth_50.7947_-1.0964.tif,Portsmouth,train,rgb/SV_Portsmouth_50.7947_-1.0964.tif,dsm/SV_Portsmouth_50.7947_-1.0964.tif,no
SV_Portsmouth_50.7856_-1.0924.tif,Portsmouth,train,rgb/SV_Portsmouth_50.7856_-1.0924.tif,dsm/SV_Portsmouth_50.7856_-1.0924.tif,no
SV_Portsmouth_50.7894_-1.0861.tif,Portsmouth,train,rgb/SV_Portsmouth_50.7894_-1.0861.tif,dsm/SV_Portsmouth_50.7894_-1.0861.tif,no
SV_Portsmouth_50.7857_-1.0968.tif,Portsmouth,train,rgb/SV_Portsmouth_50.7857_-1.0968.tif,dsm/SV_Portsmouth_50.7857_-1.0968.tif,no
SV_Portsmouth_50.8281_-1.0582.tif,Portsmouth,train,rgb/SV_Portsmouth_50.8281_-1.0582.tif,dsm/SV_Portsmouth_50.8281_-1.0582.tif,no
SV_Portsmouth_50.7946_-1.0942.tif,Portsmouth,train,rgb/SV_Portsmouth_50.7946_-1.0942.tif,dsm/SV_Portsmouth_50.7946_-1.0942.tif,no
SV_Portsmouth_50.7922_-1.0877.tif,Portsmouth,train,rgb/SV_Portsmouth_50.7922_-1.0877.tif,dsm/SV_Portsmouth_50.7922_-1.0877.tif,no
SV_Portsmouth_50.8280_-1.0538.tif,Portsmouth,train,rgb/SV_Portsmouth_50.8280_-1.0538.tif,dsm/SV_Portsmouth_50.8280_-1.0538.tif,no
SV_Portsmouth_50.7999_-1.0940.tif,Portsmouth,train,rgb/SV_Portsmouth_50.7999_-1.0940.tif,dsm/SV_Portsmouth_50.7999_-1.0940.tif,no
SV_Portsmouth_50.7856_-1.0880.tif,Portsmouth,train,rgb/SV_Portsmouth_50.7856_-1.0880.tif,dsm/SV_Portsmouth_50.7856_-1.0880.tif,no
SV_Portsmouth_50.7909_-1.0944.tif,Portsmouth,train,rgb/SV_Portsmouth_50.7909_-1.0944.tif,dsm/SV_Portsmouth_50.7909_-1.0944.tif,no
SV_Portsmouth_50.7828_-1.0597.tif,Portsmouth,train,rgb/SV_Portsmouth_50.7828_-1.0597.tif,dsm/SV_Portsmouth_50.7828_-1.0597.tif,no
SV_Portsmouth_50.7944_-1.0778.tif,Portsmouth,train,rgb/SV_Portsmouth_50.7944_-1.0778.tif,dsm/SV_Portsmouth_50.7944_-1.0778.tif,no
SV_Portsmouth_50.7923_-1.0943.tif,Portsmouth,train,rgb/SV_Portsmouth_50.7923_-1.0943.tif,dsm/SV_Portsmouth_50.7923_-1.0943.tif,no
SV_Portsmouth_50.7943_-1.0734.tif,Portsmouth,train,rgb/SV_Portsmouth_50.7943_-1.0734.tif,dsm/SV_Portsmouth_50.7943_-1.0734.tif,no
SV_Portsmouth_50.8266_-1.0560.tif,Portsmouth,train,rgb/SV_Portsmouth_50.8266_-1.0560.tif,dsm/SV_Portsmouth_50.8266_-1.0560.tif,no
SV_Portsmouth_50.7910_-1.0966.tif,Portsmouth,train,rgb/SV_Portsmouth_50.7910_-1.0966.tif,dsm/SV_Portsmouth_50.7910_-1.0966.tif,no
SV_Portsmouth_50.8281_-1.0604.tif,Portsmouth,train,rgb/SV_Portsmouth_50.8281_-1.0604.tif,dsm/SV_Portsmouth_50.8281_-1.0604.tif,no
SV_Portsmouth_50.8238_-1.0539.tif,Portsmouth,train,rgb/SV_Portsmouth_50.8238_-1.0539.tif,dsm/SV_Portsmouth_50.8238_-1.0539.tif,no
SV_Portsmouth_50.8214_-1.0607.tif,Portsmouth,train,rgb/SV_Portsmouth_50.8214_-1.0607.tif,dsm/SV_Portsmouth_50.8214_-1.0607.tif,no
SV_Portsmouth_50.7944_-1.0801.tif,Portsmouth,train,rgb/SV_Portsmouth_50.7944_-1.0801.tif,dsm/SV_Portsmouth_50.7944_-1.0801.tif,no
SV_Portsmouth_50.8223_-1.0518.tif,Portsmouth,train,rgb/SV_Portsmouth_50.8223_-1.0518.tif,dsm/SV_Portsmouth_50.8223_-1.0518.tif,no
SV_Portsmouth_50.7895_-1.0922.tif,Portsmouth,train,rgb/SV_Portsmouth_50.7895_-1.0922.tif,dsm/SV_Portsmouth_50.7895_-1.0922.tif,no
SV_Portsmouth_50.7983_-1.0821.tif,Portsmouth,train,rgb/SV_Portsmouth_50.7983_-1.0821.tif,dsm/SV_Portsmouth_50.7983_-1.0821.tif,no
SV_Portsmouth_50.7968_-1.0733.tif,Portsmouth,train,rgb/SV_Portsmouth_50.7968_-1.0733.tif,dsm/SV_Portsmouth_50.7968_-1.0733.tif,no
SV_Portsmouth_50.8010_-1.0754.tif,Portsmouth,train,rgb/SV_Portsmouth_50.8010_-1.0754.tif,dsm/SV_Portsmouth_50.8010_-1.0754.tif,no
SV_Portsmouth_50.8280_-1.0516.tif,Portsmouth,train,rgb/SV_Portsmouth_50.8280_-1.0516.tif,dsm/SV_Portsmouth_50.8280_-1.0516.tif,no
SV_Portsmouth_50.8266_-1.0516.tif,Portsmouth,train,rgb/SV_Portsmouth_50.8266_-1.0516.tif,dsm/SV_Portsmouth_50.8266_-1.0516.tif,no
SV_Portsmouth_50.8251_-1.0517.tif,Portsmouth,train,rgb/SV_Portsmouth_50.8251_-1.0517.tif,dsm/SV_Portsmouth_50.8251_-1.0517.tif,no
SV_Portsmouth_50.8265_-1.0499.tif,Portsmouth,train,rgb/SV_Portsmouth_50.8265_-1.0499.tif,dsm/SV_Portsmouth_50.8265_-1.0499.tif,no
SV_Portsmouth_50.7909_-1.0900.tif,Portsmouth,train,rgb/SV_Portsmouth_50.7909_-1.0900.tif,dsm/SV_Portsmouth_50.7909_-1.0900.tif,no
SV_Portsmouth_50.7970_-1.0875.tif,Portsmouth,train,rgb/SV_Portsmouth_50.7970_-1.0875.tif,dsm/SV_Portsmouth_50.7970_-1.0875.tif,no
SV_Portsmouth_50.8014_-1.0962.tif,Portsmouth,train,rgb/SV_Portsmouth_50.8014_-1.0962.tif,dsm/SV_Portsmouth_50.8014_-1.0962.tif,no
SV_Portsmouth_50.7855_-1.0863.tif,Portsmouth,train,rgb/SV_Portsmouth_50.7855_-1.0863.tif,dsm/SV_Portsmouth_50.7855_-1.0863.tif,no
SV_Portsmouth_50.7954_-1.0717.tif,Portsmouth,train,rgb/SV_Portsmouth_50.7954_-1.0717.tif,dsm/SV_Portsmouth_50.7954_-1.0717.tif,no
SV_Portsmouth_50.7923_-1.0921.tif,Portsmouth,train,rgb/SV_Portsmouth_50.7923_-1.0921.tif,dsm/SV_Portsmouth_50.7923_-1.0921.tif,no
SV_Portsmouth_50.7986_-1.0963.tif,Portsmouth,train,rgb/SV_Portsmouth_50.7986_-1.0963.tif,dsm/SV_Portsmouth_50.7986_-1.0963.tif,no
SV_Portsmouth_50.7955_-1.0822.tif,Portsmouth,train,rgb/SV_Portsmouth_50.7955_-1.0822.tif,dsm/SV_Portsmouth_50.7955_-1.0822.tif,no
SV_Portsmouth_50.7857_-1.0946.tif,Portsmouth,train,rgb/SV_Portsmouth_50.7857_-1.0946.tif,dsm/SV_Portsmouth_50.7857_-1.0946.tif,no
SV_Portsmouth_50.7943_-1.0756.tif,Portsmouth,train,rgb/SV_Portsmouth_50.7943_-1.0756.tif,dsm/SV_Portsmouth_50.7943_-1.0756.tif,no
SV_Rio_-22.9097_-43.1971.tif,Rio,train,rgb/SV_Rio_-22.9097_-43.1971.tif,dsm/SV_Rio_-22.9097_-43.1971.tif,yes
SV_Rio_-22.9068_-43.1914.tif,Rio,train,rgb/SV_Rio_-22.9068_-43.1914.tif,dsm/SV_Rio_-22.9068_-43.1914.tif,yes
SV_Rio_-22.9068_-43.1971.tif,Rio,train,rgb/SV_Rio_-22.9068_-43.1971.tif,dsm/SV_Rio_-22.9068_-43.1971.tif,yes
SV_Rio_-22.9118_-43.1689.tif,Rio,train,rgb/SV_Rio_-22.9118_-43.1689.tif,dsm/SV_Rio_-22.9118_-43.1689.tif,yes
SV_Rio_-22.9120_-43.1802.tif,Rio,train,rgb/SV_Rio_-22.9120_-43.1802.tif,dsm/SV_Rio_-22.9120_-43.1802.tif,yes
SV_Rio_-22.9068_-43.1956.tif,Rio,train,rgb/SV_Rio_-22.9068_-43.1956.tif,dsm/SV_Rio_-22.9068_-43.1956.tif,yes
SV_Rio_-22.9096_-43.1925.tif,Rio,train,rgb/SV_Rio_-22.9096_-43.1925.tif,dsm/SV_Rio_-22.9096_-43.1925.tif,yes
SV_Rio_-22.9083_-43.1971.tif,Rio,train,rgb/SV_Rio_-22.9083_-43.1971.tif,dsm/SV_Rio_-22.9083_-43.1971.tif,yes
SV_Rio_-22.9104_-43.1684.tif,Rio,train,rgb/SV_Rio_-22.9104_-43.1684.tif,dsm/SV_Rio_-22.9104_-43.1684.tif,yes
SV_Rio_-22.9104_-43.1690.tif,Rio,train,rgb/SV_Rio_-22.9104_-43.1690.tif,dsm/SV_Rio_-22.9104_-43.1690.tif,yes
SV_Rio_-22.9068_-43.1941.tif,Rio,train,rgb/SV_Rio_-22.9068_-43.1941.tif,dsm/SV_Rio_-22.9068_-43.1941.tif,yes
SV_Rio_-22.9118_-43.1955.tif,Rio,train,rgb/SV_Rio_-22.9118_-43.1955.tif,dsm/SV_Rio_-22.9118_-43.1955.tif,yes
SV_Rio_-22.9091_-43.1787.tif,Rio,train,rgb/SV_Rio_-22.9091_-43.1787.tif,dsm/SV_Rio_-22.9091_-43.1787.tif,yes
SV_Rio_-22.9091_-43.1772.tif,Rio,train,rgb/SV_Rio_-22.9091_-43.1772.tif,dsm/SV_Rio_-22.9091_-43.1772.tif,yes
SV_Rio_-22.9119_-43.1741.tif,Rio,train,rgb/SV_Rio_-22.9119_-43.1741.tif,dsm/SV_Rio_-22.9119_-43.1741.tif,yes
SV_Rio_-22.9117_-43.1913.tif,Rio,train,rgb/SV_Rio_-22.9117_-43.1913.tif,dsm/SV_Rio_-22.9117_-43.1913.tif,yes
SV_Rio_-22.9082_-43.1925.tif,Rio,train,rgb/SV_Rio_-22.9082_-43.1925.tif,dsm/SV_Rio_-22.9082_-43.1925.tif,yes
SV_Rio_-22.9028_-43.1691.tif,Rio,train,rgb/SV_Rio_-22.9028_-43.1691.tif,dsm/SV_Rio_-22.9028_-43.1691.tif,yes
SV_Rio_-22.9118_-43.1684.tif,Rio,train,rgb/SV_Rio_-22.9118_-43.1684.tif,dsm/SV_Rio_-22.9118_-43.1684.tif,yes
SV_Rio_-22.9119_-43.1757.tif,Rio,train,rgb/SV_Rio_-22.9119_-43.1757.tif,dsm/SV_Rio_-22.9119_-43.1757.tif,yes
SV_Rio_-22.9091_-43.1757.tif,Rio,train,rgb/SV_Rio_-22.9091_-43.1757.tif,dsm/SV_Rio_-22.9091_-43.1757.tif,yes
SV_Rio_-22.9092_-43.1803.tif,Rio,train,rgb/SV_Rio_-22.9092_-43.1803.tif,dsm/SV_Rio_-22.9092_-43.1803.tif,yes
SV_Rio_-22.9082_-43.1914.tif,Rio,train,rgb/SV_Rio_-22.9082_-43.1914.tif,dsm/SV_Rio_-22.9082_-43.1914.tif,yes
SV_Rio_-22.9105_-43.1705.tif,Rio,train,rgb/SV_Rio_-22.9105_-43.1705.tif,dsm/SV_Rio_-22.9105_-43.1705.tif,yes
SV_Rio_-22.9097_-43.1986.tif,Rio,train,rgb/SV_Rio_-22.9097_-43.1986.tif,dsm/SV_Rio_-22.9097_-43.1986.tif,yes
SV_Rio_-22.9068_-43.1925.tif,Rio,train,rgb/SV_Rio_-22.9068_-43.1925.tif,dsm/SV_Rio_-22.9068_-43.1925.tif,yes
SV_Rio_-22.9105_-43.1787.tif,Rio,train,rgb/SV_Rio_-22.9105_-43.1787.tif,dsm/SV_Rio_-22.9105_-43.1787.tif,yes
SV_Rio_-22.9120_-43.1787.tif,Rio,train,rgb/SV_Rio_-22.9120_-43.1787.tif,dsm/SV_Rio_-22.9120_-43.1787.tif,yes
SV_Rio_-22.9090_-43.1690.tif,Rio,train,rgb/SV_Rio_-22.9090_-43.1690.tif,dsm/SV_Rio_-22.9090_-43.1690.tif,yes
SV_Rio_-22.9096_-43.1913.tif,Rio,train,rgb/SV_Rio_-22.9096_-43.1913.tif,dsm/SV_Rio_-22.9096_-43.1913.tif,yes
SV_Rio_-22.9054_-43.1941.tif,Rio,train,rgb/SV_Rio_-22.9054_-43.1941.tif,dsm/SV_Rio_-22.9054_-43.1941.tif,yes
SV_Rio_-22.9118_-43.1986.tif,Rio,train,rgb/SV_Rio_-22.9118_-43.1986.tif,dsm/SV_Rio_-22.9118_-43.1986.tif,yes
SV_Rio_-22.9063_-43.1788.tif,Rio,train,rgb/SV_Rio_-22.9063_-43.1788.tif,dsm/SV_Rio_-22.9063_-43.1788.tif,yes
SV_Rio_-22.9039_-43.1685.tif,Rio,train,rgb/SV_Rio_-22.9039_-43.1685.tif,dsm/SV_Rio_-22.9039_-43.1685.tif,yes
SV_Rio_-22.9119_-43.1705.tif,Rio,train,rgb/SV_Rio_-22.9119_-43.1705.tif,dsm/SV_Rio_-22.9119_-43.1705.tif,yes
SV_Rio_-22.9119_-43.1684.tif,Rio,train,rgb/SV_Rio_-22.9119_-43.1684.tif,dsm/SV_Rio_-22.9119_-43.1684.tif,yes
SV_Rio_-22.9077_-43.1772.tif,Rio,train,rgb/SV_Rio_-22.9077_-43.1772.tif,dsm/SV_Rio_-22.9077_-43.1772.tif,yes
SV_Rio_-22.9119_-43.1772.tif,Rio,train,rgb/SV_Rio_-22.9119_-43.1772.tif,dsm/SV_Rio_-22.9119_-43.1772.tif,yes
SV_Rio_-22.9082_-43.1940.tif,Rio,train,rgb/SV_Rio_-22.9082_-43.1940.tif,dsm/SV_Rio_-22.9082_-43.1940.tif,yes
SV_Rio_-22.9062_-43.1705.tif,Rio,train,rgb/SV_Rio_-22.9062_-43.1705.tif,dsm/SV_Rio_-22.9062_-43.1705.tif,yes
SV_Rio_-22.9039_-43.1691.tif,Rio,train,rgb/SV_Rio_-22.9039_-43.1691.tif,dsm/SV_Rio_-22.9039_-43.1691.tif,yes
SV_Rio_-22.9105_-43.1772.tif,Rio,train,rgb/SV_Rio_-22.9105_-43.1772.tif,dsm/SV_Rio_-22.9105_-43.1772.tif,yes
SV_Rio_-22.9054_-43.1971.tif,Rio,train,rgb/SV_Rio_-22.9054_-43.1971.tif,dsm/SV_Rio_-22.9054_-43.1971.tif,yes
SV_Rio_-22.9119_-43.1689.tif,Rio,train,rgb/SV_Rio_-22.9119_-43.1689.tif,dsm/SV_Rio_-22.9119_-43.1689.tif,yes
SV_Rio_-22.9063_-43.1730.tif,Rio,train,rgb/SV_Rio_-22.9063_-43.1730.tif,dsm/SV_Rio_-22.9063_-43.1730.tif,yes
SV_Rio_-22.9062_-43.1685.tif,Rio,train,rgb/SV_Rio_-22.9062_-43.1685.tif,dsm/SV_Rio_-22.9062_-43.1685.tif,yes
SV_Rio_-22.9091_-43.1742.tif,Rio,train,rgb/SV_Rio_-22.9091_-43.1742.tif,dsm/SV_Rio_-22.9091_-43.1742.tif,yes
SV_Rio_-22.8972_-43.1686.tif,Rio,train,rgb/SV_Rio_-22.8972_-43.1686.tif,dsm/SV_Rio_-22.8972_-43.1686.tif,yes
SV_Rio_-22.9069_-43.1986.tif,Rio,train,rgb/SV_Rio_-22.9069_-43.1986.tif,dsm/SV_Rio_-22.9069_-43.1986.tif,yes
SV_Rio_-22.9090_-43.1684.tif,Rio,train,rgb/SV_Rio_-22.9090_-43.1684.tif,dsm/SV_Rio_-22.9090_-43.1684.tif,yes
SV_Rio_-22.9076_-43.1684.tif,Rio,train,rgb/SV_Rio_-22.9076_-43.1684.tif,dsm/SV_Rio_-22.9076_-43.1684.tif,no
SV_Rio_-22.9077_-43.1757.tif,Rio,train,rgb/SV_Rio_-22.9077_-43.1757.tif,dsm/SV_Rio_-22.9077_-43.1757.tif,no
SV_Rio_-22.9111_-43.1970.tif,Rio,train,rgb/SV_Rio_-22.9111_-43.1970.tif,dsm/SV_Rio_-22.9111_-43.1970.tif,no
SV_Rio_-22.9105_-43.1757.tif,Rio,train,rgb/SV_Rio_-22.9105_-43.1757.tif,dsm/SV_Rio_-22.9105_-43.1757.tif,no
SV_Rio_-22.9105_-43.1742.tif,Rio,train,rgb/SV_Rio_-22.9105_-43.1742.tif,dsm/SV_Rio_-22.9105_-43.1742.tif,no
SV_Rio_-22.9110_-43.1925.tif,Rio,train,rgb/SV_Rio_-22.9110_-43.1925.tif,dsm/SV_Rio_-22.9110_-43.1925.tif,no
SV_Rio_-22.9096_-43.1955.tif,Rio,train,rgb/SV_Rio_-22.9096_-43.1955.tif,dsm/SV_Rio_-22.9096_-43.1955.tif,no
SV_Rio_-22.9077_-43.1742.tif,Rio,train,rgb/SV_Rio_-22.9077_-43.1742.tif,dsm/SV_Rio_-22.9077_-43.1742.tif,no
SV_Rio_-22.9117_-43.1925.tif,Rio,train,rgb/SV_Rio_-22.9117_-43.1925.tif,dsm/SV_Rio_-22.9117_-43.1925.tif,no
SV_Rio_-22.9054_-43.1926.tif,Rio,train,rgb/SV_Rio_-22.9054_-43.1926.tif,dsm/SV_Rio_-22.9054_-43.1926.tif,no
SV_Rio_-22.9063_-43.1742.tif,Rio,train,rgb/SV_Rio_-22.9063_-43.1742.tif,dsm/SV_Rio_-22.9063_-43.1742.tif,no
SV_Rio_-22.9118_-43.1940.tif,Rio,train,rgb/SV_Rio_-22.9118_-43.1940.tif,dsm/SV_Rio_-22.9118_-43.1940.tif,no
SV_Rio_-22.9106_-43.1802.tif,Rio,train,rgb/SV_Rio_-22.9106_-43.1802.tif,dsm/SV_Rio_-22.9106_-43.1802.tif,no
SV_Rio_-22.9077_-43.1788.tif,Rio,train,rgb/SV_Rio_-22.9077_-43.1788.tif,dsm/SV_Rio_-22.9077_-43.1788.tif,no
SV_Rio_-22.9055_-43.1986.tif,Rio,train,rgb/SV_Rio_-22.9055_-43.1986.tif,dsm/SV_Rio_-22.9055_-43.1986.tif,no
SV_Rio_-22.9063_-43.1803.tif,Rio,train,rgb/SV_Rio_-22.9063_-43.1803.tif,dsm/SV_Rio_-22.9063_-43.1803.tif,no
SV_Rio_-22.9110_-43.1913.tif,Rio,train,rgb/SV_Rio_-22.9110_-43.1913.tif,dsm/SV_Rio_-22.9110_-43.1913.tif,no
SV_Rio_-22.9077_-43.1803.tif,Rio,train,rgb/SV_Rio_-22.9077_-43.1803.tif,dsm/SV_Rio_-22.9077_-43.1803.tif,no
SV_Rio_-22.9076_-43.1705.tif,Rio,train,rgb/SV_Rio_-22.9076_-43.1705.tif,dsm/SV_Rio_-22.9076_-43.1705.tif,no
SV_Rio_-22.9063_-43.1757.tif,Rio,train,rgb/SV_Rio_-22.9063_-43.1757.tif,dsm/SV_Rio_-22.9063_-43.1757.tif,no
SV_Rio_-22.9119_-43.1730.tif,Rio,train,rgb/SV_Rio_-22.9119_-43.1730.tif,dsm/SV_Rio_-22.9119_-43.1730.tif,no
SV_Rio_-22.9054_-43.1914.tif,Rio,train,rgb/SV_Rio_-22.9054_-43.1914.tif,dsm/SV_Rio_-22.9054_-43.1914.tif,no
SV_Rio_-22.9028_-43.1706.tif,Rio,train,rgb/SV_Rio_-22.9028_-43.1706.tif,dsm/SV_Rio_-22.9028_-43.1706.tif,no
SV_Rio_-22.9091_-43.1730.tif,Rio,train,rgb/SV_Rio_-22.9091_-43.1730.tif,dsm/SV_Rio_-22.9091_-43.1730.tif,no
SV_Rio_-22.9111_-43.1955.tif,Rio,train,rgb/SV_Rio_-22.9111_-43.1955.tif,dsm/SV_Rio_-22.9111_-43.1955.tif,no
SV_Rio_-22.9063_-43.1773.tif,Rio,train,rgb/SV_Rio_-22.9063_-43.1773.tif,dsm/SV_Rio_-22.9063_-43.1773.tif,no
SV_Rio_-22.9120_-43.1772.tif,Rio,train,rgb/SV_Rio_-22.9120_-43.1772.tif,dsm/SV_Rio_-22.9120_-43.1772.tif,no
SV_Rio_-22.9110_-43.1940.tif,Rio,train,rgb/SV_Rio_-22.9110_-43.1940.tif,dsm/SV_Rio_-22.9110_-43.1940.tif,no
SV_Rio_-22.9118_-43.1970.tif,Rio,train,rgb/SV_Rio_-22.9118_-43.1970.tif,dsm/SV_Rio_-22.9118_-43.1970.tif,no
SV_Rio_-22.9111_-43.1986.tif,Rio,train,rgb/SV_Rio_-22.9111_-43.1986.tif,dsm/SV_Rio_-22.9111_-43.1986.tif,no
SV_Rio_-22.9082_-43.1956.tif,Rio,train,rgb/SV_Rio_-22.9082_-43.1956.tif,dsm/SV_Rio_-22.9082_-43.1956.tif,no
SV_Rio_-22.9077_-43.1730.tif,Rio,train,rgb/SV_Rio_-22.9077_-43.1730.tif,dsm/SV_Rio_-22.9077_-43.1730.tif,no
SV_Rio_-22.9083_-43.1986.tif,Rio,train,rgb/SV_Rio_-22.9083_-43.1986.tif,dsm/SV_Rio_-22.9083_-43.1986.tif,no
SV_Rio_-22.8972_-43.1691.tif,Rio,train,rgb/SV_Rio_-22.8972_-43.1691.tif,dsm/SV_Rio_-22.8972_-43.1691.tif,no
SV_Rio_-22.9105_-43.1730.tif,Rio,train,rgb/SV_Rio_-22.9105_-43.1730.tif,dsm/SV_Rio_-22.9105_-43.1730.tif,no
SV_Rio_-22.8972_-43.1707.tif,Rio,train,rgb/SV_Rio_-22.8972_-43.1707.tif,dsm/SV_Rio_-22.8972_-43.1707.tif,no
SV_Rio_-22.9096_-43.1940.tif,Rio,train,rgb/SV_Rio_-22.9096_-43.1940.tif,dsm/SV_Rio_-22.9096_-43.1940.tif,no
SV_Rio_-22.9054_-43.1956.tif,Rio,train,rgb/SV_Rio_-22.9054_-43.1956.tif,dsm/SV_Rio_-22.9054_-43.1956.tif,no
SV_Rio_-22.9039_-43.1706.tif,Rio,train,rgb/SV_Rio_-22.9039_-43.1706.tif,dsm/SV_Rio_-22.9039_-43.1706.tif,no
SV_Rio_-22.9090_-43.1705.tif,Rio,train,rgb/SV_Rio_-22.9090_-43.1705.tif,dsm/SV_Rio_-22.9090_-43.1705.tif,no
SV_Rio_-22.9062_-43.1690.tif,Rio,train,rgb/SV_Rio_-22.9062_-43.1690.tif,dsm/SV_Rio_-22.9062_-43.1690.tif,no
SV_Rio_-22.9076_-43.1690.tif,Rio,train,rgb/SV_Rio_-22.9076_-43.1690.tif,dsm/SV_Rio_-22.9076_-43.1690.tif,no
SV_Rio_-22.9028_-43.1685.tif,Rio,train,rgb/SV_Rio_-22.9028_-43.1685.tif,dsm/SV_Rio_-22.9028_-43.1685.tif,no
SV_SanDiego_32.7165_-117.2456.tif,SanDiego,train,rgb/SV_SanDiego_32.7165_-117.2456.tif,dsm/SV_SanDiego_32.7165_-117.2456.tif,no
SV_SanDiego_32.7275_-117.2311.tif,SanDiego,train,rgb/SV_SanDiego_32.7275_-117.2311.tif,dsm/SV_SanDiego_32.7275_-117.2311.tif,no
SV_SanDiego_32.7289_-117.2307.tif,SanDiego,train,rgb/SV_SanDiego_32.7289_-117.2307.tif,dsm/SV_SanDiego_32.7289_-117.2307.tif,no
SV_SanDiego_32.7303_-117.2435.tif,SanDiego,train,rgb/SV_SanDiego_32.7303_-117.2435.tif,dsm/SV_SanDiego_32.7303_-117.2435.tif,no
SV_SanDiego_32.7303_-117.2307.tif,SanDiego,train,rgb/SV_SanDiego_32.7303_-117.2307.tif,dsm/SV_SanDiego_32.7303_-117.2307.tif,no
SV_SanDiego_32.7261_-117.2378.tif,SanDiego,train,rgb/SV_SanDiego_32.7261_-117.2378.tif,dsm/SV_SanDiego_32.7261_-117.2378.tif,no
SV_SanDiego_32.7261_-117.2405.tif,SanDiego,train,rgb/SV_SanDiego_32.7261_-117.2405.tif,dsm/SV_SanDiego_32.7261_-117.2405.tif,no
SV_SanDiego_32.7289_-117.2451.tif,SanDiego,train,rgb/SV_SanDiego_32.7289_-117.2451.tif,dsm/SV_SanDiego_32.7289_-117.2451.tif,no
SV_SanDiego_32.7112_-117.2490.tif,SanDiego,train,rgb/SV_SanDiego_32.7112_-117.2490.tif,dsm/SV_SanDiego_32.7112_-117.2490.tif,no
SV_SanDiego_32.7250_-117.2418.tif,SanDiego,train,rgb/SV_SanDiego_32.7250_-117.2418.tif,dsm/SV_SanDiego_32.7250_-117.2418.tif,no
SV_SanDiego_32.7261_-117.2344.tif,SanDiego,train,rgb/SV_SanDiego_32.7261_-117.2344.tif,dsm/SV_SanDiego_32.7261_-117.2344.tif,no
SV_SanDiego_32.7250_-117.2405.tif,SanDiego,train,rgb/SV_SanDiego_32.7250_-117.2405.tif,dsm/SV_SanDiego_32.7250_-117.2405.tif,no
SV_SanDiego_32.7179_-117.2457.tif,SanDiego,train,rgb/SV_SanDiego_32.7179_-117.2457.tif,dsm/SV_SanDiego_32.7179_-117.2457.tif,no
SV_SanDiego_32.7289_-117.2418.tif,SanDiego,train,rgb/SV_SanDiego_32.7289_-117.2418.tif,dsm/SV_SanDiego_32.7289_-117.2418.tif,no
SV_SanDiego_32.7289_-117.2328.tif,SanDiego,train,rgb/SV_SanDiego_32.7289_-117.2328.tif,dsm/SV_SanDiego_32.7289_-117.2328.tif,no
SV_SanDiego_32.7289_-117.2484.tif,SanDiego,train,rgb/SV_SanDiego_32.7289_-117.2484.tif,dsm/SV_SanDiego_32.7289_-117.2484.tif,no
SV_SanDiego_32.7289_-117.2344.tif,SanDiego,train,rgb/SV_SanDiego_32.7289_-117.2344.tif,dsm/SV_SanDiego_32.7289_-117.2344.tif,no
SV_SanDiego_32.7303_-117.2344.tif,SanDiego,train,rgb/SV_SanDiego_32.7303_-117.2344.tif,dsm/SV_SanDiego_32.7303_-117.2344.tif,no
SV_SanDiego_32.7303_-117.2451.tif,SanDiego,train,rgb/SV_SanDiego_32.7303_-117.2451.tif,dsm/SV_SanDiego_32.7303_-117.2451.tif,no
SV_SanDiego_32.7122_-117.2490.tif,SanDiego,train,rgb/SV_SanDiego_32.7122_-117.2490.tif,dsm/SV_SanDiego_32.7122_-117.2490.tif,no
SV_SanDiego_32.7137_-117.2456.tif,SanDiego,train,rgb/SV_SanDiego_32.7137_-117.2456.tif,dsm/SV_SanDiego_32.7137_-117.2456.tif,no
SV_SanDiego_32.7250_-117.2468.tif,SanDiego,train,rgb/SV_SanDiego_32.7250_-117.2468.tif,dsm/SV_SanDiego_32.7250_-117.2468.tif,no
SV_SanDiego_32.7261_-117.2451.tif,SanDiego,train,rgb/SV_SanDiego_32.7261_-117.2451.tif,dsm/SV_SanDiego_32.7261_-117.2451.tif,no
SV_SanDiego_32.7317_-117.2328.tif,SanDiego,train,rgb/SV_SanDiego_32.7317_-117.2328.tif,dsm/SV_SanDiego_32.7317_-117.2328.tif,no
SV_SanDiego_32.7318_-117.2307.tif,SanDiego,train,rgb/SV_SanDiego_32.7318_-117.2307.tif,dsm/SV_SanDiego_32.7318_-117.2307.tif,no
SV_SanDiego_32.7151_-117.2473.tif,SanDiego,train,rgb/SV_SanDiego_32.7151_-117.2473.tif,dsm/SV_SanDiego_32.7151_-117.2473.tif,no
SV_SanDiego_32.7250_-117.2378.tif,SanDiego,train,rgb/SV_SanDiego_32.7250_-117.2378.tif,dsm/SV_SanDiego_32.7250_-117.2378.tif,no
SV_SanDiego_32.7136_-117.2490.tif,SanDiego,train,rgb/SV_SanDiego_32.7136_-117.2490.tif,dsm/SV_SanDiego_32.7136_-117.2490.tif,no
SV_SanDiego_32.7250_-117.2307.tif,SanDiego,train,rgb/SV_SanDiego_32.7250_-117.2307.tif,dsm/SV_SanDiego_32.7250_-117.2307.tif,no
SV_SanDiego_32.7122_-117.2473.tif,SanDiego,train,rgb/SV_SanDiego_32.7122_-117.2473.tif,dsm/SV_SanDiego_32.7122_-117.2473.tif,no
SV_SanDiego_32.7112_-117.2473.tif,SanDiego,train,rgb/SV_SanDiego_32.7112_-117.2473.tif,dsm/SV_SanDiego_32.7112_-117.2473.tif,no
SV_SanDiego_32.7261_-117.2434.tif,SanDiego,train,rgb/SV_SanDiego_32.7261_-117.2434.tif,dsm/SV_SanDiego_32.7261_-117.2434.tif,no
SV_SanDiego_32.7250_-117.2484.tif,SanDiego,train,rgb/SV_SanDiego_32.7250_-117.2484.tif,dsm/SV_SanDiego_32.7250_-117.2484.tif,no
SV_SanDiego_32.7151_-117.2456.tif,SanDiego,train,rgb/SV_SanDiego_32.7151_-117.2456.tif,dsm/SV_SanDiego_32.7151_-117.2456.tif,no
SV_SanDiego_32.7261_-117.2468.tif,SanDiego,train,rgb/SV_SanDiego_32.7261_-117.2468.tif,dsm/SV_SanDiego_32.7261_-117.2468.tif,no
SV_SanDiego_32.7289_-117.2311.tif,SanDiego,train,rgb/SV_SanDiego_32.7289_-117.2311.tif,dsm/SV_SanDiego_32.7289_-117.2311.tif,no
SV_SanDiego_32.7261_-117.2361.tif,SanDiego,train,rgb/SV_SanDiego_32.7261_-117.2361.tif,dsm/SV_SanDiego_32.7261_-117.2361.tif,no
SV_SanDiego_32.7289_-117.2378.tif,SanDiego,train,rgb/SV_SanDiego_32.7289_-117.2378.tif,dsm/SV_SanDiego_32.7289_-117.2378.tif,no
SV_SanDiego_32.7151_-117.2490.tif,SanDiego,train,rgb/SV_SanDiego_32.7151_-117.2490.tif,dsm/SV_SanDiego_32.7151_-117.2490.tif,no
SV_SanDiego_32.7317_-117.2418.tif,SanDiego,train,rgb/SV_SanDiego_32.7317_-117.2418.tif,dsm/SV_SanDiego_32.7317_-117.2418.tif,no
SV_SanDiego_32.7165_-117.2490.tif,SanDiego,train,rgb/SV_SanDiego_32.7165_-117.2490.tif,dsm/SV_SanDiego_32.7165_-117.2490.tif,no
SV_SanDiego_32.7275_-117.2307.tif,SanDiego,train,rgb/SV_SanDiego_32.7275_-117.2307.tif,dsm/SV_SanDiego_32.7275_-117.2307.tif,no
SV_SanDiego_32.7317_-117.2405.tif,SanDiego,train,rgb/SV_SanDiego_32.7317_-117.2405.tif,dsm/SV_SanDiego_32.7317_-117.2405.tif,no
SV_SanDiego_32.7165_-117.2427.tif,SanDiego,train,rgb/SV_SanDiego_32.7165_-117.2427.tif,dsm/SV_SanDiego_32.7165_-117.2427.tif,no
SV_SanDiego_32.7137_-117.2440.tif,SanDiego,train,rgb/SV_SanDiego_32.7137_-117.2440.tif,dsm/SV_SanDiego_32.7137_-117.2440.tif,no
SV_SanDiego_32.7317_-117.2361.tif,SanDiego,train,rgb/SV_SanDiego_32.7317_-117.2361.tif,dsm/SV_SanDiego_32.7317_-117.2361.tif,no
SV_SanDiego_32.7112_-117.2456.tif,SanDiego,train,rgb/SV_SanDiego_32.7112_-117.2456.tif,dsm/SV_SanDiego_32.7112_-117.2456.tif,no
SV_SanDiego_32.7317_-117.2345.tif,SanDiego,train,rgb/SV_SanDiego_32.7317_-117.2345.tif,dsm/SV_SanDiego_32.7317_-117.2345.tif,no
SV_SanDiego_32.7151_-117.2506.tif,SanDiego,train,rgb/SV_SanDiego_32.7151_-117.2506.tif,dsm/SV_SanDiego_32.7151_-117.2506.tif,no
SV_SanDiego_32.7275_-117.2405.tif,SanDiego,train,rgb/SV_SanDiego_32.7275_-117.2405.tif,dsm/SV_SanDiego_32.7275_-117.2405.tif,no
SV_SanDiego_32.7112_-117.2427.tif,SanDiego,train,rgb/SV_SanDiego_32.7112_-117.2427.tif,dsm/SV_SanDiego_32.7112_-117.2427.tif,no
SV_SanDiego_32.7123_-117.2440.tif,SanDiego,train,rgb/SV_SanDiego_32.7123_-117.2440.tif,dsm/SV_SanDiego_32.7123_-117.2440.tif,no
SV_SanDiego_32.7112_-117.2440.tif,SanDiego,train,rgb/SV_SanDiego_32.7112_-117.2440.tif,dsm/SV_SanDiego_32.7112_-117.2440.tif,no
SV_SanDiego_32.7179_-117.2506.tif,SanDiego,train,rgb/SV_SanDiego_32.7179_-117.2506.tif,dsm/SV_SanDiego_32.7179_-117.2506.tif,no
SV_SanDiego_32.7303_-117.2328.tif,SanDiego,train,rgb/SV_SanDiego_32.7303_-117.2328.tif,dsm/SV_SanDiego_32.7303_-117.2328.tif,no
SV_SanDiego_32.7275_-117.2468.tif,SanDiego,train,rgb/SV_SanDiego_32.7275_-117.2468.tif,dsm/SV_SanDiego_32.7275_-117.2468.tif,no
SV_SanDiego_32.7250_-117.2311.tif,SanDiego,train,rgb/SV_SanDiego_32.7250_-117.2311.tif,dsm/SV_SanDiego_32.7250_-117.2311.tif,no
SV_SanDiego_32.7123_-117.2427.tif,SanDiego,train,rgb/SV_SanDiego_32.7123_-117.2427.tif,dsm/SV_SanDiego_32.7123_-117.2427.tif,no
SV_SanDiego_32.7275_-117.2378.tif,SanDiego,train,rgb/SV_SanDiego_32.7275_-117.2378.tif,dsm/SV_SanDiego_32.7275_-117.2378.tif,no
SV_SanDiego_32.7303_-117.2311.tif,SanDiego,train,rgb/SV_SanDiego_32.7303_-117.2311.tif,dsm/SV_SanDiego_32.7303_-117.2311.tif,no
SV_SanDiego_32.7136_-117.2506.tif,SanDiego,train,rgb/SV_SanDiego_32.7136_-117.2506.tif,dsm/SV_SanDiego_32.7136_-117.2506.tif,no
SV_SanDiego_32.7317_-117.2485.tif,SanDiego,train,rgb/SV_SanDiego_32.7317_-117.2485.tif,dsm/SV_SanDiego_32.7317_-117.2485.tif,no
SV_SanDiego_32.7179_-117.2473.tif,SanDiego,train,rgb/SV_SanDiego_32.7179_-117.2473.tif,dsm/SV_SanDiego_32.7179_-117.2473.tif,no
SV_SanDiego_32.7250_-117.2451.tif,SanDiego,train,rgb/SV_SanDiego_32.7250_-117.2451.tif,dsm/SV_SanDiego_32.7250_-117.2451.tif,no
SV_SanDiego_32.7289_-117.2468.tif,SanDiego,train,rgb/SV_SanDiego_32.7289_-117.2468.tif,dsm/SV_SanDiego_32.7289_-117.2468.tif,no
SV_SanDiego_32.7165_-117.2473.tif,SanDiego,train,rgb/SV_SanDiego_32.7165_-117.2473.tif,dsm/SV_SanDiego_32.7165_-117.2473.tif,no
SV_SanDiego_32.7289_-117.2361.tif,SanDiego,train,rgb/SV_SanDiego_32.7289_-117.2361.tif,dsm/SV_SanDiego_32.7289_-117.2361.tif,no
SV_SanDiego_32.7303_-117.2361.tif,SanDiego,train,rgb/SV_SanDiego_32.7303_-117.2361.tif,dsm/SV_SanDiego_32.7303_-117.2361.tif,no
SV_SanDiego_32.7122_-117.2506.tif,SanDiego,train,rgb/SV_SanDiego_32.7122_-117.2506.tif,dsm/SV_SanDiego_32.7122_-117.2506.tif,no
SV_SanDiego_32.7275_-117.2328.tif,SanDiego,train,rgb/SV_SanDiego_32.7275_-117.2328.tif,dsm/SV_SanDiego_32.7275_-117.2328.tif,no
SV_SanDiego_32.7151_-117.2440.tif,SanDiego,train,rgb/SV_SanDiego_32.7151_-117.2440.tif,dsm/SV_SanDiego_32.7151_-117.2440.tif,no
SV_SanDiego_32.7250_-117.2434.tif,SanDiego,train,rgb/SV_SanDiego_32.7250_-117.2434.tif,dsm/SV_SanDiego_32.7250_-117.2434.tif,no
SV_SanDiego_32.7261_-117.2484.tif,SanDiego,train,rgb/SV_SanDiego_32.7261_-117.2484.tif,dsm/SV_SanDiego_32.7261_-117.2484.tif,no
SV_SanDiego_32.7165_-117.2506.tif,SanDiego,train,rgb/SV_SanDiego_32.7165_-117.2506.tif,dsm/SV_SanDiego_32.7165_-117.2506.tif,no
SV_SanDiego_32.7317_-117.2468.tif,SanDiego,train,rgb/SV_SanDiego_32.7317_-117.2468.tif,dsm/SV_SanDiego_32.7317_-117.2468.tif,no
SV_SanDiego_32.7165_-117.2440.tif,SanDiego,train,rgb/SV_SanDiego_32.7165_-117.2440.tif,dsm/SV_SanDiego_32.7165_-117.2440.tif,no
SV_SanDiego_32.7275_-117.2418.tif,SanDiego,train,rgb/SV_SanDiego_32.7275_-117.2418.tif,dsm/SV_SanDiego_32.7275_-117.2418.tif,no
SV_SanDiego_32.7261_-117.2328.tif,SanDiego,train,rgb/SV_SanDiego_32.7261_-117.2328.tif,dsm/SV_SanDiego_32.7261_-117.2328.tif,no
SV_SanDiego_32.7303_-117.2378.tif,SanDiego,train,rgb/SV_SanDiego_32.7303_-117.2378.tif,dsm/SV_SanDiego_32.7303_-117.2378.tif,no
SV_SanDiego_32.7179_-117.2440.tif,SanDiego,train,rgb/SV_SanDiego_32.7179_-117.2440.tif,dsm/SV_SanDiego_32.7179_-117.2440.tif,no
SV_SanDiego_32.7151_-117.2427.tif,SanDiego,train,rgb/SV_SanDiego_32.7151_-117.2427.tif,dsm/SV_SanDiego_32.7151_-117.2427.tif,no
SV_SanDiego_32.7317_-117.2378.tif,SanDiego,train,rgb/SV_SanDiego_32.7317_-117.2378.tif,dsm/SV_SanDiego_32.7317_-117.2378.tif,no
SV_SanDiego_32.7112_-117.2506.tif,SanDiego,train,rgb/SV_SanDiego_32.7112_-117.2506.tif,dsm/SV_SanDiego_32.7112_-117.2506.tif,no
SV_SanDiego_32.7275_-117.2361.tif,SanDiego,train,rgb/SV_SanDiego_32.7275_-117.2361.tif,dsm/SV_SanDiego_32.7275_-117.2361.tif,no
SV_SanDiego_32.7275_-117.2451.tif,SanDiego,train,rgb/SV_SanDiego_32.7275_-117.2451.tif,dsm/SV_SanDiego_32.7275_-117.2451.tif,no
SV_SanDiego_32.7250_-117.2344.tif,SanDiego,train,rgb/SV_SanDiego_32.7250_-117.2344.tif,dsm/SV_SanDiego_32.7250_-117.2344.tif,no
SV_SanDiego_32.7137_-117.2473.tif,SanDiego,train,rgb/SV_SanDiego_32.7137_-117.2473.tif,dsm/SV_SanDiego_32.7137_-117.2473.tif,no
SV_SanDiego_32.7261_-117.2311.tif,SanDiego,train,rgb/SV_SanDiego_32.7261_-117.2311.tif,dsm/SV_SanDiego_32.7261_-117.2311.tif,no
SV_SanDiego_32.7261_-117.2307.tif,SanDiego,train,rgb/SV_SanDiego_32.7261_-117.2307.tif,dsm/SV_SanDiego_32.7261_-117.2307.tif,no
SV_SanDiego_32.7318_-117.2311.tif,SanDiego,train,rgb/SV_SanDiego_32.7318_-117.2311.tif,dsm/SV_SanDiego_32.7318_-117.2311.tif,no
SV_SanDiego_32.7250_-117.2361.tif,SanDiego,train,rgb/SV_SanDiego_32.7250_-117.2361.tif,dsm/SV_SanDiego_32.7250_-117.2361.tif,no
SV_SanDiego_32.7137_-117.2427.tif,SanDiego,train,rgb/SV_SanDiego_32.7137_-117.2427.tif,dsm/SV_SanDiego_32.7137_-117.2427.tif,no
SV_SanDiego_32.7317_-117.2451.tif,SanDiego,train,rgb/SV_SanDiego_32.7317_-117.2451.tif,dsm/SV_SanDiego_32.7317_-117.2451.tif,no
SV_SanDiego_32.7250_-117.2328.tif,SanDiego,train,rgb/SV_SanDiego_32.7250_-117.2328.tif,dsm/SV_SanDiego_32.7250_-117.2328.tif,no
SV_SanDiego_32.7289_-117.2435.tif,SanDiego,train,rgb/SV_SanDiego_32.7289_-117.2435.tif,dsm/SV_SanDiego_32.7289_-117.2435.tif,no
SV_SanDiego_32.7317_-117.2435.tif,SanDiego,train,rgb/SV_SanDiego_32.7317_-117.2435.tif,dsm/SV_SanDiego_32.7317_-117.2435.tif,no
SV_SanDiego_32.7275_-117.2344.tif,SanDiego,train,rgb/SV_SanDiego_32.7275_-117.2344.tif,dsm/SV_SanDiego_32.7275_-117.2344.tif,no
SV_SanDiego_32.7261_-117.2418.tif,SanDiego,train,rgb/SV_SanDiego_32.7261_-117.2418.tif,dsm/SV_SanDiego_32.7261_-117.2418.tif,no
SV_SanDiego_32.7303_-117.2484.tif,SanDiego,train,rgb/SV_SanDiego_32.7303_-117.2484.tif,dsm/SV_SanDiego_32.7303_-117.2484.tif,no
SV_SanDiego_32.7275_-117.2434.tif,SanDiego,train,rgb/SV_SanDiego_32.7275_-117.2434.tif,dsm/SV_SanDiego_32.7275_-117.2434.tif,no
SV_SanDiego_32.7303_-117.2405.tif,SanDiego,train,rgb/SV_SanDiego_32.7303_-117.2405.tif,dsm/SV_SanDiego_32.7303_-117.2405.tif,no
SV_SanDiego_32.7303_-117.2418.tif,SanDiego,train,rgb/SV_SanDiego_32.7303_-117.2418.tif,dsm/SV_SanDiego_32.7303_-117.2418.tif,no
SV_SanDiego_32.7289_-117.2405.tif,SanDiego,train,rgb/SV_SanDiego_32.7289_-117.2405.tif,dsm/SV_SanDiego_32.7289_-117.2405.tif,no
SV_SanDiego_32.7122_-117.2456.tif,SanDiego,train,rgb/SV_SanDiego_32.7122_-117.2456.tif,dsm/SV_SanDiego_32.7122_-117.2456.tif,no
SV_SanDiego_32.7179_-117.2427.tif,SanDiego,train,rgb/SV_SanDiego_32.7179_-117.2427.tif,dsm/SV_SanDiego_32.7179_-117.2427.tif,no
SV_SanDiego_32.7303_-117.2468.tif,SanDiego,train,rgb/SV_SanDiego_32.7303_-117.2468.tif,dsm/SV_SanDiego_32.7303_-117.2468.tif,no
SV_SanDiego_32.7179_-117.2490.tif,SanDiego,train,rgb/SV_SanDiego_32.7179_-117.2490.tif,dsm/SV_SanDiego_32.7179_-117.2490.tif,no
SV_SanDiego_32.7275_-117.2484.tif,SanDiego,train,rgb/SV_SanDiego_32.7275_-117.2484.tif,dsm/SV_SanDiego_32.7275_-117.2484.tif,no
SV_SaoLuis_-2.5302_-44.2988.tif,SaoLuis,train,rgb/SV_SaoLuis_-2.5302_-44.2988.tif,dsm/SV_SaoLuis_-2.5302_-44.2988.tif,no
SV_SaoLuis_-2.5330_-44.2946.tif,SaoLuis,train,rgb/SV_SaoLuis_-2.5330_-44.2946.tif,dsm/SV_SaoLuis_-2.5330_-44.2946.tif,no
SV_SaoLuis_-2.5316_-44.2960.tif,SaoLuis,train,rgb/SV_SaoLuis_-2.5316_-44.2960.tif,dsm/SV_SaoLuis_-2.5316_-44.2960.tif,no
SV_SaoLuis_-2.5344_-44.2988.tif,SaoLuis,train,rgb/SV_SaoLuis_-2.5344_-44.2988.tif,dsm/SV_SaoLuis_-2.5344_-44.2988.tif,no
SV_SaoLuis_-2.5355_-44.2960.tif,SaoLuis,train,rgb/SV_SaoLuis_-2.5355_-44.2960.tif,dsm/SV_SaoLuis_-2.5355_-44.2960.tif,no
SV_SaoLuis_-2.5302_-44.2960.tif,SaoLuis,train,rgb/SV_SaoLuis_-2.5302_-44.2960.tif,dsm/SV_SaoLuis_-2.5302_-44.2960.tif,no
SV_SaoLuis_-2.5344_-44.2946.tif,SaoLuis,train,rgb/SV_SaoLuis_-2.5344_-44.2946.tif,dsm/SV_SaoLuis_-2.5344_-44.2946.tif,no
SV_SaoLuis_-2.5344_-44.2939.tif,SaoLuis,train,rgb/SV_SaoLuis_-2.5344_-44.2939.tif,dsm/SV_SaoLuis_-2.5344_-44.2939.tif,no
SV_SaoLuis_-2.5288_-44.2960.tif,SaoLuis,train,rgb/SV_SaoLuis_-2.5288_-44.2960.tif,dsm/SV_SaoLuis_-2.5288_-44.2960.tif,no
SV_SaoLuis_-2.5330_-44.2974.tif,SaoLuis,train,rgb/SV_SaoLuis_-2.5330_-44.2974.tif,dsm/SV_SaoLuis_-2.5330_-44.2974.tif,no
SV_SaoLuis_-2.5355_-44.2946.tif,SaoLuis,train,rgb/SV_SaoLuis_-2.5355_-44.2946.tif,dsm/SV_SaoLuis_-2.5355_-44.2946.tif,no
SV_SaoLuis_-2.5302_-44.2946.tif,SaoLuis,train,rgb/SV_SaoLuis_-2.5302_-44.2946.tif,dsm/SV_SaoLuis_-2.5302_-44.2946.tif,no
SV_SaoLuis_-2.5316_-44.2939.tif,SaoLuis,train,rgb/SV_SaoLuis_-2.5316_-44.2939.tif,dsm/SV_SaoLuis_-2.5316_-44.2939.tif,no
SV_SaoLuis_-2.5344_-44.2960.tif,SaoLuis,train,rgb/SV_SaoLuis_-2.5344_-44.2960.tif,dsm/SV_SaoLuis_-2.5344_-44.2960.tif,no
SV_SaoLuis_-2.5355_-44.2974.tif,SaoLuis,train,rgb/SV_SaoLuis_-2.5355_-44.2974.tif,dsm/SV_SaoLuis_-2.5355_-44.2974.tif,no
SV_SaoLuis_-2.5316_-44.2988.tif,SaoLuis,train,rgb/SV_SaoLuis_-2.5316_-44.2988.tif,dsm/SV_SaoLuis_-2.5316_-44.2988.tif,no
SV_SaoLuis_-2.5316_-44.2974.tif,SaoLuis,train,rgb/SV_SaoLuis_-2.5316_-44.2974.tif,dsm/SV_SaoLuis_-2.5316_-44.2974.tif,no
SV_SaoLuis_-2.5288_-44.2988.tif,SaoLuis,train,rgb/SV_SaoLuis_-2.5288_-44.2988.tif,dsm/SV_SaoLuis_-2.5288_-44.2988.tif,no
SV_SaoLuis_-2.5344_-44.2974.tif,SaoLuis,train,rgb/SV_SaoLuis_-2.5344_-44.2974.tif,dsm/SV_SaoLuis_-2.5344_-44.2974.tif,no
SV_SaoLuis_-2.5288_-44.2974.tif,SaoLuis,train,rgb/SV_SaoLuis_-2.5288_-44.2974.tif,dsm/SV_SaoLuis_-2.5288_-44.2974.tif,no
SV_SaoLuis_-2.5302_-44.2939.tif,SaoLuis,train,rgb/SV_SaoLuis_-2.5302_-44.2939.tif,dsm/SV_SaoLuis_-2.5302_-44.2939.tif,no
SV_SaoLuis_-2.5330_-44.2960.tif,SaoLuis,train,rgb/SV_SaoLuis_-2.5330_-44.2960.tif,dsm/SV_SaoLuis_-2.5330_-44.2960.tif,no
SV_SaoLuis_-2.5330_-44.2939.tif,SaoLuis,train,rgb/SV_SaoLuis_-2.5330_-44.2939.tif,dsm/SV_SaoLuis_-2.5330_-44.2939.tif,no
SV_SaoLuis_-2.5330_-44.2988.tif,SaoLuis,train,rgb/SV_SaoLuis_-2.5330_-44.2988.tif,dsm/SV_SaoLuis_-2.5330_-44.2988.tif,no
SV_SaoLuis_-2.5288_-44.2939.tif,SaoLuis,train,rgb/SV_SaoLuis_-2.5288_-44.2939.tif,dsm/SV_SaoLuis_-2.5288_-44.2939.tif,no
SV_SaoLuis_-2.5316_-44.2946.tif,SaoLuis,train,rgb/SV_SaoLuis_-2.5316_-44.2946.tif,dsm/SV_SaoLuis_-2.5316_-44.2946.tif,no
SV_SaoLuis_-2.5355_-44.2988.tif,SaoLuis,train,rgb/SV_SaoLuis_-2.5355_-44.2988.tif,dsm/SV_SaoLuis_-2.5355_-44.2988.tif,no
SV_SaoLuis_-2.5355_-44.2939.tif,SaoLuis,train,rgb/SV_SaoLuis_-2.5355_-44.2939.tif,dsm/SV_SaoLuis_-2.5355_-44.2939.tif,no
SV_SaoLuis_-2.5288_-44.2946.tif,SaoLuis,train,rgb/SV_SaoLuis_-2.5288_-44.2946.tif,dsm/SV_SaoLuis_-2.5288_-44.2946.tif,no
SV_SaoLuis_-2.5302_-44.2974.tif,SaoLuis,train,rgb/SV_SaoLuis_-2.5302_-44.2974.tif,dsm/SV_SaoLuis_-2.5302_-44.2974.tif,no
SV_Sydney_-33.8634_151.1875.tif,Sydney,train,rgb/SV_Sydney_-33.8634_151.1875.tif,dsm/SV_Sydney_-33.8634_151.1875.tif,no
SV_Sydney_-33.8648_151.1892.tif,Sydney,train,rgb/SV_Sydney_-33.8648_151.1892.tif,dsm/SV_Sydney_-33.8648_151.1892.tif,no
SV_Sydney_-33.8688_151.1924.tif,Sydney,train,rgb/SV_Sydney_-33.8688_151.1924.tif,dsm/SV_Sydney_-33.8688_151.1924.tif,no
SV_Sydney_-33.8662_151.1874.tif,Sydney,train,rgb/SV_Sydney_-33.8662_151.1874.tif,dsm/SV_Sydney_-33.8662_151.1874.tif,no
SV_Sydney_-33.8663_151.1925.tif,Sydney,train,rgb/SV_Sydney_-33.8663_151.1925.tif,dsm/SV_Sydney_-33.8663_151.1925.tif,no
SV_Sydney_-33.8620_151.1909.tif,Sydney,train,rgb/SV_Sydney_-33.8620_151.1909.tif,dsm/SV_Sydney_-33.8620_151.1909.tif,no
SV_Sydney_-33.8688_151.1941.tif,Sydney,train,rgb/SV_Sydney_-33.8688_151.1941.tif,dsm/SV_Sydney_-33.8688_151.1941.tif,no
SV_Sydney_-33.8649_151.1942.tif,Sydney,train,rgb/SV_Sydney_-33.8649_151.1942.tif,dsm/SV_Sydney_-33.8649_151.1942.tif,no
SV_Sydney_-33.8687_151.1874.tif,Sydney,train,rgb/SV_Sydney_-33.8687_151.1874.tif,dsm/SV_Sydney_-33.8687_151.1874.tif,no
SV_Sydney_-33.8621_151.1926.tif,Sydney,train,rgb/SV_Sydney_-33.8621_151.1926.tif,dsm/SV_Sydney_-33.8621_151.1926.tif,no
SV_Sydney_-33.8663_151.1908.tif,Sydney,train,rgb/SV_Sydney_-33.8663_151.1908.tif,dsm/SV_Sydney_-33.8663_151.1908.tif,no
SV_Sydney_-33.8688_151.1954.tif,Sydney,train,rgb/SV_Sydney_-33.8688_151.1954.tif,dsm/SV_Sydney_-33.8688_151.1954.tif,no
SV_Sydney_-33.8677_151.1925.tif,Sydney,train,rgb/SV_Sydney_-33.8677_151.1925.tif,dsm/SV_Sydney_-33.8677_151.1925.tif,no
SV_Sydney_-33.8676_151.1874.tif,Sydney,train,rgb/SV_Sydney_-33.8676_151.1874.tif,dsm/SV_Sydney_-33.8676_151.1874.tif,no
SV_Sydney_-33.8621_151.1956.tif,Sydney,train,rgb/SV_Sydney_-33.8621_151.1956.tif,dsm/SV_Sydney_-33.8621_151.1956.tif,no
SV_Sydney_-33.8635_151.1926.tif,Sydney,train,rgb/SV_Sydney_-33.8635_151.1926.tif,dsm/SV_Sydney_-33.8635_151.1926.tif,no
SV_Sydney_-33.8649_151.1925.tif,Sydney,train,rgb/SV_Sydney_-33.8649_151.1925.tif,dsm/SV_Sydney_-33.8649_151.1925.tif,no
SV_Sydney_-33.8648_151.1908.tif,Sydney,train,rgb/SV_Sydney_-33.8648_151.1908.tif,dsm/SV_Sydney_-33.8648_151.1908.tif,no
SV_Sydney_-33.8635_151.1942.tif,Sydney,train,rgb/SV_Sydney_-33.8635_151.1942.tif,dsm/SV_Sydney_-33.8635_151.1942.tif,no
SV_Sydney_-33.8648_151.1875.tif,Sydney,train,rgb/SV_Sydney_-33.8648_151.1875.tif,dsm/SV_Sydney_-33.8648_151.1875.tif,no
SV_Sydney_-33.8649_151.1955.tif,Sydney,train,rgb/SV_Sydney_-33.8649_151.1955.tif,dsm/SV_Sydney_-33.8649_151.1955.tif,no
SV_Sydney_-33.8663_151.1955.tif,Sydney,train,rgb/SV_Sydney_-33.8663_151.1955.tif,dsm/SV_Sydney_-33.8663_151.1955.tif,no
SV_Sydney_-33.8687_151.1908.tif,Sydney,train,rgb/SV_Sydney_-33.8687_151.1908.tif,dsm/SV_Sydney_-33.8687_151.1908.tif,no
SV_Sydney_-33.8634_151.1909.tif,Sydney,train,rgb/SV_Sydney_-33.8634_151.1909.tif,dsm/SV_Sydney_-33.8634_151.1909.tif,no
SV_Sydney_-33.8687_151.1891.tif,Sydney,train,rgb/SV_Sydney_-33.8687_151.1891.tif,dsm/SV_Sydney_-33.8687_151.1891.tif,no
SV_Sydney_-33.8677_151.1908.tif,Sydney,train,rgb/SV_Sydney_-33.8677_151.1908.tif,dsm/SV_Sydney_-33.8677_151.1908.tif,no
SV_Sydney_-33.8676_151.1891.tif,Sydney,train,rgb/SV_Sydney_-33.8676_151.1891.tif,dsm/SV_Sydney_-33.8676_151.1891.tif,no
SV_Sydney_-33.8621_151.1943.tif,Sydney,train,rgb/SV_Sydney_-33.8621_151.1943.tif,dsm/SV_Sydney_-33.8621_151.1943.tif,no
SV_Sydney_-33.8635_151.1955.tif,Sydney,train,rgb/SV_Sydney_-33.8635_151.1955.tif,dsm/SV_Sydney_-33.8635_151.1955.tif,no
SV_Sydney_-33.8677_151.1941.tif,Sydney,train,rgb/SV_Sydney_-33.8677_151.1941.tif,dsm/SV_Sydney_-33.8677_151.1941.tif,no
SV_Sydney_-33.8663_151.1942.tif,Sydney,train,rgb/SV_Sydney_-33.8663_151.1942.tif,dsm/SV_Sydney_-33.8663_151.1942.tif,no
SV_Sydney_-33.8662_151.1891.tif,Sydney,train,rgb/SV_Sydney_-33.8662_151.1891.tif,dsm/SV_Sydney_-33.8662_151.1891.tif,no
SV_Sydney_-33.8677_151.1954.tif,Sydney,train,rgb/SV_Sydney_-33.8677_151.1954.tif,dsm/SV_Sydney_-33.8677_151.1954.tif,no
SV_Sydney_-33.8634_151.1892.tif,Sydney,train,rgb/SV_Sydney_-33.8634_151.1892.tif,dsm/SV_Sydney_-33.8634_151.1892.tif,no
SV_Copenhagen_55.6747_12.5414.tif,Copenhagen,val,rgb/SV_Copenhagen_55.6747_12.5414.tif,dsm/SV_Copenhagen_55.6747_12.5414.tif,no
SV_Copenhagen_55.6828_12.5583.tif,Copenhagen,val,rgb/SV_Copenhagen_55.6828_12.5583.tif,dsm/SV_Copenhagen_55.6828_12.5583.tif,no
SV_Copenhagen_55.6748_12.5454.tif,Copenhagen,val,rgb/SV_Copenhagen_55.6748_12.5454.tif,dsm/SV_Copenhagen_55.6748_12.5454.tif,no
SV_Copenhagen_55.6724_12.5589.tif,Copenhagen,val,rgb/SV_Copenhagen_55.6724_12.5589.tif,dsm/SV_Copenhagen_55.6724_12.5589.tif,no
SV_Copenhagen_55.6762_12.5631.tif,Copenhagen,val,rgb/SV_Copenhagen_55.6762_12.5631.tif,dsm/SV_Copenhagen_55.6762_12.5631.tif,no
SV_Copenhagen_55.6801_12.5629.tif,Copenhagen,val,rgb/SV_Copenhagen_55.6801_12.5629.tif,dsm/SV_Copenhagen_55.6801_12.5629.tif,no
SV_Copenhagen_55.6799_12.5366.tif,Copenhagen,val,rgb/SV_Copenhagen_55.6799_12.5366.tif,dsm/SV_Copenhagen_55.6799_12.5366.tif,no
SV_Copenhagen_55.6984_12.5817.tif,Copenhagen,val,rgb/SV_Copenhagen_55.6984_12.5817.tif,dsm/SV_Copenhagen_55.6984_12.5817.tif,no
SV_Copenhagen_55.6739_12.5632.tif,Copenhagen,val,rgb/SV_Copenhagen_55.6739_12.5632.tif,dsm/SV_Copenhagen_55.6739_12.5632.tif,no
SV_Copenhagen_55.6999_12.5877.tif,Copenhagen,val,rgb/SV_Copenhagen_55.6999_12.5877.tif,dsm/SV_Copenhagen_55.6999_12.5877.tif,no
SV_Copenhagen_55.6939_12.5502.tif,Copenhagen,val,rgb/SV_Copenhagen_55.6939_12.5502.tif,dsm/SV_Copenhagen_55.6939_12.5502.tif,no
SV_Copenhagen_55.6770_12.5512.tif,Copenhagen,val,rgb/SV_Copenhagen_55.6770_12.5512.tif,dsm/SV_Copenhagen_55.6770_12.5512.tif,no
SV_Copenhagen_55.6699_12.5541.tif,Copenhagen,val,rgb/SV_Copenhagen_55.6699_12.5541.tif,dsm/SV_Copenhagen_55.6699_12.5541.tif,no
SV_Copenhagen_55.6798_12.5510.tif,Copenhagen,val,rgb/SV_Copenhagen_55.6798_12.5510.tif,dsm/SV_Copenhagen_55.6798_12.5510.tif,no
SV_Copenhagen_55.6800_12.5585.tif,Copenhagen,val,rgb/SV_Copenhagen_55.6800_12.5585.tif,dsm/SV_Copenhagen_55.6800_12.5585.tif,no
SV_Copenhagen_55.6950_12.5501.tif,Copenhagen,val,rgb/SV_Copenhagen_55.6950_12.5501.tif,dsm/SV_Copenhagen_55.6950_12.5501.tif,no
SV_Copenhagen_55.6800_12.5610.tif,Copenhagen,val,rgb/SV_Copenhagen_55.6800_12.5610.tif,dsm/SV_Copenhagen_55.6800_12.5610.tif,no
SV_Copenhagen_55.6947_12.5881.tif,Copenhagen,val,rgb/SV_Copenhagen_55.6947_12.5881.tif,dsm/SV_Copenhagen_55.6947_12.5881.tif,no
SV_Copenhagen_55.6815_12.5628.tif,Copenhagen,val,rgb/SV_Copenhagen_55.6815_12.5628.tif,dsm/SV_Copenhagen_55.6815_12.5628.tif,no
SV_Copenhagen_55.6800_12.5451.tif,Copenhagen,val,rgb/SV_Copenhagen_55.6800_12.5451.tif,dsm/SV_Copenhagen_55.6800_12.5451.tif,no
SV_Copenhagen_55.7013_12.5865.tif,Copenhagen,val,rgb/SV_Copenhagen_55.7013_12.5865.tif,dsm/SV_Copenhagen_55.7013_12.5865.tif,no
SV_Copenhagen_55.6797_12.5292.tif,Copenhagen,val,rgb/SV_Copenhagen_55.6797_12.5292.tif,dsm/SV_Copenhagen_55.6797_12.5292.tif,no
SV_Copenhagen_55.6909_12.5822.tif,Copenhagen,val,rgb/SV_Copenhagen_55.6909_12.5822.tif,dsm/SV_Copenhagen_55.6909_12.5822.tif,no
SV_Copenhagen_55.6762_12.5612.tif,Copenhagen,val,rgb/SV_Copenhagen_55.6762_12.5612.tif,dsm/SV_Copenhagen_55.6762_12.5612.tif,no
SV_Copenhagen_55.6769_12.5294.tif,Copenhagen,val,rgb/SV_Copenhagen_55.6769_12.5294.tif,dsm/SV_Copenhagen_55.6769_12.5294.tif,no
SV_Copenhagen_55.6758_12.5454.tif,Copenhagen,val,rgb/SV_Copenhagen_55.6758_12.5454.tif,dsm/SV_Copenhagen_55.6758_12.5454.tif,no
SV_Copenhagen_55.6799_12.5410.tif,Copenhagen,val,rgb/SV_Copenhagen_55.6799_12.5410.tif,dsm/SV_Copenhagen_55.6799_12.5410.tif,no
SV_Copenhagen_55.6784_12.5511.tif,Copenhagen,val,rgb/SV_Copenhagen_55.6784_12.5511.tif,dsm/SV_Copenhagen_55.6784_12.5511.tif,no
SV_Copenhagen_55.6881_12.5848.tif,Copenhagen,val,rgb/SV_Copenhagen_55.6881_12.5848.tif,dsm/SV_Copenhagen_55.6881_12.5848.tif,no
SV_Copenhagen_55.6923_12.5821.tif,Copenhagen,val,rgb/SV_Copenhagen_55.6923_12.5821.tif,dsm/SV_Copenhagen_55.6923_12.5821.tif,no
SV_Copenhagen_55.6957_12.5880.tif,Copenhagen,val,rgb/SV_Copenhagen_55.6957_12.5880.tif,dsm/SV_Copenhagen_55.6957_12.5880.tif,no
SV_Copenhagen_55.6805_12.5853.tif,Copenhagen,val,rgb/SV_Copenhagen_55.6805_12.5853.tif,dsm/SV_Copenhagen_55.6805_12.5853.tif,no
SV_Copenhagen_55.6992_12.5523.tif,Copenhagen,val,rgb/SV_Copenhagen_55.6992_12.5523.tif,dsm/SV_Copenhagen_55.6992_12.5523.tif,no
SV_Copenhagen_55.6950_12.5526.tif,Copenhagen,val,rgb/SV_Copenhagen_55.6950_12.5526.tif,dsm/SV_Copenhagen_55.6950_12.5526.tif,no
SV_Copenhagen_55.6746_12.5370.tif,Copenhagen,val,rgb/SV_Copenhagen_55.6746_12.5370.tif,dsm/SV_Copenhagen_55.6746_12.5370.tif,no
SV_Copenhagen_55.6833_12.5826.tif,Copenhagen,val,rgb/SV_Copenhagen_55.6833_12.5826.tif,dsm/SV_Copenhagen_55.6833_12.5826.tif,no
SV_Copenhagen_55.6770_12.5343.tif,Copenhagen,val,rgb/SV_Copenhagen_55.6770_12.5343.tif,dsm/SV_Copenhagen_55.6770_12.5343.tif,no
SV_Copenhagen_55.6791_12.5829.tif,Copenhagen,val,rgb/SV_Copenhagen_55.6791_12.5829.tif,dsm/SV_Copenhagen_55.6791_12.5829.tif,no
SV_Copenhagen_55.6857_12.5875.tif,Copenhagen,val,rgb/SV_Copenhagen_55.6857_12.5875.tif,dsm/SV_Copenhagen_55.6857_12.5875.tif,no
SV_Copenhagen_55.6805_12.5828.tif,Copenhagen,val,rgb/SV_Copenhagen_55.6805_12.5828.tif,dsm/SV_Copenhagen_55.6805_12.5828.tif,no
SV_Copenhagen_55.6868_12.5886.tif,Copenhagen,val,rgb/SV_Copenhagen_55.6868_12.5886.tif,dsm/SV_Copenhagen_55.6868_12.5886.tif,no
SV_Copenhagen_55.6951_12.5575.tif,Copenhagen,val,rgb/SV_Copenhagen_55.6951_12.5575.tif,dsm/SV_Copenhagen_55.6951_12.5575.tif,no
SV_Copenhagen_55.6777_12.5855.tif,Copenhagen,val,rgb/SV_Copenhagen_55.6777_12.5855.tif,dsm/SV_Copenhagen_55.6777_12.5855.tif,no
SV_Copenhagen_55.6710_12.5566.tif,Copenhagen,val,rgb/SV_Copenhagen_55.6710_12.5566.tif,dsm/SV_Copenhagen_55.6710_12.5566.tif,no
SV_Copenhagen_55.6799_12.5560.tif,Copenhagen,val,rgb/SV_Copenhagen_55.6799_12.5560.tif,dsm/SV_Copenhagen_55.6799_12.5560.tif,no
SV_Copenhagen_55.6792_12.5879.tif,Copenhagen,val,rgb/SV_Copenhagen_55.6792_12.5879.tif,dsm/SV_Copenhagen_55.6792_12.5879.tif,no
SV_Copenhagen_55.6771_12.5537.tif,Copenhagen,val,rgb/SV_Copenhagen_55.6771_12.5537.tif,dsm/SV_Copenhagen_55.6771_12.5537.tif,no
SV_Copenhagen_55.6785_12.5536.tif,Copenhagen,val,rgb/SV_Copenhagen_55.6785_12.5536.tif,dsm/SV_Copenhagen_55.6785_12.5536.tif,no
SV_Copenhagen_55.6772_12.5586.tif,Copenhagen,val,rgb/SV_Copenhagen_55.6772_12.5586.tif,dsm/SV_Copenhagen_55.6772_12.5586.tif,no
SV_Copenhagen_55.6895_12.5847.tif,Copenhagen,val,rgb/SV_Copenhagen_55.6895_12.5847.tif,dsm/SV_Copenhagen_55.6895_12.5847.tif,no
SV_Copenhagen_55.6980_12.5617.tif,Copenhagen,val,rgb/SV_Copenhagen_55.6980_12.5617.tif,dsm/SV_Copenhagen_55.6980_12.5617.tif,no
SV_Copenhagen_55.6999_12.5841.tif,Copenhagen,val,rgb/SV_Copenhagen_55.6999_12.5841.tif,dsm/SV_Copenhagen_55.6999_12.5841.tif,no
SV_Copenhagen_55.6813_12.5366.tif,Copenhagen,val,rgb/SV_Copenhagen_55.6813_12.5366.tif,dsm/SV_Copenhagen_55.6813_12.5366.tif,no
SV_Copenhagen_55.6758_12.5461.tif,Copenhagen,val,rgb/SV_Copenhagen_55.6758_12.5461.tif,dsm/SV_Copenhagen_55.6758_12.5461.tif,no
SV_Copenhagen_55.6834_12.5888.tif,Copenhagen,val,rgb/SV_Copenhagen_55.6834_12.5888.tif,dsm/SV_Copenhagen_55.6834_12.5888.tif,no
SV_Copenhagen_55.6738_12.5564.tif,Copenhagen,val,rgb/SV_Copenhagen_55.6738_12.5564.tif,dsm/SV_Copenhagen_55.6738_12.5564.tif,no
SV_Copenhagen_55.7007_12.5572.tif,Copenhagen,val,rgb/SV_Copenhagen_55.7007_12.5572.tif,dsm/SV_Copenhagen_55.7007_12.5572.tif,no
SV_Copenhagen_55.6951_12.5551.tif,Copenhagen,val,rgb/SV_Copenhagen_55.6951_12.5551.tif,dsm/SV_Copenhagen_55.6951_12.5551.tif,no
SV_Copenhagen_55.6767_12.5880.tif,Copenhagen,val,rgb/SV_Copenhagen_55.6767_12.5880.tif,dsm/SV_Copenhagen_55.6767_12.5880.tif,no
SV_Copenhagen_55.6829_12.5627.tif,Copenhagen,val,rgb/SV_Copenhagen_55.6829_12.5627.tif,dsm/SV_Copenhagen_55.6829_12.5627.tif,no
SV_Copenhagen_55.6923_12.5870.tif,Copenhagen,val,rgb/SV_Copenhagen_55.6923_12.5870.tif,dsm/SV_Copenhagen_55.6923_12.5870.tif,no
SV_Copenhagen_55.6766_12.5831.tif,Copenhagen,val,rgb/SV_Copenhagen_55.6766_12.5831.tif,dsm/SV_Copenhagen_55.6766_12.5831.tif,no
SV_Copenhagen_55.6711_12.5634.tif,Copenhagen,val,rgb/SV_Copenhagen_55.6711_12.5634.tif,dsm/SV_Copenhagen_55.6711_12.5634.tif,no
SV_Copenhagen_55.6867_12.5874.tif,Copenhagen,val,rgb/SV_Copenhagen_55.6867_12.5874.tif,dsm/SV_Copenhagen_55.6867_12.5874.tif,no
SV_Copenhagen_55.6964_12.5500.tif,Copenhagen,val,rgb/SV_Copenhagen_55.6964_12.5500.tif,dsm/SV_Copenhagen_55.6964_12.5500.tif,no
SV_Copenhagen_55.6979_12.5549.tif,Copenhagen,val,rgb/SV_Copenhagen_55.6979_12.5549.tif,dsm/SV_Copenhagen_55.6979_12.5549.tif,no
SV_Copenhagen_55.6760_12.5513.tif,Copenhagen,val,rgb/SV_Copenhagen_55.6760_12.5513.tif,dsm/SV_Copenhagen_55.6760_12.5513.tif,no
SV_Copenhagen_55.6867_12.5824.tif,Copenhagen,val,rgb/SV_Copenhagen_55.6867_12.5824.tif,dsm/SV_Copenhagen_55.6867_12.5824.tif,no
SV_Copenhagen_55.6857_12.5886.tif,Copenhagen,val,rgb/SV_Copenhagen_55.6857_12.5886.tif,dsm/SV_Copenhagen_55.6857_12.5886.tif,no
SV_Copenhagen_55.6806_12.5889.tif,Copenhagen,val,rgb/SV_Copenhagen_55.6806_12.5889.tif,dsm/SV_Copenhagen_55.6806_12.5889.tif,no
SV_Copenhagen_55.6856_12.5825.tif,Copenhagen,val,rgb/SV_Copenhagen_55.6856_12.5825.tif,dsm/SV_Copenhagen_55.6856_12.5825.tif,no
SV_Copenhagen_55.6910_12.5883.tif,Copenhagen,val,rgb/SV_Copenhagen_55.6910_12.5883.tif,dsm/SV_Copenhagen_55.6910_12.5883.tif,no
SV_Copenhagen_55.6786_12.5586.tif,Copenhagen,val,rgb/SV_Copenhagen_55.6786_12.5586.tif,dsm/SV_Copenhagen_55.6786_12.5586.tif,no
SV_Copenhagen_55.6985_12.5878.tif,Copenhagen,val,rgb/SV_Copenhagen_55.6985_12.5878.tif,dsm/SV_Copenhagen_55.6985_12.5878.tif,no
SV_Copenhagen_55.7014_12.5877.tif,Copenhagen,val,rgb/SV_Copenhagen_55.7014_12.5877.tif,dsm/SV_Copenhagen_55.7014_12.5877.tif,no
SV_Copenhagen_55.6786_12.5459.tif,Copenhagen,val,rgb/SV_Copenhagen_55.6786_12.5459.tif,dsm/SV_Copenhagen_55.6786_12.5459.tif,no
SV_Copenhagen_55.6785_12.5411.tif,Copenhagen,val,rgb/SV_Copenhagen_55.6785_12.5411.tif,dsm/SV_Copenhagen_55.6785_12.5411.tif,no
SV_Copenhagen_55.6819_12.5852.tif,Copenhagen,val,rgb/SV_Copenhagen_55.6819_12.5852.tif,dsm/SV_Copenhagen_55.6819_12.5852.tif,no
SV_Copenhagen_55.6985_12.5842.tif,Copenhagen,val,rgb/SV_Copenhagen_55.6985_12.5842.tif,dsm/SV_Copenhagen_55.6985_12.5842.tif,no
SV_Copenhagen_55.6895_12.5823.tif,Copenhagen,val,rgb/SV_Copenhagen_55.6895_12.5823.tif,dsm/SV_Copenhagen_55.6895_12.5823.tif,no
SV_Copenhagen_55.6966_12.5599.tif,Copenhagen,val,rgb/SV_Copenhagen_55.6966_12.5599.tif,dsm/SV_Copenhagen_55.6966_12.5599.tif,no
SV_Copenhagen_55.6952_12.5600.tif,Copenhagen,val,rgb/SV_Copenhagen_55.6952_12.5600.tif,dsm/SV_Copenhagen_55.6952_12.5600.tif,no
SV_Copenhagen_55.6766_12.5855.tif,Copenhagen,val,rgb/SV_Copenhagen_55.6766_12.5855.tif,dsm/SV_Copenhagen_55.6766_12.5855.tif,no
SV_Copenhagen_55.6923_12.5846.tif,Copenhagen,val,rgb/SV_Copenhagen_55.6923_12.5846.tif,dsm/SV_Copenhagen_55.6923_12.5846.tif,no
SV_Copenhagen_55.6770_12.5319.tif,Copenhagen,val,rgb/SV_Copenhagen_55.6770_12.5319.tif,dsm/SV_Copenhagen_55.6770_12.5319.tif,no
SV_Copenhagen_55.6999_12.5866.tif,Copenhagen,val,rgb/SV_Copenhagen_55.6999_12.5866.tif,dsm/SV_Copenhagen_55.6999_12.5866.tif,no
SV_Copenhagen_55.6993_12.5548.tif,Copenhagen,val,rgb/SV_Copenhagen_55.6993_12.5548.tif,dsm/SV_Copenhagen_55.6993_12.5548.tif,no
SV_Copenhagen_55.6964_12.5525.tif,Copenhagen,val,rgb/SV_Copenhagen_55.6964_12.5525.tif,dsm/SV_Copenhagen_55.6964_12.5525.tif,no
SV_Copenhagen_55.6965_12.5574.tif,Copenhagen,val,rgb/SV_Copenhagen_55.6965_12.5574.tif,dsm/SV_Copenhagen_55.6965_12.5574.tif,no
SV_Copenhagen_55.6723_12.5515.tif,Copenhagen,val,rgb/SV_Copenhagen_55.6723_12.5515.tif,dsm/SV_Copenhagen_55.6723_12.5515.tif,no
SV_Copenhagen_55.6978_12.5524.tif,Copenhagen,val,rgb/SV_Copenhagen_55.6978_12.5524.tif,dsm/SV_Copenhagen_55.6978_12.5524.tif,no
SV_Copenhagen_55.6833_12.5851.tif,Copenhagen,val,rgb/SV_Copenhagen_55.6833_12.5851.tif,dsm/SV_Copenhagen_55.6833_12.5851.tif,no
SV_Copenhagen_55.6711_12.5615.tif,Copenhagen,val,rgb/SV_Copenhagen_55.6711_12.5615.tif,dsm/SV_Copenhagen_55.6711_12.5615.tif,no
SV_Copenhagen_55.6725_12.5633.tif,Copenhagen,val,rgb/SV_Copenhagen_55.6725_12.5633.tif,dsm/SV_Copenhagen_55.6725_12.5633.tif,no
SV_Copenhagen_55.6896_12.5884.tif,Copenhagen,val,rgb/SV_Copenhagen_55.6896_12.5884.tif,dsm/SV_Copenhagen_55.6896_12.5884.tif,no
SV_Copenhagen_55.6895_12.5872.tif,Copenhagen,val,rgb/SV_Copenhagen_55.6895_12.5872.tif,dsm/SV_Copenhagen_55.6895_12.5872.tif,no
SV_Copenhagen_55.6940_12.5526.tif,Copenhagen,val,rgb/SV_Copenhagen_55.6940_12.5526.tif,dsm/SV_Copenhagen_55.6940_12.5526.tif,no
SV_Copenhagen_55.6819_12.5827.tif,Copenhagen,val,rgb/SV_Copenhagen_55.6819_12.5827.tif,dsm/SV_Copenhagen_55.6819_12.5827.tif,no
SV_Copenhagen_55.6942_12.5620.tif,Copenhagen,val,rgb/SV_Copenhagen_55.6942_12.5620.tif,dsm/SV_Copenhagen_55.6942_12.5620.tif,no
SV_Copenhagen_55.6813_12.5390.tif,Copenhagen,val,rgb/SV_Copenhagen_55.6813_12.5390.tif,dsm/SV_Copenhagen_55.6813_12.5390.tif,no
SV_Copenhagen_55.6941_12.5576.tif,Copenhagen,val,rgb/SV_Copenhagen_55.6941_12.5576.tif,dsm/SV_Copenhagen_55.6941_12.5576.tif,no
SV_Copenhagen_55.6980_12.5598.tif,Copenhagen,val,rgb/SV_Copenhagen_55.6980_12.5598.tif,dsm/SV_Copenhagen_55.6980_12.5598.tif,no
SV_Copenhagen_55.6755_12.5295.tif,Copenhagen,val,rgb/SV_Copenhagen_55.6755_12.5295.tif,dsm/SV_Copenhagen_55.6755_12.5295.tif,no
SV_Copenhagen_55.6993_12.5573.tif,Copenhagen,val,rgb/SV_Copenhagen_55.6993_12.5573.tif,dsm/SV_Copenhagen_55.6993_12.5573.tif,no
SV_Copenhagen_55.6940_12.5551.tif,Copenhagen,val,rgb/SV_Copenhagen_55.6940_12.5551.tif,dsm/SV_Copenhagen_55.6940_12.5551.tif,no
SV_Copenhagen_55.6783_12.5293.tif,Copenhagen,val,rgb/SV_Copenhagen_55.6783_12.5293.tif,dsm/SV_Copenhagen_55.6783_12.5293.tif,no
SV_Copenhagen_55.7008_12.5597.tif,Copenhagen,val,rgb/SV_Copenhagen_55.7008_12.5597.tif,dsm/SV_Copenhagen_55.7008_12.5597.tif,no
SV_Copenhagen_55.6748_12.5462.tif,Copenhagen,val,rgb/SV_Copenhagen_55.6748_12.5462.tif,dsm/SV_Copenhagen_55.6748_12.5462.tif,no
SV_Copenhagen_55.6724_12.5565.tif,Copenhagen,val,rgb/SV_Copenhagen_55.6724_12.5565.tif,dsm/SV_Copenhagen_55.6724_12.5565.tif,no
SV_Copenhagen_55.6798_12.5342.tif,Copenhagen,val,rgb/SV_Copenhagen_55.6798_12.5342.tif,dsm/SV_Copenhagen_55.6798_12.5342.tif,no
SV_Copenhagen_55.6700_12.5616.tif,Copenhagen,val,rgb/SV_Copenhagen_55.6700_12.5616.tif,dsm/SV_Copenhagen_55.6700_12.5616.tif,no
SV_Copenhagen_55.6812_12.5510.tif,Copenhagen,val,rgb/SV_Copenhagen_55.6812_12.5510.tif,dsm/SV_Copenhagen_55.6812_12.5510.tif,no
SV_Copenhagen_55.6792_12.5890.tif,Copenhagen,val,rgb/SV_Copenhagen_55.6792_12.5890.tif,dsm/SV_Copenhagen_55.6792_12.5890.tif,no
SV_Copenhagen_55.6745_12.5320.tif,Copenhagen,val,rgb/SV_Copenhagen_55.6745_12.5320.tif,dsm/SV_Copenhagen_55.6745_12.5320.tif,no
SV_Copenhagen_55.6856_12.5850.tif,Copenhagen,val,rgb/SV_Copenhagen_55.6856_12.5850.tif,dsm/SV_Copenhagen_55.6856_12.5850.tif,no
SV_Copenhagen_55.6946_12.5869.tif,Copenhagen,val,rgb/SV_Copenhagen_55.6946_12.5869.tif,dsm/SV_Copenhagen_55.6946_12.5869.tif,no
SV_Copenhagen_55.6813_12.5409.tif,Copenhagen,val,rgb/SV_Copenhagen_55.6813_12.5409.tif,dsm/SV_Copenhagen_55.6813_12.5409.tif,no
SV_Copenhagen_55.6745_12.5345.tif,Copenhagen,val,rgb/SV_Copenhagen_55.6745_12.5345.tif,dsm/SV_Copenhagen_55.6745_12.5345.tif,no
SV_Copenhagen_55.7013_12.5840.tif,Copenhagen,val,rgb/SV_Copenhagen_55.7013_12.5840.tif,dsm/SV_Copenhagen_55.7013_12.5840.tif,no
SV_Copenhagen_55.6767_12.5892.tif,Copenhagen,val,rgb/SV_Copenhagen_55.6767_12.5892.tif,dsm/SV_Copenhagen_55.6767_12.5892.tif,no
SV_Copenhagen_55.6701_12.5635.tif,Copenhagen,val,rgb/SV_Copenhagen_55.6701_12.5635.tif,dsm/SV_Copenhagen_55.6701_12.5635.tif,no
SV_Copenhagen_55.6827_12.5558.tif,Copenhagen,val,rgb/SV_Copenhagen_55.6827_12.5558.tif,dsm/SV_Copenhagen_55.6827_12.5558.tif,no
SV_Copenhagen_55.6956_12.5819.tif,Copenhagen,val,rgb/SV_Copenhagen_55.6956_12.5819.tif,dsm/SV_Copenhagen_55.6956_12.5819.tif,no
SV_Copenhagen_55.6957_12.5844.tif,Copenhagen,val,rgb/SV_Copenhagen_55.6957_12.5844.tif,dsm/SV_Copenhagen_55.6957_12.5844.tif,no
SV_Copenhagen_55.6909_12.5847.tif,Copenhagen,val,rgb/SV_Copenhagen_55.6909_12.5847.tif,dsm/SV_Copenhagen_55.6909_12.5847.tif,no
SV_Copenhagen_55.6812_12.5341.tif,Copenhagen,val,rgb/SV_Copenhagen_55.6812_12.5341.tif,dsm/SV_Copenhagen_55.6812_12.5341.tif,no
SV_Copenhagen_55.6756_12.5344.tif,Copenhagen,val,rgb/SV_Copenhagen_55.6756_12.5344.tif,dsm/SV_Copenhagen_55.6756_12.5344.tif,no
SV_Copenhagen_55.6814_12.5584.tif,Copenhagen,val,rgb/SV_Copenhagen_55.6814_12.5584.tif,dsm/SV_Copenhagen_55.6814_12.5584.tif,no
SV_Copenhagen_55.6785_12.5367.tif,Copenhagen,val,rgb/SV_Copenhagen_55.6785_12.5367.tif,dsm/SV_Copenhagen_55.6785_12.5367.tif,no
SV_Copenhagen_55.6737_12.5514.tif,Copenhagen,val,rgb/SV_Copenhagen_55.6737_12.5514.tif,dsm/SV_Copenhagen_55.6737_12.5514.tif,no
SV_Copenhagen_55.6737_12.5539.tif,Copenhagen,val,rgb/SV_Copenhagen_55.6737_12.5539.tif,dsm/SV_Copenhagen_55.6737_12.5539.tif,no
SV_Copenhagen_55.6785_12.5392.tif,Copenhagen,val,rgb/SV_Copenhagen_55.6785_12.5392.tif,dsm/SV_Copenhagen_55.6785_12.5392.tif,no
SV_Copenhagen_55.6909_12.5871.tif,Copenhagen,val,rgb/SV_Copenhagen_55.6909_12.5871.tif,dsm/SV_Copenhagen_55.6909_12.5871.tif,no
SV_Copenhagen_55.6744_12.5295.tif,Copenhagen,val,rgb/SV_Copenhagen_55.6744_12.5295.tif,dsm/SV_Copenhagen_55.6744_12.5295.tif,no
SV_Copenhagen_55.6787_12.5629.tif,Copenhagen,val,rgb/SV_Copenhagen_55.6787_12.5629.tif,dsm/SV_Copenhagen_55.6787_12.5629.tif,no
SV_Copenhagen_55.6813_12.5559.tif,Copenhagen,val,rgb/SV_Copenhagen_55.6813_12.5559.tif,dsm/SV_Copenhagen_55.6813_12.5559.tif,no
SV_Copenhagen_55.6806_12.5878.tif,Copenhagen,val,rgb/SV_Copenhagen_55.6806_12.5878.tif,dsm/SV_Copenhagen_55.6806_12.5878.tif,no
SV_Copenhagen_55.6979_12.5574.tif,Copenhagen,val,rgb/SV_Copenhagen_55.6979_12.5574.tif,dsm/SV_Copenhagen_55.6979_12.5574.tif,no
SV_Copenhagen_55.6820_12.5877.tif,Copenhagen,val,rgb/SV_Copenhagen_55.6820_12.5877.tif,dsm/SV_Copenhagen_55.6820_12.5877.tif,no
SV_Copenhagen_55.6827_12.5533.tif,Copenhagen,val,rgb/SV_Copenhagen_55.6827_12.5533.tif,dsm/SV_Copenhagen_55.6827_12.5533.tif,no
SV_Copenhagen_55.6965_12.5550.tif,Copenhagen,val,rgb/SV_Copenhagen_55.6965_12.5550.tif,dsm/SV_Copenhagen_55.6965_12.5550.tif,no
SV_Copenhagen_55.6784_12.5318.tif,Copenhagen,val,rgb/SV_Copenhagen_55.6784_12.5318.tif,dsm/SV_Copenhagen_55.6784_12.5318.tif,no
SV_Copenhagen_55.6723_12.5540.tif,Copenhagen,val,rgb/SV_Copenhagen_55.6723_12.5540.tif,dsm/SV_Copenhagen_55.6723_12.5540.tif,no
SV_Copenhagen_55.6867_12.5849.tif,Copenhagen,val,rgb/SV_Copenhagen_55.6867_12.5849.tif,dsm/SV_Copenhagen_55.6867_12.5849.tif,no
SV_Copenhagen_55.6771_12.5368.tif,Copenhagen,val,rgb/SV_Copenhagen_55.6771_12.5368.tif,dsm/SV_Copenhagen_55.6771_12.5368.tif,no
SV_Copenhagen_55.6946_12.5819.tif,Copenhagen,val,rgb/SV_Copenhagen_55.6946_12.5819.tif,dsm/SV_Copenhagen_55.6946_12.5819.tif,no
SV_Copenhagen_55.6971_12.5843.tif,Copenhagen,val,rgb/SV_Copenhagen_55.6971_12.5843.tif,dsm/SV_Copenhagen_55.6971_12.5843.tif,no
SV_Copenhagen_55.6772_12.5611.tif,Copenhagen,val,rgb/SV_Copenhagen_55.6772_12.5611.tif,dsm/SV_Copenhagen_55.6772_12.5611.tif,no
SV_Copenhagen_55.6761_12.5587.tif,Copenhagen,val,rgb/SV_Copenhagen_55.6761_12.5587.tif,dsm/SV_Copenhagen_55.6761_12.5587.tif,no
SV_Copenhagen_55.6881_12.5823.tif,Copenhagen,val,rgb/SV_Copenhagen_55.6881_12.5823.tif,dsm/SV_Copenhagen_55.6881_12.5823.tif,no
SV_Copenhagen_55.6778_12.5879.tif,Copenhagen,val,rgb/SV_Copenhagen_55.6778_12.5879.tif,dsm/SV_Copenhagen_55.6778_12.5879.tif,no
SV_Copenhagen_55.6760_12.5538.tif,Copenhagen,val,rgb/SV_Copenhagen_55.6760_12.5538.tif,dsm/SV_Copenhagen_55.6760_12.5538.tif,no
SV_Copenhagen_55.6771_12.5562.tif,Copenhagen,val,rgb/SV_Copenhagen_55.6771_12.5562.tif,dsm/SV_Copenhagen_55.6771_12.5562.tif,no
SV_Copenhagen_55.7006_12.5497.tif,Copenhagen,val,rgb/SV_Copenhagen_55.7006_12.5497.tif,dsm/SV_Copenhagen_55.7006_12.5497.tif,no
SV_Copenhagen_55.6800_12.5458.tif,Copenhagen,val,rgb/SV_Copenhagen_55.6800_12.5458.tif,dsm/SV_Copenhagen_55.6800_12.5458.tif,no
SV_Copenhagen_55.6773_12.5630.tif,Copenhagen,val,rgb/SV_Copenhagen_55.6773_12.5630.tif,dsm/SV_Copenhagen_55.6773_12.5630.tif,no
SV_Copenhagen_55.6700_12.5591.tif,Copenhagen,val,rgb/SV_Copenhagen_55.6700_12.5591.tif,dsm/SV_Copenhagen_55.6700_12.5591.tif,no
SV_Copenhagen_55.6971_12.5868.tif,Copenhagen,val,rgb/SV_Copenhagen_55.6971_12.5868.tif,dsm/SV_Copenhagen_55.6971_12.5868.tif,no
SV_Copenhagen_55.6756_12.5320.tif,Copenhagen,val,rgb/SV_Copenhagen_55.6756_12.5320.tif,dsm/SV_Copenhagen_55.6756_12.5320.tif,no
SV_Copenhagen_55.7007_12.5547.tif,Copenhagen,val,rgb/SV_Copenhagen_55.7007_12.5547.tif,dsm/SV_Copenhagen_55.7007_12.5547.tif,no
SV_Copenhagen_55.6957_12.5868.tif,Copenhagen,val,rgb/SV_Copenhagen_55.6957_12.5868.tif,dsm/SV_Copenhagen_55.6957_12.5868.tif,no
SV_Copenhagen_55.6799_12.5391.tif,Copenhagen,val,rgb/SV_Copenhagen_55.6799_12.5391.tif,dsm/SV_Copenhagen_55.6799_12.5391.tif,no
SV_Copenhagen_55.6828_12.5608.tif,Copenhagen,val,rgb/SV_Copenhagen_55.6828_12.5608.tif,dsm/SV_Copenhagen_55.6828_12.5608.tif,no
SV_Copenhagen_55.6971_12.5879.tif,Copenhagen,val,rgb/SV_Copenhagen_55.6971_12.5879.tif,dsm/SV_Copenhagen_55.6971_12.5879.tif,no
SV_Copenhagen_55.6778_12.5891.tif,Copenhagen,val,rgb/SV_Copenhagen_55.6778_12.5891.tif,dsm/SV_Copenhagen_55.6778_12.5891.tif,no
SV_Copenhagen_55.6813_12.5534.tif,Copenhagen,val,rgb/SV_Copenhagen_55.6813_12.5534.tif,dsm/SV_Copenhagen_55.6813_12.5534.tif,no
SV_Copenhagen_55.6757_12.5394.tif,Copenhagen,val,rgb/SV_Copenhagen_55.6757_12.5394.tif,dsm/SV_Copenhagen_55.6757_12.5394.tif,no
SV_Copenhagen_55.6785_12.5561.tif,Copenhagen,val,rgb/SV_Copenhagen_55.6785_12.5561.tif,dsm/SV_Copenhagen_55.6785_12.5561.tif,no
SV_Copenhagen_55.6757_12.5413.tif,Copenhagen,val,rgb/SV_Copenhagen_55.6757_12.5413.tif,dsm/SV_Copenhagen_55.6757_12.5413.tif,no
SV_Copenhagen_55.6994_12.5617.tif,Copenhagen,val,rgb/SV_Copenhagen_55.6994_12.5617.tif,dsm/SV_Copenhagen_55.6994_12.5617.tif,no
SV_Copenhagen_55.6777_12.5830.tif,Copenhagen,val,rgb/SV_Copenhagen_55.6777_12.5830.tif,dsm/SV_Copenhagen_55.6777_12.5830.tif,no
SV_Copenhagen_55.6771_12.5412.tif,Copenhagen,val,rgb/SV_Copenhagen_55.6771_12.5412.tif,dsm/SV_Copenhagen_55.6771_12.5412.tif,no
SV_Copenhagen_55.6757_12.5369.tif,Copenhagen,val,rgb/SV_Copenhagen_55.6757_12.5369.tif,dsm/SV_Copenhagen_55.6757_12.5369.tif,no
SV_Copenhagen_55.6826_12.5509.tif,Copenhagen,val,rgb/SV_Copenhagen_55.6826_12.5509.tif,dsm/SV_Copenhagen_55.6826_12.5509.tif,no
SV_Copenhagen_55.6709_12.5541.tif,Copenhagen,val,rgb/SV_Copenhagen_55.6709_12.5541.tif,dsm/SV_Copenhagen_55.6709_12.5541.tif,no
SV_Copenhagen_55.6924_12.5882.tif,Copenhagen,val,rgb/SV_Copenhagen_55.6924_12.5882.tif,dsm/SV_Copenhagen_55.6924_12.5882.tif,no
SV_Copenhagen_55.6798_12.5317.tif,Copenhagen,val,rgb/SV_Copenhagen_55.6798_12.5317.tif,dsm/SV_Copenhagen_55.6798_12.5317.tif,no
SV_Copenhagen_55.6772_12.5453.tif,Copenhagen,val,rgb/SV_Copenhagen_55.6772_12.5453.tif,dsm/SV_Copenhagen_55.6772_12.5453.tif,no
SV_Copenhagen_55.6786_12.5610.tif,Copenhagen,val,rgb/SV_Copenhagen_55.6786_12.5610.tif,dsm/SV_Copenhagen_55.6786_12.5610.tif,no
SV_Copenhagen_55.6771_12.5393.tif,Copenhagen,val,rgb/SV_Copenhagen_55.6771_12.5393.tif,dsm/SV_Copenhagen_55.6771_12.5393.tif,no
SV_Copenhagen_55.6698_12.5517.tif,Copenhagen,val,rgb/SV_Copenhagen_55.6698_12.5517.tif,dsm/SV_Copenhagen_55.6698_12.5517.tif,no
SV_Copenhagen_55.6952_12.5619.tif,Copenhagen,val,rgb/SV_Copenhagen_55.6952_12.5619.tif,dsm/SV_Copenhagen_55.6952_12.5619.tif,no
SV_Copenhagen_55.6699_12.5566.tif,Copenhagen,val,rgb/SV_Copenhagen_55.6699_12.5566.tif,dsm/SV_Copenhagen_55.6699_12.5566.tif,no
SV_Copenhagen_55.6784_12.5343.tif,Copenhagen,val,rgb/SV_Copenhagen_55.6784_12.5343.tif,dsm/SV_Copenhagen_55.6784_12.5343.tif,no
SV_Copenhagen_55.6966_12.5618.tif,Copenhagen,val,rgb/SV_Copenhagen_55.6966_12.5618.tif,dsm/SV_Copenhagen_55.6966_12.5618.tif,no
SV_Copenhagen_55.6811_12.5291.tif,Copenhagen,val,rgb/SV_Copenhagen_55.6811_12.5291.tif,dsm/SV_Copenhagen_55.6811_12.5291.tif,no
SV_Copenhagen_55.6814_12.5609.tif,Copenhagen,val,rgb/SV_Copenhagen_55.6814_12.5609.tif,dsm/SV_Copenhagen_55.6814_12.5609.tif,no
SV_Copenhagen_55.6881_12.5873.tif,Copenhagen,val,rgb/SV_Copenhagen_55.6881_12.5873.tif,dsm/SV_Copenhagen_55.6881_12.5873.tif,no
SV_Copenhagen_55.6814_12.5457.tif,Copenhagen,val,rgb/SV_Copenhagen_55.6814_12.5457.tif,dsm/SV_Copenhagen_55.6814_12.5457.tif,no
SV_Copenhagen_55.6985_12.5867.tif,Copenhagen,val,rgb/SV_Copenhagen_55.6985_12.5867.tif,dsm/SV_Copenhagen_55.6985_12.5867.tif,no
SV_Copenhagen_55.6761_12.5562.tif,Copenhagen,val,rgb/SV_Copenhagen_55.6761_12.5562.tif,dsm/SV_Copenhagen_55.6761_12.5562.tif,no
SV_Copenhagen_55.6978_12.5499.tif,Copenhagen,val,rgb/SV_Copenhagen_55.6978_12.5499.tif,dsm/SV_Copenhagen_55.6978_12.5499.tif,no
SV_Copenhagen_55.6799_12.5535.tif,Copenhagen,val,rgb/SV_Copenhagen_55.6799_12.5535.tif,dsm/SV_Copenhagen_55.6799_12.5535.tif,no
SV_Copenhagen_55.6882_12.5885.tif,Copenhagen,val,rgb/SV_Copenhagen_55.6882_12.5885.tif,dsm/SV_Copenhagen_55.6882_12.5885.tif,no
SV_Copenhagen_55.6941_12.5601.tif,Copenhagen,val,rgb/SV_Copenhagen_55.6941_12.5601.tif,dsm/SV_Copenhagen_55.6941_12.5601.tif,no
SV_Copenhagen_55.6746_12.5395.tif,Copenhagen,val,rgb/SV_Copenhagen_55.6746_12.5395.tif,dsm/SV_Copenhagen_55.6746_12.5395.tif,no
SV_Copenhagen_55.6992_12.5498.tif,Copenhagen,val,rgb/SV_Copenhagen_55.6992_12.5498.tif,dsm/SV_Copenhagen_55.6992_12.5498.tif,no
SV_Copenhagen_55.6834_12.5876.tif,Copenhagen,val,rgb/SV_Copenhagen_55.6834_12.5876.tif,dsm/SV_Copenhagen_55.6834_12.5876.tif,no
SV_Copenhagen_55.6709_12.5516.tif,Copenhagen,val,rgb/SV_Copenhagen_55.6709_12.5516.tif,dsm/SV_Copenhagen_55.6709_12.5516.tif,no
SV_Copenhagen_55.6994_12.5597.tif,Copenhagen,val,rgb/SV_Copenhagen_55.6994_12.5597.tif,dsm/SV_Copenhagen_55.6994_12.5597.tif,no
SV_Copenhagen_55.7012_12.5815.tif,Copenhagen,val,rgb/SV_Copenhagen_55.7012_12.5815.tif,dsm/SV_Copenhagen_55.7012_12.5815.tif,no
SV_Copenhagen_55.6738_12.5589.tif,Copenhagen,val,rgb/SV_Copenhagen_55.6738_12.5589.tif,dsm/SV_Copenhagen_55.6738_12.5589.tif,no
SV_Copenhagen_55.6814_12.5450.tif,Copenhagen,val,rgb/SV_Copenhagen_55.6814_12.5450.tif,dsm/SV_Copenhagen_55.6814_12.5450.tif,no
SV_Copenhagen_55.6970_12.5818.tif,Copenhagen,val,rgb/SV_Copenhagen_55.6970_12.5818.tif,dsm/SV_Copenhagen_55.6970_12.5818.tif,no
SV_Copenhagen_55.6812_12.5316.tif,Copenhagen,val,rgb/SV_Copenhagen_55.6812_12.5316.tif,dsm/SV_Copenhagen_55.6812_12.5316.tif,no
SV_Copenhagen_55.6725_12.5614.tif,Copenhagen,val,rgb/SV_Copenhagen_55.6725_12.5614.tif,dsm/SV_Copenhagen_55.6725_12.5614.tif,no
SV_Copenhagen_55.6710_12.5590.tif,Copenhagen,val,rgb/SV_Copenhagen_55.6710_12.5590.tif,dsm/SV_Copenhagen_55.6710_12.5590.tif,no
SV_Copenhagen_55.6739_12.5613.tif,Copenhagen,val,rgb/SV_Copenhagen_55.6739_12.5613.tif,dsm/SV_Copenhagen_55.6739_12.5613.tif,no
SV_Copenhagen_55.7006_12.5522.tif,Copenhagen,val,rgb/SV_Copenhagen_55.7006_12.5522.tif,dsm/SV_Copenhagen_55.7006_12.5522.tif,no
SV_Copenhagen_55.6791_12.5854.tif,Copenhagen,val,rgb/SV_Copenhagen_55.6791_12.5854.tif,dsm/SV_Copenhagen_55.6791_12.5854.tif,no
SV_Copenhagen_55.6820_12.5888.tif,Copenhagen,val,rgb/SV_Copenhagen_55.6820_12.5888.tif,dsm/SV_Copenhagen_55.6820_12.5888.tif,no
SV_Copenhagen_55.7008_12.5616.tif,Copenhagen,val,rgb/SV_Copenhagen_55.7008_12.5616.tif,dsm/SV_Copenhagen_55.7008_12.5616.tif,no
SV_Copenhagen_55.6946_12.5844.tif,Copenhagen,val,rgb/SV_Copenhagen_55.6946_12.5844.tif,dsm/SV_Copenhagen_55.6946_12.5844.tif,no
SV_Copenhagen_55.6998_12.5816.tif,Copenhagen,val,rgb/SV_Copenhagen_55.6998_12.5816.tif,dsm/SV_Copenhagen_55.6998_12.5816.tif,no
SV_Copenhagen_55.6772_12.5460.tif,Copenhagen,val,rgb/SV_Copenhagen_55.6772_12.5460.tif,dsm/SV_Copenhagen_55.6772_12.5460.tif,no
SV_Copenhagen_55.6786_12.5452.tif,Copenhagen,val,rgb/SV_Copenhagen_55.6786_12.5452.tif,dsm/SV_Copenhagen_55.6786_12.5452.tif,no
SV_NewYork_40.7373_-74.0034.tif,NewYork,test,rgb/SV_NewYork_40.7373_-74.0034.tif,dsm/SV_NewYork_40.7373_-74.0034.tif,no
SV_NewYork_40.7372_-73.9901.tif,NewYork,test,rgb/SV_NewYork_40.7372_-73.9901.tif,dsm/SV_NewYork_40.7372_-73.9901.tif,no
SV_NewYork_40.7374_-74.0108.tif,NewYork,test,rgb/SV_NewYork_40.7374_-74.0108.tif,dsm/SV_NewYork_40.7374_-74.0108.tif,no
SV_NewYork_40.7360_-74.0071.tif,NewYork,test,rgb/SV_NewYork_40.7360_-74.0071.tif,dsm/SV_NewYork_40.7360_-74.0071.tif,no
SV_NewYork_40.7400_-73.9852.tif,NewYork,test,rgb/SV_NewYork_40.7400_-73.9852.tif,dsm/SV_NewYork_40.7400_-73.9852.tif,no
SV_NewYork_40.7344_-73.9916.tif,NewYork,test,rgb/SV_NewYork_40.7344_-73.9916.tif,dsm/SV_NewYork_40.7344_-73.9916.tif,no
SV_NewYork_40.7345_-74.0034.tif,NewYork,test,rgb/SV_NewYork_40.7345_-74.0034.tif,dsm/SV_NewYork_40.7345_-74.0034.tif,no
SV_NewYork_40.7335_-74.0053.tif,NewYork,test,rgb/SV_NewYork_40.7335_-74.0053.tif,dsm/SV_NewYork_40.7335_-74.0053.tif,no
SV_NewYork_40.7334_-74.0020.tif,NewYork,test,rgb/SV_NewYork_40.7334_-74.0020.tif,dsm/SV_NewYork_40.7334_-74.0020.tif,no
SV_NewYork_40.7359_-74.0020.tif,NewYork,test,rgb/SV_NewYork_40.7359_-74.0020.tif,dsm/SV_NewYork_40.7359_-74.0020.tif,no
SV_NewYork_40.7333_-73.9798.tif,NewYork,test,rgb/SV_NewYork_40.7333_-73.9798.tif,dsm/SV_NewYork_40.7333_-73.9798.tif,no
SV_NewYork_40.7388_-74.0108.tif,NewYork,test,rgb/SV_NewYork_40.7388_-74.0108.tif,dsm/SV_NewYork_40.7388_-74.0108.tif,no
SV_NewYork_40.7334_-73.9990.tif,NewYork,test,rgb/SV_NewYork_40.7334_-73.9990.tif,dsm/SV_NewYork_40.7334_-73.9990.tif,no
SV_NewYork_40.7374_-74.0052.tif,NewYork,test,rgb/SV_NewYork_40.7374_-74.0052.tif,dsm/SV_NewYork_40.7374_-74.0052.tif,no
SV_NewYork_40.7386_-73.9852.tif,NewYork,test,rgb/SV_NewYork_40.7386_-73.9852.tif,dsm/SV_NewYork_40.7386_-73.9852.tif,no
SV_NewYork_40.7387_-73.9915.tif,NewYork,test,rgb/SV_NewYork_40.7387_-73.9915.tif,dsm/SV_NewYork_40.7387_-73.9915.tif,no
SV_NewYork_40.7335_-74.0108.tif,NewYork,test,rgb/SV_NewYork_40.7335_-74.0108.tif,dsm/SV_NewYork_40.7335_-74.0108.tif,no
SV_NewYork_40.7345_-73.9971.tif,NewYork,test,rgb/SV_NewYork_40.7345_-73.9971.tif,dsm/SV_NewYork_40.7345_-73.9971.tif,no
SV_NewYork_40.7359_-74.0034.tif,NewYork,test,rgb/SV_NewYork_40.7359_-74.0034.tif,dsm/SV_NewYork_40.7359_-74.0034.tif,no
SV_NewYork_40.7401_-73.9952.tif,NewYork,test,rgb/SV_NewYork_40.7401_-73.9952.tif,dsm/SV_NewYork_40.7401_-73.9952.tif,no
SV_NewYork_40.7388_-74.0089.tif,NewYork,test,rgb/SV_NewYork_40.7388_-74.0089.tif,dsm/SV_NewYork_40.7388_-74.0089.tif,no
SV_NewYork_40.7345_-73.9990.tif,NewYork,test,rgb/SV_NewYork_40.7345_-73.9990.tif,dsm/SV_NewYork_40.7345_-73.9990.tif,no
SV_NewYork_40.7402_-74.0089.tif,NewYork,test,rgb/SV_NewYork_40.7402_-74.0089.tif,dsm/SV_NewYork_40.7402_-74.0089.tif,no
SV_NewYork_40.7388_-74.0034.tif,NewYork,test,rgb/SV_NewYork_40.7388_-74.0034.tif,dsm/SV_NewYork_40.7388_-74.0034.tif,no
SV_NewYork_40.7371_-73.9783.tif,NewYork,test,rgb/SV_NewYork_40.7371_-73.9783.tif,dsm/SV_NewYork_40.7371_-73.9783.tif,no
SV_NewYork_40.7333_-73.9872.tif,NewYork,test,rgb/SV_NewYork_40.7333_-73.9872.tif,dsm/SV_NewYork_40.7333_-73.9872.tif,no
SV_NewYork_40.7400_-73.9901.tif,NewYork,test,rgb/SV_NewYork_40.7400_-73.9901.tif,dsm/SV_NewYork_40.7400_-73.9901.tif,no
SV_NewYork_40.7343_-73.9783.tif,NewYork,test,rgb/SV_NewYork_40.7343_-73.9783.tif,dsm/SV_NewYork_40.7343_-73.9783.tif,no
SV_NewYork_40.7346_-74.0053.tif,NewYork,test,rgb/SV_NewYork_40.7346_-74.0053.tif,dsm/SV_NewYork_40.7346_-74.0053.tif,no
SV_NewYork_40.7400_-73.9834.tif,NewYork,test,rgb/SV_NewYork_40.7400_-73.9834.tif,dsm/SV_NewYork_40.7400_-73.9834.tif,no
SV_NewYork_40.7374_-74.0071.tif,NewYork,test,rgb/SV_NewYork_40.7374_-74.0071.tif,dsm/SV_NewYork_40.7374_-74.0071.tif,no
SV_NewYork_40.7402_-74.0052.tif,NewYork,test,rgb/SV_NewYork_40.7402_-74.0052.tif,dsm/SV_NewYork_40.7402_-74.0052.tif,no
SV_NewYork_40.7400_-73.9797.tif,NewYork,test,rgb/SV_NewYork_40.7400_-73.9797.tif,dsm/SV_NewYork_40.7400_-73.9797.tif,no
SV_NewYork_40.7387_-73.9971.tif,NewYork,test,rgb/SV_NewYork_40.7387_-73.9971.tif,dsm/SV_NewYork_40.7387_-73.9971.tif,no
SV_NewYork_40.7402_-74.0034.tif,NewYork,test,rgb/SV_NewYork_40.7402_-74.0034.tif,dsm/SV_NewYork_40.7402_-74.0034.tif,no
SV_NewYork_40.7358_-73.9902.tif,NewYork,test,rgb/SV_NewYork_40.7358_-73.9902.tif,dsm/SV_NewYork_40.7358_-73.9902.tif,no
SV_NewYork_40.7387_-73.9934.tif,NewYork,test,rgb/SV_NewYork_40.7387_-73.9934.tif,dsm/SV_NewYork_40.7387_-73.9934.tif,no
SV_NewYork_40.7400_-73.9815.tif,NewYork,test,rgb/SV_NewYork_40.7400_-73.9815.tif,dsm/SV_NewYork_40.7400_-73.9815.tif,no
SV_NewYork_40.7343_-73.9798.tif,NewYork,test,rgb/SV_NewYork_40.7343_-73.9798.tif,dsm/SV_NewYork_40.7343_-73.9798.tif,no
SV_NewYork_40.7372_-73.9834.tif,NewYork,test,rgb/SV_NewYork_40.7372_-73.9834.tif,dsm/SV_NewYork_40.7372_-73.9834.tif,no
SV_NewYork_40.7358_-73.9816.tif,NewYork,test,rgb/SV_NewYork_40.7358_-73.9816.tif,dsm/SV_NewYork_40.7358_-73.9816.tif,no
SV_NewYork_40.7334_-73.9972.tif,NewYork,test,rgb/SV_NewYork_40.7334_-73.9972.tif,dsm/SV_NewYork_40.7334_-73.9972.tif,no
SV_NewYork_40.7344_-73.9853.tif,NewYork,test,rgb/SV_NewYork_40.7344_-73.9853.tif,dsm/SV_NewYork_40.7344_-73.9853.tif,no
SV_NewYork_40.7359_-73.9971.tif,NewYork,test,rgb/SV_NewYork_40.7359_-73.9971.tif,dsm/SV_NewYork_40.7359_-73.9971.tif,no
SV_NewYork_40.7402_-74.0071.tif,NewYork,test,rgb/SV_NewYork_40.7402_-74.0071.tif,dsm/SV_NewYork_40.7402_-74.0071.tif,no
SV_NewYork_40.7344_-73.9835.tif,NewYork,test,rgb/SV_NewYork_40.7344_-73.9835.tif,dsm/SV_NewYork_40.7344_-73.9835.tif,no
SV_NewYork_40.7385_-73.9797.tif,NewYork,test,rgb/SV_NewYork_40.7385_-73.9797.tif,dsm/SV_NewYork_40.7385_-73.9797.tif,no
SV_NewYork_40.7400_-73.9871.tif,NewYork,test,rgb/SV_NewYork_40.7400_-73.9871.tif,dsm/SV_NewYork_40.7400_-73.9871.tif,no
SV_NewYork_40.7360_-74.0053.tif,NewYork,test,rgb/SV_NewYork_40.7360_-74.0053.tif,dsm/SV_NewYork_40.7360_-74.0053.tif,no
SV_NewYork_40.7333_-73.9902.tif,NewYork,test,rgb/SV_NewYork_40.7333_-73.9902.tif,dsm/SV_NewYork_40.7333_-73.9902.tif,no
SV_NewYork_40.7335_-74.0072.tif,NewYork,test,rgb/SV_NewYork_40.7335_-74.0072.tif,dsm/SV_NewYork_40.7335_-74.0072.tif,no
SV_NewYork_40.7358_-73.9871.tif,NewYork,test,rgb/SV_NewYork_40.7358_-73.9871.tif,dsm/SV_NewYork_40.7358_-73.9871.tif,no
SV_NewYork_40.7333_-73.9853.tif,NewYork,test,rgb/SV_NewYork_40.7333_-73.9853.tif,dsm/SV_NewYork_40.7333_-73.9853.tif,no
SV_NewYork_40.7373_-73.9989.tif,NewYork,test,rgb/SV_NewYork_40.7373_-73.9989.tif,dsm/SV_NewYork_40.7373_-73.9989.tif,no
SV_NewYork_40.7372_-73.9871.tif,NewYork,test,rgb/SV_NewYork_40.7372_-73.9871.tif,dsm/SV_NewYork_40.7372_-73.9871.tif,no
SV_NewYork_40.7334_-73.9953.tif,NewYork,test,rgb/SV_NewYork_40.7334_-73.9953.tif,dsm/SV_NewYork_40.7334_-73.9953.tif,no
SV_NewYork_40.7344_-73.9902.tif,NewYork,test,rgb/SV_NewYork_40.7344_-73.9902.tif,dsm/SV_NewYork_40.7344_-73.9902.tif,no
SV_NewYork_40.7335_-74.0035.tif,NewYork,test,rgb/SV_NewYork_40.7335_-74.0035.tif,dsm/SV_NewYork_40.7335_-74.0035.tif,no
SV_NewYork_40.7372_-73.9916.tif,NewYork,test,rgb/SV_NewYork_40.7372_-73.9916.tif,dsm/SV_NewYork_40.7372_-73.9916.tif,no
SV_NewYork_40.7401_-73.9989.tif,NewYork,test,rgb/SV_NewYork_40.7401_-73.9989.tif,dsm/SV_NewYork_40.7401_-73.9989.tif,no
SV_NewYork_40.7374_-74.0089.tif,NewYork,test,rgb/SV_NewYork_40.7374_-74.0089.tif,dsm/SV_NewYork_40.7374_-74.0089.tif,no
SV_NewYork_40.7385_-73.9783.tif,NewYork,test,rgb/SV_NewYork_40.7385_-73.9783.tif,dsm/SV_NewYork_40.7385_-73.9783.tif,no
SV_NewYork_40.7358_-73.9834.tif,NewYork,test,rgb/SV_NewYork_40.7358_-73.9834.tif,dsm/SV_NewYork_40.7358_-73.9834.tif,no
SV_NewYork_40.7373_-73.9934.tif,NewYork,test,rgb/SV_NewYork_40.7373_-73.9934.tif,dsm/SV_NewYork_40.7373_-73.9934.tif,no
SV_NewYork_40.7346_-74.0108.tif,NewYork,test,rgb/SV_NewYork_40.7346_-74.0108.tif,dsm/SV_NewYork_40.7346_-74.0108.tif,no
SV_NewYork_40.7373_-73.9971.tif,NewYork,test,rgb/SV_NewYork_40.7373_-73.9971.tif,dsm/SV_NewYork_40.7373_-73.9971.tif,no
SV_NewYork_40.7359_-73.9934.tif,NewYork,test,rgb/SV_NewYork_40.7359_-73.9934.tif,dsm/SV_NewYork_40.7359_-73.9934.tif,no
SV_NewYork_40.7388_-74.0052.tif,NewYork,test,rgb/SV_NewYork_40.7388_-74.0052.tif,dsm/SV_NewYork_40.7388_-74.0052.tif,no
SV_NewYork_40.7333_-73.9835.tif,NewYork,test,rgb/SV_NewYork_40.7333_-73.9835.tif,dsm/SV_NewYork_40.7333_-73.9835.tif,no
SV_NewYork_40.7346_-74.0071.tif,NewYork,test,rgb/SV_NewYork_40.7346_-74.0071.tif,dsm/SV_NewYork_40.7346_-74.0071.tif,no
SV_NewYork_40.7359_-73.9953.tif,NewYork,test,rgb/SV_NewYork_40.7359_-73.9953.tif,dsm/SV_NewYork_40.7359_-73.9953.tif,no
SV_NewYork_40.7359_-73.9990.tif,NewYork,test,rgb/SV_NewYork_40.7359_-73.9990.tif,dsm/SV_NewYork_40.7359_-73.9990.tif,no
SV_NewYork_40.7373_-73.9953.tif,NewYork,test,rgb/SV_NewYork_40.7373_-73.9953.tif,dsm/SV_NewYork_40.7373_-73.9953.tif,no
SV_NewYork_40.7357_-73.9783.tif,NewYork,test,rgb/SV_NewYork_40.7357_-73.9783.tif,dsm/SV_NewYork_40.7357_-73.9783.tif,no
SV_NewYork_40.7357_-73.9797.tif,NewYork,test,rgb/SV_NewYork_40.7357_-73.9797.tif,dsm/SV_NewYork_40.7357_-73.9797.tif,no
SV_NewYork_40.7358_-73.9853.tif,NewYork,test,rgb/SV_NewYork_40.7358_-73.9853.tif,dsm/SV_NewYork_40.7358_-73.9853.tif,no
SV_NewYork_40.7386_-73.9815.tif,NewYork,test,rgb/SV_NewYork_40.7386_-73.9815.tif,dsm/SV_NewYork_40.7386_-73.9815.tif,no
SV_NewYork_40.7373_-74.0020.tif,NewYork,test,rgb/SV_NewYork_40.7373_-74.0020.tif,dsm/SV_NewYork_40.7373_-74.0020.tif,no
SV_NewYork_40.7387_-74.0020.tif,NewYork,test,rgb/SV_NewYork_40.7387_-74.0020.tif,dsm/SV_NewYork_40.7387_-74.0020.tif,no
SV_NewYork_40.7358_-73.9916.tif,NewYork,test,rgb/SV_NewYork_40.7358_-73.9916.tif,dsm/SV_NewYork_40.7358_-73.9916.tif,no
SV_NewYork_40.7386_-73.9834.tif,NewYork,test,rgb/SV_NewYork_40.7386_-73.9834.tif,dsm/SV_NewYork_40.7386_-73.9834.tif,no
SV_NewYork_40.7344_-73.9871.tif,NewYork,test,rgb/SV_NewYork_40.7344_-73.9871.tif,dsm/SV_NewYork_40.7344_-73.9871.tif,no
SV_NewYork_40.7345_-74.0020.tif,NewYork,test,rgb/SV_NewYork_40.7345_-74.0020.tif,dsm/SV_NewYork_40.7345_-74.0020.tif,no
SV_NewYork_40.7388_-74.0071.tif,NewYork,test,rgb/SV_NewYork_40.7388_-74.0071.tif,dsm/SV_NewYork_40.7388_-74.0071.tif,no
SV_NewYork_40.7402_-74.0107.tif,NewYork,test,rgb/SV_NewYork_40.7402_-74.0107.tif,dsm/SV_NewYork_40.7402_-74.0107.tif,no
SV_NewYork_40.7401_-73.9971.tif,NewYork,test,rgb/SV_NewYork_40.7401_-73.9971.tif,dsm/SV_NewYork_40.7401_-73.9971.tif,no
SV_NewYork_40.7387_-73.9989.tif,NewYork,test,rgb/SV_NewYork_40.7387_-73.9989.tif,dsm/SV_NewYork_40.7387_-73.9989.tif,no
SV_NewYork_40.7346_-74.0090.tif,NewYork,test,rgb/SV_NewYork_40.7346_-74.0090.tif,dsm/SV_NewYork_40.7346_-74.0090.tif,no
SV_NewYork_40.7401_-74.0019.tif,NewYork,test,rgb/SV_NewYork_40.7401_-74.0019.tif,dsm/SV_NewYork_40.7401_-74.0019.tif,no
SV_NewYork_40.7386_-73.9871.tif,NewYork,test,rgb/SV_NewYork_40.7386_-73.9871.tif,dsm/SV_NewYork_40.7386_-73.9871.tif,no
SV_NewYork_40.7386_-73.9901.tif,NewYork,test,rgb/SV_NewYork_40.7386_-73.9901.tif,dsm/SV_NewYork_40.7386_-73.9901.tif,no
SV_NewYork_40.7333_-73.9816.tif,NewYork,test,rgb/SV_NewYork_40.7333_-73.9816.tif,dsm/SV_NewYork_40.7333_-73.9816.tif,no
SV_NewYork_40.7332_-73.9784.tif,NewYork,test,rgb/SV_NewYork_40.7332_-73.9784.tif,dsm/SV_NewYork_40.7332_-73.9784.tif,no
SV_NewYork_40.7334_-73.9916.tif,NewYork,test,rgb/SV_NewYork_40.7334_-73.9916.tif,dsm/SV_NewYork_40.7334_-73.9916.tif,no
SV_NewYork_40.7372_-73.9853.tif,NewYork,test,rgb/SV_NewYork_40.7372_-73.9853.tif,dsm/SV_NewYork_40.7372_-73.9853.tif,no
SV_NewYork_40.7343_-73.9816.tif,NewYork,test,rgb/SV_NewYork_40.7343_-73.9816.tif,dsm/SV_NewYork_40.7343_-73.9816.tif,no
SV_NewYork_40.7387_-73.9952.tif,NewYork,test,rgb/SV_NewYork_40.7387_-73.9952.tif,dsm/SV_NewYork_40.7387_-73.9952.tif,no
SV_NewYork_40.7372_-73.9816.tif,NewYork,test,rgb/SV_NewYork_40.7372_-73.9816.tif,dsm/SV_NewYork_40.7372_-73.9816.tif,no
SV_NewYork_40.7399_-73.9783.tif,NewYork,test,rgb/SV_NewYork_40.7399_-73.9783.tif,dsm/SV_NewYork_40.7399_-73.9783.tif,no
SV_NewYork_40.7345_-73.9934.tif,NewYork,test,rgb/SV_NewYork_40.7345_-73.9934.tif,dsm/SV_NewYork_40.7345_-73.9934.tif,no
SV_NewYork_40.7371_-73.9797.tif,NewYork,test,rgb/SV_NewYork_40.7371_-73.9797.tif,dsm/SV_NewYork_40.7371_-73.9797.tif,no
SV_NewYork_40.7334_-73.9935.tif,NewYork,test,rgb/SV_NewYork_40.7334_-73.9935.tif,dsm/SV_NewYork_40.7334_-73.9935.tif,no
SV_NewYork_40.7401_-73.9915.tif,NewYork,test,rgb/SV_NewYork_40.7401_-73.9915.tif,dsm/SV_NewYork_40.7401_-73.9915.tif,no
SV_NewYork_40.7401_-73.9934.tif,NewYork,test,rgb/SV_NewYork_40.7401_-73.9934.tif,dsm/SV_NewYork_40.7401_-73.9934.tif,no
SV_NewYork_40.7360_-74.0108.tif,NewYork,test,rgb/SV_NewYork_40.7360_-74.0108.tif,dsm/SV_NewYork_40.7360_-74.0108.tif,no
SV_NewYork_40.7345_-73.9953.tif,NewYork,test,rgb/SV_NewYork_40.7345_-73.9953.tif,dsm/SV_NewYork_40.7345_-73.9953.tif,no
SV_NewYork_40.7360_-74.0090.tif,NewYork,test,rgb/SV_NewYork_40.7360_-74.0090.tif,dsm/SV_NewYork_40.7360_-74.0090.tif,no
SV_NewYork_40.7335_-74.0090.tif,NewYork,test,rgb/SV_NewYork_40.7335_-74.0090.tif,dsm/SV_NewYork_40.7335_-74.0090.tif,no
